--
-- PostgreSQL database dump
--

SET statement_timeout = 0;
SET lock_timeout = 0;
SET client_encoding = 'UTF8';
SET standard_conforming_strings = on;
SET check_function_bodies = false;
SET client_min_messages = warning;

--
-- Name: slammer; Type: SCHEMA; Schema: -; Owner: slammer
--

CREATE SCHEMA "slammer";


ALTER SCHEMA "slammer" OWNER TO "slammer";

--
-- Name: plpgsql; Type: EXTENSION; Schema: -; Owner: 
--

CREATE EXTENSION IF NOT EXISTS "plpgsql" WITH SCHEMA "pg_catalog";


--
-- Name: EXTENSION "plpgsql"; Type: COMMENT; Schema: -; Owner: 
--

COMMENT ON EXTENSION "plpgsql" IS 'PL/pgSQL procedural language';


SET search_path = "slammer", pg_catalog;

--
-- Name: updated_on_timestamp(); Type: FUNCTION; Schema: slammer; Owner: slammer
--

CREATE FUNCTION "updated_on_timestamp"() RETURNS "trigger"
    LANGUAGE "plpgsql"
    AS $$
BEGIN
    NEW.updated_on = CURRENT_TIMESTAMP;
    RETURN NEW;
END;
$$;


ALTER FUNCTION "slammer"."updated_on_timestamp"() OWNER TO "slammer";

SET default_tablespace = '';

SET default_with_oids = false;

--
-- Name: council; Type: TABLE; Schema: slammer; Owner: slammer; Tablespace: 
--

CREATE TABLE "council" (
    "id" integer NOT NULL,
    "title" "text" NOT NULL,
    "logo_url" "text",
    "created_on" timestamp with time zone DEFAULT "now"() NOT NULL,
    "updated_on" timestamp with time zone,
    "area_name" "text"
);


ALTER TABLE "council" OWNER TO "slammer";

--
-- Name: council_id_seq; Type: SEQUENCE; Schema: slammer; Owner: slammer
--

CREATE SEQUENCE "council_id_seq"
    START WITH 1
    INCREMENT BY 1
    NO MINVALUE
    NO MAXVALUE
    CACHE 1;


ALTER TABLE "council_id_seq" OWNER TO "slammer";

--
-- Name: council_id_seq; Type: SEQUENCE OWNED BY; Schema: slammer; Owner: slammer
--

ALTER SEQUENCE "council_id_seq" OWNED BY "council"."id";


--
-- Name: issue_list; Type: TABLE; Schema: slammer; Owner: slammer; Tablespace: 
--

CREATE TABLE "issue_list" (
    "id" integer NOT NULL,
    "council_id" integer NOT NULL,
    "text" "text" NOT NULL,
    "order_id" integer DEFAULT 0 NOT NULL,
    "status" boolean DEFAULT true NOT NULL,
    "email" "text"
);


ALTER TABLE "issue_list" OWNER TO "slammer";

--
-- Name: issue_list_id_seq; Type: SEQUENCE; Schema: slammer; Owner: slammer
--

CREATE SEQUENCE "issue_list_id_seq"
    START WITH 1
    INCREMENT BY 1
    NO MINVALUE
    NO MAXVALUE
    CACHE 1;


ALTER TABLE "issue_list_id_seq" OWNER TO "slammer";

--
-- Name: issue_list_id_seq; Type: SEQUENCE OWNED BY; Schema: slammer; Owner: slammer
--

ALTER SEQUENCE "issue_list_id_seq" OWNED BY "issue_list"."id";


--
-- Name: issues; Type: TABLE; Schema: slammer; Owner: slammer; Tablespace: 
--

CREATE TABLE "issues" (
    "id" integer NOT NULL,
    "council_id" integer NOT NULL,
    "reason" "text" NOT NULL,
    "description" "text",
    "priority" "text" NOT NULL,
    "station_id" integer NOT NULL,
    "created_on" timestamp with time zone DEFAULT "now"() NOT NULL,
    "resolution" "text",
    "status" boolean DEFAULT false NOT NULL
);


ALTER TABLE "issues" OWNER TO "slammer";

--
-- Name: issues_id_seq; Type: SEQUENCE; Schema: slammer; Owner: slammer
--

CREATE SEQUENCE "issues_id_seq"
    START WITH 1
    INCREMENT BY 1
    NO MINVALUE
    NO MAXVALUE
    CACHE 1;


ALTER TABLE "issues_id_seq" OWNER TO "slammer";

--
-- Name: issues_id_seq; Type: SEQUENCE OWNED BY; Schema: slammer; Owner: slammer
--

ALTER SEQUENCE "issues_id_seq" OWNED BY "issues"."id";


--
-- Name: notifications; Type: TABLE; Schema: slammer; Owner: slammer; Tablespace: 
--

CREATE TABLE "notifications" (
    "id" integer NOT NULL,
    "text" "text" NOT NULL,
    "station_id" integer NOT NULL,
    "created_on" timestamp with time zone DEFAULT "now"() NOT NULL,
    "status" integer,
    "user_id" integer,
    "url" "text",
    "council_id" integer
);


ALTER TABLE "notifications" OWNER TO "slammer";

--
-- Name: notifications_id_seq; Type: SEQUENCE; Schema: slammer; Owner: slammer
--

CREATE SEQUENCE "notifications_id_seq"
    START WITH 1
    INCREMENT BY 1
    NO MINVALUE
    NO MAXVALUE
    CACHE 1;


ALTER TABLE "notifications_id_seq" OWNER TO "slammer";

--
-- Name: notifications_id_seq; Type: SEQUENCE OWNED BY; Schema: slammer; Owner: slammer
--

ALTER SEQUENCE "notifications_id_seq" OWNED BY "notifications"."id";


--
-- Name: notifications_received; Type: TABLE; Schema: slammer; Owner: slammer; Tablespace: 
--

CREATE TABLE "notifications_received" (
    "id" integer NOT NULL,
    "notification_id" integer NOT NULL,
    "station_id" integer NOT NULL,
    "user_id" integer NOT NULL,
    "status" integer
);


ALTER TABLE "notifications_received" OWNER TO "slammer";

--
-- Name: notifications_received_id_seq; Type: SEQUENCE; Schema: slammer; Owner: slammer
--

CREATE SEQUENCE "notifications_received_id_seq"
    START WITH 1
    INCREMENT BY 1
    NO MINVALUE
    NO MAXVALUE
    CACHE 1;


ALTER TABLE "notifications_received_id_seq" OWNER TO "slammer";

--
-- Name: notifications_received_id_seq; Type: SEQUENCE OWNED BY; Schema: slammer; Owner: slammer
--

ALTER SEQUENCE "notifications_received_id_seq" OWNED BY "notifications_received"."id";


--
-- Name: polling_district; Type: TABLE; Schema: slammer; Owner: slammer; Tablespace: 
--

CREATE TABLE "polling_district" (
    "id" integer NOT NULL,
    "name" "text" NOT NULL,
    "polling_ward_id" integer NOT NULL,
    "created_on" timestamp with time zone DEFAULT "now"() NOT NULL,
    "updated_on" timestamp with time zone
);


ALTER TABLE "polling_district" OWNER TO "slammer";

--
-- Name: polling_district_id_seq; Type: SEQUENCE; Schema: slammer; Owner: slammer
--

CREATE SEQUENCE "polling_district_id_seq"
    START WITH 1
    INCREMENT BY 1
    NO MINVALUE
    NO MAXVALUE
    CACHE 1;


ALTER TABLE "polling_district_id_seq" OWNER TO "slammer";

--
-- Name: polling_district_id_seq; Type: SEQUENCE OWNED BY; Schema: slammer; Owner: slammer
--

ALTER SEQUENCE "polling_district_id_seq" OWNED BY "polling_district"."id";


--
-- Name: polling_place; Type: TABLE; Schema: slammer; Owner: slammer; Tablespace: 
--

CREATE TABLE "polling_place" (
    "id" integer NOT NULL,
    "name" "text" NOT NULL,
    "polling_district_id" integer NOT NULL,
    "created_on" timestamp with time zone DEFAULT "now"() NOT NULL,
    "updated_on" timestamp with time zone
);


ALTER TABLE "polling_place" OWNER TO "slammer";

--
-- Name: polling_place_id_seq; Type: SEQUENCE; Schema: slammer; Owner: slammer
--

CREATE SEQUENCE "polling_place_id_seq"
    START WITH 1
    INCREMENT BY 1
    NO MINVALUE
    NO MAXVALUE
    CACHE 1;


ALTER TABLE "polling_place_id_seq" OWNER TO "slammer";

--
-- Name: polling_place_id_seq; Type: SEQUENCE OWNED BY; Schema: slammer; Owner: slammer
--

ALTER SEQUENCE "polling_place_id_seq" OWNED BY "polling_place"."id";


--
-- Name: polling_station; Type: TABLE; Schema: slammer; Owner: slammer; Tablespace: 
--

CREATE TABLE "polling_station" (
    "id" integer NOT NULL,
    "name" "text" NOT NULL,
    "polling_place_id" integer DEFAULT 0 NOT NULL,
    "ballot_papers_issued" integer,
    "postal_packs_received" integer,
    "ordinary_total_issued" integer,
    "ordinary_number_of_replacements" integer,
    "ordinary_cals_issued_and_not_spoilt" integer,
    "ordinary_total_unused" integer,
    "tendered_total_issued" integer,
    "tendered_total_spoilt" integer,
    "tendered_total_unused" integer,
    "dispatch_time" timestamp with time zone,
    "deliver_time" timestamp with time zone,
    "eta" time without time zone,
    "ballot_box_no" "text",
    "postal_packs_awaiting_collection" integer
);


ALTER TABLE "polling_station" OWNER TO "slammer";

--
-- Name: polling_station_id_seq; Type: SEQUENCE; Schema: slammer; Owner: slammer
--

CREATE SEQUENCE "polling_station_id_seq"
    START WITH 1
    INCREMENT BY 1
    NO MINVALUE
    NO MAXVALUE
    CACHE 1;


ALTER TABLE "polling_station_id_seq" OWNER TO "slammer";

--
-- Name: polling_station_id_seq; Type: SEQUENCE OWNED BY; Schema: slammer; Owner: slammer
--

ALTER SEQUENCE "polling_station_id_seq" OWNED BY "polling_station"."id";


--
-- Name: realm_auth; Type: TABLE; Schema: slammer; Owner: slammer; Tablespace: 
--

CREATE TABLE "realm_auth" (
    "realm" integer NOT NULL,
    "role" integer DEFAULT 0 NOT NULL,
    "updated_on" timestamp with time zone
);


ALTER TABLE "realm_auth" OWNER TO "slammer";

--
-- Name: COLUMN "realm_auth"."role"; Type: COMMENT; Schema: slammer; Owner: slammer
--

COMMENT ON COLUMN "realm_auth"."role" IS 'the default role, 0, is for an unprivilleged user';


--
-- Name: realms; Type: TABLE; Schema: slammer; Owner: slammer; Tablespace: 
--

CREATE TABLE "realms" (
    "id" integer NOT NULL,
    "name" character varying(64) NOT NULL,
    "priority" integer DEFAULT 10 NOT NULL,
    "methods" "text" DEFAULT 'GET,POST,PATCH,PUT,DELETE,HEAD,OPTIONS'::"text" NOT NULL,
    "url_patterns" "text" DEFAULT '*'::"text" NOT NULL,
    "updated_on" timestamp with time zone
);


ALTER TABLE "realms" OWNER TO "slammer";

--
-- Name: realms_id_seq; Type: SEQUENCE; Schema: slammer; Owner: slammer
--

CREATE SEQUENCE "realms_id_seq"
    START WITH 1
    INCREMENT BY 1
    NO MINVALUE
    NO MAXVALUE
    CACHE 1;


ALTER TABLE "realms_id_seq" OWNER TO "slammer";

--
-- Name: realms_id_seq; Type: SEQUENCE OWNED BY; Schema: slammer; Owner: slammer
--

ALTER SEQUENCE "realms_id_seq" OWNED BY "realms"."id";


--
-- Name: role; Type: TABLE; Schema: slammer; Owner: slammer; Tablespace: 
--

CREATE TABLE "role" (
    "id" integer NOT NULL,
    "bitmask" integer NOT NULL,
    "title" "text" NOT NULL,
    "created_on" timestamp with time zone DEFAULT "now"() NOT NULL,
    "updated_on" timestamp with time zone
);


ALTER TABLE "role" OWNER TO "slammer";

--
-- Name: role_id_seq; Type: SEQUENCE; Schema: slammer; Owner: slammer
--

CREATE SEQUENCE "role_id_seq"
    START WITH 1
    INCREMENT BY 1
    NO MINVALUE
    NO MAXVALUE
    CACHE 1;


ALTER TABLE "role_id_seq" OWNER TO "slammer";

--
-- Name: role_id_seq; Type: SEQUENCE OWNED BY; Schema: slammer; Owner: slammer
--

ALTER SEQUENCE "role_id_seq" OWNED BY "role"."id";


--
-- Name: users; Type: TABLE; Schema: slammer; Owner: slammer; Tablespace: 
--

CREATE TABLE "users" (
    "id" integer NOT NULL,
    "role_id" integer DEFAULT 1 NOT NULL,
    "council_id" integer DEFAULT 0 NOT NULL,
    "client_platform" "text",
    "client_build_number" "text",
    "login_name" "text" NOT NULL,
    "secret" "text",
    "api_key" "text",
    "encryption" character varying(16) DEFAULT 'None'::character varying,
    "uri" "text",
    "first_name" "text" DEFAULT ''::"text" NOT NULL,
    "last_name" "text" DEFAULT ''::"text" NOT NULL,
    "age" integer,
    "birthday" "text",
    "gender" "text",
    "timezone" "text" DEFAULT 'GMT'::"text",
    "locale" character varying(16) DEFAULT 'en_GB'::character varying,
    "status" integer DEFAULT 0 NOT NULL,
    "login_count" integer DEFAULT 0 NOT NULL,
    "station_id" integer DEFAULT 0 NOT NULL,
    "created_on" timestamp with time zone DEFAULT "now"() NOT NULL,
    "updated_on" timestamp with time zone
);


ALTER TABLE "users" OWNER TO "slammer";

--
-- Name: seq_id_users; Type: SEQUENCE; Schema: slammer; Owner: slammer
--

CREATE SEQUENCE "seq_id_users"
    START WITH 600000
    INCREMENT BY 1
    NO MINVALUE
    NO MAXVALUE
    CACHE 1;


ALTER TABLE "seq_id_users" OWNER TO "slammer";

--
-- Name: seq_id_users; Type: SEQUENCE OWNED BY; Schema: slammer; Owner: slammer
--

ALTER SEQUENCE "seq_id_users" OWNED BY "users"."id";


--
-- Name: sessions; Type: TABLE; Schema: slammer; Owner: slammer; Tablespace: 
--

CREATE TABLE "sessions" (
    "id" character varying(128) NOT NULL,
    "user_id" integer NOT NULL,
    "created_on" timestamp with time zone DEFAULT "now"() NOT NULL,
    "expires_on" timestamp with time zone,
    "updated_on" timestamp with time zone,
    "origin" character varying(40),
    "agent" "text"
);


ALTER TABLE "sessions" OWNER TO "slammer";

--
-- Name: user_station; Type: TABLE; Schema: slammer; Owner: slammer; Tablespace: 
--

CREATE TABLE "user_station" (
    "id" integer NOT NULL,
    "user_id" integer NOT NULL,
    "station_id" integer NOT NULL,
    "created_on" timestamp with time zone DEFAULT "now"() NOT NULL,
    "updated_on" timestamp with time zone
);


ALTER TABLE "user_station" OWNER TO "slammer";

--
-- Name: ward; Type: TABLE; Schema: slammer; Owner: slammer; Tablespace: 
--

CREATE TABLE "ward" (
    "id" integer NOT NULL,
    "name" "text" NOT NULL,
    "council_id" integer NOT NULL,
    "status" integer DEFAULT 1 NOT NULL
);


ALTER TABLE "ward" OWNER TO "slammer";

--
-- Name: staff_stations; Type: VIEW; Schema: slammer; Owner: slammer
--

CREATE VIEW "staff_stations" AS
 SELECT "u"."id",
    "u"."login_name",
    "c"."title" AS "council",
    "w"."name" AS "ward_constituency",
    "pd"."name" AS "district",
    "pp"."name" AS "place",
    "ps"."name" AS "station"
   FROM "users" "u",
    "council" "c",
    "ward" "w",
    "polling_district" "pd",
    "polling_place" "pp",
    "polling_station" "ps",
    "user_station" "us"
  WHERE ((((((("u"."id" = "us"."user_id") AND ("ps"."id" = "us"."station_id")) AND ("ps"."polling_place_id" = "pp"."id")) AND ("pp"."polling_district_id" = "pd"."id")) AND ("pd"."polling_ward_id" = "w"."id")) AND ("w"."council_id" = "c"."id")) AND ("u"."role_id" = 1));


ALTER TABLE "staff_stations" OWNER TO "slammer";

--
-- Name: station_setup_list; Type: TABLE; Schema: slammer; Owner: slammer; Tablespace: 
--

CREATE TABLE "station_setup_list" (
    "id" integer NOT NULL,
    "council_id" integer NOT NULL,
    "text" "text" NOT NULL,
    "order_id" integer DEFAULT 0 NOT NULL,
    "status" boolean DEFAULT false NOT NULL
);


ALTER TABLE "station_setup_list" OWNER TO "slammer";

--
-- Name: station_setup_list_id_seq; Type: SEQUENCE; Schema: slammer; Owner: slammer
--

CREATE SEQUENCE "station_setup_list_id_seq"
    START WITH 1
    INCREMENT BY 1
    NO MINVALUE
    NO MAXVALUE
    CACHE 1;


ALTER TABLE "station_setup_list_id_seq" OWNER TO "slammer";

--
-- Name: station_setup_list_id_seq; Type: SEQUENCE OWNED BY; Schema: slammer; Owner: slammer
--

ALTER SEQUENCE "station_setup_list_id_seq" OWNED BY "station_setup_list"."id";


--
-- Name: station_setup_status; Type: TABLE; Schema: slammer; Owner: slammer; Tablespace: 
--

CREATE TABLE "station_setup_status" (
    "id" integer NOT NULL,
    "station_id" integer DEFAULT 0 NOT NULL,
    "station_setup_list_id" integer DEFAULT 0 NOT NULL,
    "status" boolean DEFAULT false NOT NULL
);


ALTER TABLE "station_setup_status" OWNER TO "slammer";

--
-- Name: station_setup_status_id_seq; Type: SEQUENCE; Schema: slammer; Owner: slammer
--

CREATE SEQUENCE "station_setup_status_id_seq"
    START WITH 1
    INCREMENT BY 1
    NO MINVALUE
    NO MAXVALUE
    CACHE 1;


ALTER TABLE "station_setup_status_id_seq" OWNER TO "slammer";

--
-- Name: station_setup_status_id_seq; Type: SEQUENCE OWNED BY; Schema: slammer; Owner: slammer
--

ALTER SEQUENCE "station_setup_status_id_seq" OWNED BY "station_setup_status"."id";


--
-- Name: tracking; Type: TABLE; Schema: slammer; Owner: slammer; Tablespace: 
--

CREATE TABLE "tracking" (
    "id" integer NOT NULL,
    "station_id" integer DEFAULT 0 NOT NULL,
    "council_id" integer NOT NULL,
    "lat" double precision DEFAULT 0 NOT NULL,
    "lng" double precision DEFAULT 0 NOT NULL,
    "status" integer DEFAULT 0 NOT NULL,
    "created_on" timestamp with time zone DEFAULT "now"() NOT NULL,
    "updated_on" timestamp with time zone
);


ALTER TABLE "tracking" OWNER TO "slammer";

--
-- Name: tracking_id_seq; Type: SEQUENCE; Schema: slammer; Owner: slammer
--

CREATE SEQUENCE "tracking_id_seq"
    START WITH 1
    INCREMENT BY 1
    NO MINVALUE
    NO MAXVALUE
    CACHE 1;


ALTER TABLE "tracking_id_seq" OWNER TO "slammer";

--
-- Name: tracking_id_seq; Type: SEQUENCE OWNED BY; Schema: slammer; Owner: slammer
--

ALTER SEQUENCE "tracking_id_seq" OWNED BY "tracking"."id";


--
-- Name: user_station_id_seq; Type: SEQUENCE; Schema: slammer; Owner: slammer
--

CREATE SEQUENCE "user_station_id_seq"
    START WITH 1
    INCREMENT BY 1
    NO MINVALUE
    NO MAXVALUE
    CACHE 1;


ALTER TABLE "user_station_id_seq" OWNER TO "slammer";

--
-- Name: user_station_id_seq; Type: SEQUENCE OWNED BY; Schema: slammer; Owner: slammer
--

ALTER SEQUENCE "user_station_id_seq" OWNED BY "user_station"."id";


--
-- Name: user_ward; Type: TABLE; Schema: slammer; Owner: slammer; Tablespace: 
--

CREATE TABLE "user_ward" (
    "id" integer NOT NULL,
    "user_id" integer NOT NULL,
    "ward_id" integer NOT NULL,
    "created_on" timestamp with time zone DEFAULT "now"() NOT NULL,
    "updated_on" timestamp with time zone
);


ALTER TABLE "user_ward" OWNER TO "slammer";

--
-- Name: user_ward_id_seq; Type: SEQUENCE; Schema: slammer; Owner: slammer
--

CREATE SEQUENCE "user_ward_id_seq"
    START WITH 1
    INCREMENT BY 1
    NO MINVALUE
    NO MAXVALUE
    CACHE 1;


ALTER TABLE "user_ward_id_seq" OWNER TO "slammer";

--
-- Name: user_ward_id_seq; Type: SEQUENCE OWNED BY; Schema: slammer; Owner: slammer
--

ALTER SEQUENCE "user_ward_id_seq" OWNED BY "user_ward"."id";


--
-- Name: ward_id_seq; Type: SEQUENCE; Schema: slammer; Owner: slammer
--

CREATE SEQUENCE "ward_id_seq"
    START WITH 1
    INCREMENT BY 1
    NO MINVALUE
    NO MAXVALUE
    CACHE 1;


ALTER TABLE "ward_id_seq" OWNER TO "slammer";

--
-- Name: ward_id_seq; Type: SEQUENCE OWNED BY; Schema: slammer; Owner: slammer
--

ALTER SEQUENCE "ward_id_seq" OWNED BY "ward"."id";


--
-- Name: id; Type: DEFAULT; Schema: slammer; Owner: slammer
--

ALTER TABLE ONLY "council" ALTER COLUMN "id" SET DEFAULT "nextval"('"council_id_seq"'::"regclass");


--
-- Name: id; Type: DEFAULT; Schema: slammer; Owner: slammer
--

ALTER TABLE ONLY "issue_list" ALTER COLUMN "id" SET DEFAULT "nextval"('"issue_list_id_seq"'::"regclass");


--
-- Name: id; Type: DEFAULT; Schema: slammer; Owner: slammer
--

ALTER TABLE ONLY "issues" ALTER COLUMN "id" SET DEFAULT "nextval"('"issues_id_seq"'::"regclass");


--
-- Name: id; Type: DEFAULT; Schema: slammer; Owner: slammer
--

ALTER TABLE ONLY "notifications" ALTER COLUMN "id" SET DEFAULT "nextval"('"notifications_id_seq"'::"regclass");


--
-- Name: id; Type: DEFAULT; Schema: slammer; Owner: slammer
--

ALTER TABLE ONLY "notifications_received" ALTER COLUMN "id" SET DEFAULT "nextval"('"notifications_received_id_seq"'::"regclass");


--
-- Name: id; Type: DEFAULT; Schema: slammer; Owner: slammer
--

ALTER TABLE ONLY "polling_district" ALTER COLUMN "id" SET DEFAULT "nextval"('"polling_district_id_seq"'::"regclass");


--
-- Name: id; Type: DEFAULT; Schema: slammer; Owner: slammer
--

ALTER TABLE ONLY "polling_place" ALTER COLUMN "id" SET DEFAULT "nextval"('"polling_place_id_seq"'::"regclass");


--
-- Name: id; Type: DEFAULT; Schema: slammer; Owner: slammer
--

ALTER TABLE ONLY "polling_station" ALTER COLUMN "id" SET DEFAULT "nextval"('"polling_station_id_seq"'::"regclass");


--
-- Name: id; Type: DEFAULT; Schema: slammer; Owner: slammer
--

ALTER TABLE ONLY "realms" ALTER COLUMN "id" SET DEFAULT "nextval"('"realms_id_seq"'::"regclass");


--
-- Name: id; Type: DEFAULT; Schema: slammer; Owner: slammer
--

ALTER TABLE ONLY "role" ALTER COLUMN "id" SET DEFAULT "nextval"('"role_id_seq"'::"regclass");


--
-- Name: id; Type: DEFAULT; Schema: slammer; Owner: slammer
--

ALTER TABLE ONLY "station_setup_list" ALTER COLUMN "id" SET DEFAULT "nextval"('"station_setup_list_id_seq"'::"regclass");


--
-- Name: id; Type: DEFAULT; Schema: slammer; Owner: slammer
--

ALTER TABLE ONLY "station_setup_status" ALTER COLUMN "id" SET DEFAULT "nextval"('"station_setup_status_id_seq"'::"regclass");


--
-- Name: id; Type: DEFAULT; Schema: slammer; Owner: slammer
--

ALTER TABLE ONLY "tracking" ALTER COLUMN "id" SET DEFAULT "nextval"('"tracking_id_seq"'::"regclass");


--
-- Name: id; Type: DEFAULT; Schema: slammer; Owner: slammer
--

ALTER TABLE ONLY "user_station" ALTER COLUMN "id" SET DEFAULT "nextval"('"user_station_id_seq"'::"regclass");


--
-- Name: id; Type: DEFAULT; Schema: slammer; Owner: slammer
--

ALTER TABLE ONLY "user_ward" ALTER COLUMN "id" SET DEFAULT "nextval"('"user_ward_id_seq"'::"regclass");


--
-- Name: id; Type: DEFAULT; Schema: slammer; Owner: slammer
--

ALTER TABLE ONLY "users" ALTER COLUMN "id" SET DEFAULT "nextval"('"seq_id_users"'::"regclass");


--
-- Name: id; Type: DEFAULT; Schema: slammer; Owner: slammer
--

ALTER TABLE ONLY "ward" ALTER COLUMN "id" SET DEFAULT "nextval"('"ward_id_seq"'::"regclass");


--
-- Data for Name: council; Type: TABLE DATA; Schema: slammer; Owner: slammer
--

COPY "council" ("id", "title", "logo_url", "created_on", "updated_on", "area_name") FROM stdin;
101	Wolverhampton City Council	http://pollingstationmanager.co.uk/img/web/wolverhampton-city-council-logo.jpg	2011-08-01 00:00:00+00	2011-08-01 00:00:00+00	Constituency
20001	East Ayrshire	http://pollingstationmanager.co.uk/img/web/modern-democracy-logo.jpg	2015-04-09 15:39:43.587025+00	\N	Constituency
30001	Halton	http://pollingstationmanager.co.uk/img/web/halton-borough-council-logo.jpg	2015-04-09 17:08:19.021395+00	\N	Constituency
10001	Aberdeen City Council	http://pollingstationmanager.co.uk/img/web/aberdeen-city-council-logo.jpg	2015-04-09 10:53:41.208174+00	\N	Constituency
1000001	Test Council	http://pollingstationmanager.co.uk/img/web/anaeko.png	2015-04-15 13:57:38+00	\N	Ward
40001	Dudley	http://pollingstationmanager.co.uk/img/web/dudley-council-logo.jpg	2015-04-25 17:26:01.302131+00	\N	Constituency
1010001	Demo Council	http://pollingstationmanager.co.uk/img/web/modern-democracy-logo.jpg	2015-06-02 13:32:25.097082+00	\N	Constituency
\.


--
-- Name: council_id_seq; Type: SEQUENCE SET; Schema: slammer; Owner: slammer
--

SELECT pg_catalog.setval('"council_id_seq"', 4, true);


--
-- Data for Name: issue_list; Type: TABLE DATA; Schema: slammer; Owner: slammer
--

COPY "issue_list" ("id", "council_id", "text", "order_id", "status", "email") FROM stdin;
11005	10001	Urgently need Officer to attend	5	t	elections@aberdeencity.gov.uk
11004	10001	Staff member is sick	4	t	elections@aberdeencity.gov.uk
11001	10001	Not all staff have turned up at polling station	1	t	elections@aberdeencity.gov.uk
11003	10001	Not enough station ballot books	3	t	elections@aberdeencity.gov.uk
11002	10001	Postal Vote Pack Handed in	2	t	elections@aberdeencity.gov.uk
11006	10001	Other	6	t	elections@aberdeencity.gov.uk
1	1	Not all staff have turned up at polling station	1	t	\N
2	1	Postal Vote Pack Handed in	2	t	\N
3	1	Not enough station ballot books	3	t	\N
4	1	Staff member is sick	4	t	\N
5	1	Urgently need Officer to attend	5	t	\N
6	1	Other	6	t	\N
21002	20001	Postal Vote Pack Handed in	2	t	electionoffice@east-ayrshire.gov.uk
21006	20001	Other	6	t	electionoffice@east-ayrshire.gov.uk
21004	20001	Staff member is sick	4	t	electionoffice@east-ayrshire.gov.uk
21001	20001	Not all staff have turned up at polling station	1	t	electionoffice@east-ayrshire.gov.uk
21003	20001	Not enough station ballot books	3	t	electionoffice@east-ayrshire.gov.uk
21005	20001	Urgently need Officer to attend	5	t	electionoffice@east-ayrshire.gov.uk
41002	40001	Postal Vote Pack Handed in	2	t	alison.malkin@dudley.gov.uk
41006	40001	Other	6	t	alison.malkin@dudley.gov.uk
41004	40001	Staff member is sick	4	t	alison.malkin@dudley.gov.uk
41001	40001	Not all staff have turned up at polling station	1	t	alison.malkin@dudley.gov.uk
41003	40001	Not enough station ballot books	3	t	alison.malkin@dudley.gov.uk
41005	40001	Urgently need Officer to attend	5	t	alison.malkin@dudley.gov.uk
1002	101	Postal Vote Pack Handed in	2	t	david.garner@wolverhampton.gov.uk
1006	101	Other	6	t	david.garner@wolverhampton.gov.uk
1005	101	Urgently need Officer to attend	5	t	david.garner@wolverhampton.gov.uk, adam.hadley@wolverhampton.gov.uk
100005	1000001	Urgently need Officer to attend	5	t	scoyle@moderndemocracy.com
100003	1000001	Not enough station ballot books	3	t	scoyle@moderndemocracy.com
100001	1000001	Not all staff have turned up at polling station	1	t	scoyle@moderndemocracy.com
100004	1000001	Staff member is sick	4	t	scoyle@moderndemocracy.com
100002	1000001	Postal Vote Pack Handed in	2	t	scoyle@moderndemocracy.com
100006	1000001	Other	6	t	scoyle@moderndemocracy.com
40005	40001	Urgently need Officer to attend	5	t	scoyle@moderndemocracy.com
40003	40001	Not enough station ballot books	3	t	scoyle@moderndemocracy.com
40001	40001	Not all staff have turned up at polling station	1	t	scoyle@moderndemocracy.com
40004	40001	Staff member is sick	4	t	scoyle@moderndemocracy.com
40002	40001	Postal Vote Pack Handed in	2	t	scoyle@moderndemocracy.com
40006	40001	Other	6	t	scoyle@moderndemocracy.com
1004	101	Staff member is sick	4	t	Jayne.Holloway@wolverhampton.gov.uk
1001	101	Not all staff have turned up at polling station	1	t	Jayne.Holloway@wolverhampton.gov.uk
1003	101	Not enough station ballot books	3	t	david.garner@wolverhampton.gov.uk
10006	10001	Other	6	f	scoyle@moderndemocracy.com
10001	10001	Not all staff have turned up at polling station	1	f	scoyle@moderndemocracy.com
10005	10001	Urgently need Officer to attend	5	f	scoyle@moderndemocracy.com
10002	10001	Postal Vote Pack Handed in	2	f	scoyle@moderndemocracy.com
20003	20001	Not enough station ballot books	3	f	scoyle@moderndemocracy.com
20006	20001	Other	6	f	scoyle@moderndemocracy.com
20001	20001	Not all staff have turned up at polling station	1	f	scoyle@moderndemocracy.com
20005	20001	Urgently need Officer to attend	5	f	scoyle@moderndemocracy.com
20002	20001	Postal Vote Pack Handed in	2	f	scoyle@moderndemocracy.com
30003	30001	Not enough station ballot books	3	f	scoyle@moderndemocracy.com
30006	30001	Other	6	f	scoyle@moderndemocracy.com
30001	30001	Not all staff have turned up at polling station	1	f	scoyle@moderndemocracy.com
30005	30001	Urgently need Officer to attend	5	f	scoyle@moderndemocracy.com
30002	30001	Postal Vote Pack Handed in	2	f	scoyle@moderndemocracy.com
103	101	Not enough station ballot books	3	f	scoyle@moderndemocracy.com
104	101	Staff member is sick	4	f	scoyle@moderndemocracy.com
101	101	Not all staff have turned up at polling station	1	f	scoyle@moderndemocracy.com
10004	10001	Staff member is sick	4	f	scoyle@moderndemocracy.com
20004	20001	Staff member is sick	4	f	scoyle@moderndemocracy.com
30004	30001	Staff member is sick	4	f	scoyle@moderndemocracy.com
102	101	Postal Vote Pack Handed in	2	f	scoyle@moderndemocracy.com
10003	10001	Not enough station ballot books	3	f	scoyle@moderndemocracy.com
106	101	Other	6	f	scoyle@moderndemocracy.com
105	101	Urgently need Officer to attend	5	f	scoyle@moderndemocracy.com
31001	30001	Not all staff have turned up at polling station	1	t	Christine.Lawley@halton.gov.uk
31002	30001	Postal Vote Pack Handed in	2	t	Christine.Lawley@halton.gov.uk
31003	30001	Not enough station ballot books	3	t	Christine.Lawley@halton.gov.uk
31004	30001	Staff member is sick	4	t	Christine.Lawley@halton.gov.uk
31005	30001	Urgently need Officer to attend	5	t	Christine.Lawley@halton.gov.uk
31006	30001	Other	6	t	Christine.Lawley@halton.gov.uk
1010001	1010001	Not all staff have turned up at polling station	1	t	scoyle@moderndemocracy.com
1010002	1010001	Postal Vote Pack Handed in	1	t	scoyle@moderndemocracy.com
1010003	1010001	Not enough station ballot books	1	t	scoyle@moderndemocracy.com
1010004	1010001	Staff member is sick	1	t	scoyle@moderndemocracy.com
1010005	1010001	Urgently need Officer to attend	1	t	scoyle@moderndemocracy.com
1010006	1010001	Other	1	t	scoyle@moderndemocracy.com
\.


--
-- Name: issue_list_id_seq; Type: SEQUENCE SET; Schema: slammer; Owner: slammer
--

SELECT pg_catalog.setval('"issue_list_id_seq"', 1, false);


--
-- Data for Name: issues; Type: TABLE DATA; Schema: slammer; Owner: slammer
--

COPY "issues" ("id", "council_id", "reason", "description", "priority", "station_id", "created_on", "resolution", "status") FROM stdin;
3	1	Not all staff have turned up at polling station	test high priority	High	5	2015-04-01 11:43:54.572774+00	\N	f
1	1	Not all staff have turned up at polling station	Colm reported this isssue	Medium	6	2015-03-31 13:00:55.327335+00	\N	f
2	1	Not all staff have turned up at polling station	test	Medium	6	2015-03-31 13:16:37.362024+00		t
4	1	Staff member is sick	Joe soap is ill	High	0	2015-04-01 12:12:52.262379+00	\N	f
5	1	Not all staff have turned up at polling station	\N	Medium	0	2015-04-01 12:13:26.214393+00	Sorted by stella	t
6	1	Issue sent by user 1 from station 2	test high priority	High	2	2015-04-03 08:14:58.031751+00	\N	f
7	1	Not all staff have turned up at polling station	\N	Medium	0	2015-04-03 09:00:07.328263+00	\N	f
190	10001	Other	polling booth leg broken, unable to stand securely	High	10085	2015-05-07 05:32:40.524874+00	Report to Mark for replacement	t
193	10001	Not all staff have turned up at polling station	one cark not arrived.	Medium	10048	2015-05-07 05:44:30.765822+00	Contacted PO1	t
196	40001	Other	one of the shelves on the polling booth cannot be connected as the holes are too big and the wrong screws have been used to hold it up. It keeps collapsing so i have taken it off.	Low	40009	2015-05-07 05:51:27.566542+00	\N	f
195	10001	Other	no otice fir voters fir booths signage	Medium	10047	2015-05-07 05:51:11.202114+00	to have delivered.	t
191	10001	Not all staff have turned up at polling station	2 short display voting papers	Medium	10058	2015-05-07 05:32:48.352244+00	Will have delivered.	t
199	10001	Other	unable to sswitch polloing station on  app - there are 4 here but only 1 listed	Medium	10061	2015-05-07 06:08:57.728908+00	login explanation	t
202	10001	Other	bell-working but front casing with button missing.	Low	10112	2015-05-07 06:16:35.97903+00	Mark informed	t
179	101	Other	Boxes for PN6 and PN7 contained only 1 Packet 9 when the Combined Ballot Box Contents list said there should be 2? I suspect there should be only 1 but thought this would be a useful test!	Low	127	2015-05-05 20:56:44.671032+00	Clarified that PN6 should have just one pack 9.	t
207	10001	Other	Polling clerk didnt arrive until 6.55am no explaination or appology for being late	Medium	10077	2015-05-07 06:23:53.433141+00	Issue recorded.	t
209	10001	Other	testing transmission from Mannofield! we are all squeezed in and voters already crossing room! Louise	Low	10109	2015-05-07 06:28:32.689365+00	explanation 2 per station	t
210	10001	Other	2 ballot papers issued for 1 ballot,the 2 were "stuck" together	Medium	10023	2015-05-07 06:29:45.273952+00	noted	t
212	10001	Other	Morning :)\n\nSinclair at Kittybrewster Primary here. We have about 10 wifi accounts here and not sure which one we can access - have not been advised.  All accounts ask only for passwords only and not user names... Any advice? \n\nPs.. its not a big issue as we do have mobile data. \n\nS	Low	10044	2015-05-07 06:32:18.460873+00	- Told to use 3g	t
211	20001	Other	po3 is looking for clarification - following notification from office today of clerical error, does form still need to be completed in book of forms?	Low	20005	2015-05-07 06:31:55.718176+00	PO advised that no need to complete the Book of Forms copy as we will deliver the form this morning.  	t
222	40001	Other	poll clerk Daniel Clark although employed by council has had to take annual leave to work election while rest of us allowed to take time off for election duties - can you check out why for him seems unjust	Low	40019	2015-05-07 07:16:11.732662+00	\N	f
223	10001	Other	No "NOTICE FOR VOTERS" signs in pack for CN0802/2	Medium	10062	2015-05-07 07:16:19.519061+00	mark to deliver	t
219	101	Other	We are located in a school hall, there are 2 tellers that are in the corridor outside the hall.... is this ok or should they be outside. Many thanks \nJo	Low	104	2015-05-07 07:10:44.385388+00	Tellers not allowed in explanation given	t
221	10001	Not all staff have turned up at polling station	any word of replacenent clerk? i thought woukd be arround 9am arrival.	Medium	10048	2015-05-07 07:15:47.022814+00	replacement organised	t
224	20001	Other	just to let you know Fiona Lees has popped in to see the team here in Mauchline :)	Low	20008	2015-05-07 07:23:29.308926+00		t
227	10001	Other	Duplicate entries - CN0806/2 - 1030 and 1031 on register - both Nixseaman,Rachel J M - voter confirmed only person in the property with that name.\n\nCN0807/1 - 21 and 22 on register - Deepak, Mallikarjuna.\n\nDoes it matter which entry is used.\n\nThanks Christine	Low	10068	2015-05-07 07:37:22.648751+00	Contact the ERO	t
229	10001	Other	require one additional large plastic Polling station sign and ties , also no booklet with how to vote translations	Low	10133	2015-05-07 07:58:38.438338+00	Mark to deliver	t
228	101	Other	Some voters have the prefix NI  but have Beckminster Church as their polling station on their polling card. We are redirecting them.	Low	107	2015-05-07 07:52:05.958033+00	Just for info	t
231	40001	Other	hourly data has been recorded twice.	Medium	40001	2015-05-07 08:04:35.567252+00	\N	f
235	10001	Not all staff have turned up at polling station	jennifer thomson not here	Medium	10048	2015-05-07 08:14:37.828467+00	Spoken to PO1	t
236	10001	Other	Plastic loop for seal is broken off ballot box, fine for today but will need replaced for future.	Low	10014	2015-05-07 08:14:51.029787+00	Noted	t
233	101	Other	Can someone call me please? Thanks	High	112	2015-05-07 08:10:27.980534+00	One additional local vote - ballot number 23550.	t
238	10001	Other	I have done the update on numbers but have entered the new total NOT the new amount - so my total is 29+21=50\nPostal packs 2+1=3\n\nI will get it correct at 10.00am!	Low	10074	2015-05-07 08:25:39.513547+00	noted	t
232	101	Other	Total votes showing as 78, but I have only input 22 first hour and 28 second hour	Low	123	2015-05-07 08:08:54.475221+00	Balance figures	t
200	30001	Not all staff have turned up at polling station	The floor of the station is getting wet from rain and is getting slippy. Any chance of amat or mop please?	High	30005	2015-05-07 06:10:13.744904+00	We will try and get something out to you.	t
215	30001	Not all staff have turned up at polling station	Please cancel lst message, the floor is wet but not slippery. Bill	Medium	30005	2015-05-07 07:00:54.952982+00		t
242	20001	Other	Just a quick note to let you know Fiona Lees has just visited.	Low	20007	2015-05-07 08:43:16.555036+00	Thanks Angela\n\nAmy	t
247	101	Other	record progress for time period 9-10am needs changing from 5 to 2	Medium	138	2015-05-07 09:06:38.206324+00	told to balance	t
249	40001	Other	have not entered a count for last hour as made a mistake entering last count this has now corrected the hourly count	Low	40013	2015-05-07 09:16:03.340071+00	\N	f
251	101	Other	Apologies, Hourly input so far only gave single figures. \nsp2\n7-8 am total number ballot papers issued 49\n8-9 am 58\n9-10 50	Medium	132	2015-05-07 09:24:28.816889+00	Balance numbers	t
271	20001	Other	20.53%	Medium	20002	2015-05-07 11:33:01.653896+00		t
64	1000001	Not all staff have turned up at polling station	Test	High	1000001	2015-04-15 14:38:42.826648+00	RL resolve	t
67	1000001	Not all staff have turned up at polling station	Test issue station 3	Medium	1000003	2015-04-16 07:38:30.212502+00	resolved	t
192	10001	Other	One of the polling booths has a broken hinge and shelf wont go down correctly. nit urgent but means that one voter space not useable at busy times and potentially unstable.\n\nregards\nlesley	Medium	10110	2015-05-07 05:39:47.698716+00	Reported to Mark for replacement	t
194	10001	Other	no notice fir voters sigbage	Medium	10049	2015-05-07 05:45:46.922545+00	Will have papers delivered.	t
204	10001	Other	Bell is not working.	Medium	10113	2015-05-07 06:19:35.350004+00	Not sure we have any replacements - can you cope without it?	t
79	1000001	Not all staff have turned up at polling station	\N	Medium	1000002	2015-04-16 10:06:57.135942+00	\N	f
68	1000001	Not enough station ballot books	Est	Low	1000003	2015-04-16 08:02:44.410103+00		t
80	1000001	Urgently need officer to attend	Urgent	High	1000003	2015-04-16 11:46:53.353266+00	\N	f
81	1000001	Other	\N	Low	1000003	2015-04-16 12:11:57.575323+00	\N	f
198	20001	Other	display poles and station number for stations 3 and 4 not provided	Medium	20005	2015-05-07 06:06:09.440328+00	Presiding Officer advised that directional poles and signs only required for those 2 stations within the gymnasium.	t
206	10001	Not all staff have turned up at polling station	Booth tables are not clipping down in the booth so not steady when leant on	Low	10117	2015-05-07 06:21:39.843987+00	replacement to be delivered	t
205	10001	Other	provided with wrong password for wifi, got now and working	Medium	10005	2015-05-07 06:21:29.603828+00		t
201	101	Other	Having problem using open station app  but please be assured we are up and running  michelle	Low	141	2015-05-07 06:16:10.708003+00	Have opened up station	t
197	101	Other	No internet	Medium	139	2015-05-07 05:54:59.336885+00	They have internet to send the message in the first place!	t
208	10001	Other	only 2 large ballot papers in pack	Medium	10052	2015-05-07 06:24:09.105728+00	explanation , 2 per station	t
213	10001	Other	No totem pole delivered. However an additional booth.	Low	10144	2015-05-07 06:36:16.762697+00	Reported to Mark	t
214	101	Other	Morning all. Just a test message..\nWe are open and raring to go!\nRagbir	Low	135	2015-05-07 06:37:51.564695+00		t
220	40001	Other	voters are going to the school automatically so therefore it maybe an idea to put a sign up at the school directing them to the community centre.	Medium	40010	2015-05-07 07:11:06.018154+00	\N	f
216	101	Other	Thanks for the message about open station. I had ticked every point except open station!	Low	127	2015-05-07 07:04:05.136924+00	Opened	t
217	101	Other	Number of ballot papers issued would not save and then counted them twice	Low	148	2015-05-07 07:07:27.218921+00	Karen will balance out figures - phone call	t
218	101	Other	Recorded number of votes for both elections in error. Total Parliamentary 17.	Low	103	2015-05-07 07:10:25.857315+00	Elaine will balance out figures - phone call	t
225	101	Other	Hourly return incorrect, pa rliamentary votes for first hour 26.	Medium	150	2015-05-07 07:33:42.982304+00	Francis will amke it balance on the app - phone call	t
226	101	Other	can we have more disabled access posters and arrows please when we get a visit. thankyou	Low	132	2015-05-07 07:36:40.704495+00	Passed on request to AH	t
230	20001	Other	asked SNP to keep away from entrance doors to allow building users to enter without being bothered. They're now out on the pavement. No problems. ☺\n(see photo)	Low	20004	2015-05-07 08:00:38.734489+00		t
234	10001	Other	do not seem to have acharger for the tablet.	Medium	10098	2015-05-07 08:10:45.727531+00	ADVISED	t
239	10001	Other	lynn forrest gas arrived.	Low	10048	2015-05-07 08:31:22.931208+00	No action required	t
241	20001	Other	hi christine cant see how to reply to your notification so sending it here - i was on the phone to ele tion officre i spoke to bill - the onky time i hsve lifted the tablet was when i sent my last count i spoke to the others and none of them have a mobile phone sitting around	Medium	20002	2015-05-07 08:36:46.920219+00		t
240	101	Other	I have accidently included local election ballot papers in the hourly figures - at present this will be overstated but will be correct as of 10am. Ajay Saini	Low	115	2015-05-07 08:32:16.358369+00	Balance figures	t
244	40001	Other	lady came in to vote but did not have  card and was not on list, she couldnt remember if she had registered or not. She may come into office to check.	Low	40006	2015-05-07 08:47:30.414848+00	\N	f
203	30001	Other	just testing it works, weve had 40 voters already  should be a busy one	Low	30001	2015-05-07 06:18:05.133272+00	Keep up the good work!!	t
237	101	Other	Recorded both parlimentary and local figures  sorry  only just realised you only want to log parlimentary  shall i put nil in next return until i catch up??	High	139	2015-05-07 08:20:13.441307+00	Catch up figures	t
243	101	Other	Richmond avenue people saying they have noot had poll cards	Low	120	2015-05-07 08:43:19.745965+00	Make note of info!	t
245	20001	Other	a jenna v gillies has srrived to vote with 2 polling cards at station6,,numbers on list 1553\n1553/2\nsays no other person of that name within property.\n\naddress 15 sycsmore way stewarton	Medium	20001	2015-05-07 08:47:57.212098+00	Hi Mark, if you just use the 1st elector number on register and then Ms Gillies to notify ERO.\n\nThanks\n\nAmy	t
246	10001	Other	I have reported to my inspector but this tablet only has one polling station on it SN1002/1. Therefore I cannot switch to other two stations or provide hourly returns for each (only combined). Also presume ballot paper returns cannot be completed unless I have all three stations? Bruce	Medium	10091	2015-05-07 08:49:05.151747+00	Spoken to PO1	t
248	10001	Other	The app. has gremlins for this PS. No of papers issued and postals collected has gone wonky. Sure no human error as the revised total was correct last time.  Other station is ok.	Low	10106	2015-05-07 09:12:07.480682+00	advised process	t
250	40001	Other	needed large A2 size sheets to  differentiate between stations i.e 5 and 6 as it was not clear to voters which tables to go to once in  the room8n	Low	40006	2015-05-07 09:24:26.78652+00	\N	f
252	101	Other	Wi fi very slow sorry	High	120	2015-05-07 09:51:53.292335+00	USE 3G!	t
253	20001	Other	External door opening - voters are struggling with the Push button to open concept. Building manager is concerned that the doors will be broken with people pushing against them. Also have voters attempting to get through into main building. Having someone in the entrance to open doors/guide voters might help. Martin Mason currently acting as "meet and greet" but is now having to leave. 😟	High	20004	2015-05-07 09:55:01.639312+00		t
255	40001	Other	just for info.The progress record asks for number of papers but doesnt say whether figures are for local or general s have used general	Low	40006	2015-05-07 10:13:23.446239+00	\N	f
274	20001	Other	station 1 - 135\nstation 2 - 101\nstation 3 - 104\nstation  4 - 121\nTotal - 461\n15% turnout	Low	20010	2015-05-07 11:40:29.691462+00		t
270	101	Other	Pda keeps freezing so has doubled up my count. Parliamentary papers issued is 224 by 12pm	Low	145	2015-05-07 11:26:31.484788+00	balance	t
258	101	Postal vote pack handed in	2 packs handed in by couple who stated they had not requested them. I have received their completed postal votes and they have asked not to have postal votes again. Elector numbersQFA292 & 293	Medium	127	2015-05-07 10:28:40.989694+00	\N	f
262	10001	Other	accidentaly sent incorrect tablet update for ballot papers issued. total number is 142 and not 272. thanks	Low	10031	2015-05-07 10:47:52.580471+00		t
260	10001	Other	couldn't find option to report status of other stations first thing this morning, only my own one.  not sure whether this will be the same for closing stations and reporting ballot paper account details?\n\nmike	Low	10087	2015-05-07 10:35:56.712169+00	Spoke to PO1	t
263	40001	Other	data recorded after 8 am is incorrect.\n\n29 papers issued between 8 and 9 total of 54\n\n39 papers issued from 9 to 10 total of 93\n\n36 papers issued from 10 to 11 total of 129	Medium	40001	2015-05-07 10:48:57.582604+00	\N	f
261	101	Other	I ve just had a young man in claiming to be a polling agent. He showed me his driving license and was wearing a party rosette but as he wasnt on my list and didnt have any other form of authorisation I have sent him away. Hope I have done the right thing?	Medium	114	2015-05-07 10:40:56.701234+00	PO agent cant go in as not on the list.	t
259	101	Other	Hi  sorry but i have submitted total votes issued  the total of parliamentary votes as at  11am was 134\n\nIs ir possible for me to clear totals and re start?   Michelle	Low	141	2015-05-07 10:29:25.940225+00	balance figures	t
264	40001	Other	nicolae cicos flat 2 harvington house parsons street on electoral role twice 171/1old address and 171/3 new address only 1 voting paper issued	Low	40016	2015-05-07 11:13:08.847991+00	\N	f
266	40001	Other	I have recorded number of electors instead of ballot papers issued.  My apologies.  Should I correct this on my next update.	Medium	40004	2015-05-07 11:15:43.592688+00	\N	f
265	10001	Other	wifi not working.\nusing mobile data as wifi not working (states "open" and allows connection but does not permit any data transfer) wouldnt allow me to log in when using wifi but fine once wifi switched off. not a problem though. thanks	Low	10029	2015-05-07 11:15:26.564477+00	No action	t
269	10001	Other	thanks stephen . I found the plug and will charge when needed.\n\nValerie	Medium	10098	2015-05-07 11:18:04.447822+00	No action	t
254	101	Other	3 postal votes received in the same hour, 1 before PSI came and 2 after. So only 1 collected at this stage but when i updated the collection button it says 3 have been collected. May need to update guidance for next time to say update collection when it actually happens rather than the end of the hour?	Low	127	2015-05-07 10:09:09.293688+00	sent advice	t
267	20001	Other	Complaint received from Cathy Jamieson's Agent re SNP vehicles sitting on car park with slogans and Saltire displayed.  Spoke to Agents concerned advising of complaint.  One vehicle had just arrived to collect SNP Agent which then left.	Low	20007	2015-05-07 11:15:44.941383+00	Vehicle with slogans has now left car park, vehicle with saltire still there. I have asked Angela to advise them to leave as they are within boundary.	t
256	101	Other	What should we do if voter places ballot paper into wrong box. I have made a record of the number in my report. Please advise	Medium	106	2015-05-07 10:24:07.799362+00	recorded number	t
275	101	Other	Could an inspector please bring a "Wet floor" sign when available please? The church don't have one to hand and we've had to improvise one but I doubt it would stand up in court! Thanks.	Medium	112	2015-05-07 11:40:57.915708+00	\N	f
273	20001	Other	high not sure where to put percentages\n\nballot box 5 - 18%\nballot box 6 - 20%\nballot box 7 - 20%\n\nhope this helps\nmark	High	20001	2015-05-07 11:39:07.959013+00		t
257	101	Other	Do i give you the numbers of all ballot papers issued or just the number of parliamentary ballot papers?	Medium	114	2015-05-07 10:25:17.595136+00	just parl	t
268	30001	Not all staff have turned up at polling station	I seem to have essed this up, Wehaven,t issuedasmany  ballot papers asshowing. currenttotal is232.	Medium	30005	2015-05-07 11:17:36.293427+00	Don't worry - as long as your ballot paper is correct!	t
272	20001	Other	18% turnout at 12 pm. Should I deduct the postal votes on the register?	Low	20008	2015-05-07 11:37:33.087896+00		t
276	40001	Other	training going on in room leading to kitchen so werent able to access kitchen at times	Medium	40006	2015-05-07 11:43:35.857587+00	\N	f
277	20001	Other	polling agent for alan brown witnessed giving out leaflets at front door of polling place and i have asked him not do so withon the boundary of the polling place.	Low	20003	2015-05-07 11:44:04.657199+00		t
278	20001	Other	percentage for station 1 -20.53%\nstation 2 - 16.84%\nstation 3 - 18.66%	Medium	20002	2015-05-07 11:48:41.951477+00		t
282	101	Other	My total is actually double the amount I have been sending to you. My fault not been adding Parlimentary to Local.\nThank you.	Low	133	2015-05-07 12:06:28.706353+00	balance	t
280	20001	Other	Percentage of voters at Muirkirk Primary School is 20.7%. Regards	Low	20009	2015-05-07 12:02:57.294213+00		t
283	101	Other	My hourly turnout on the app is all messed up for some reason. It would be pointless me continuing to fill it out on here. Paper one is correct.	Low	112	2015-05-07 12:17:28.090749+00	\N	f
284	40001	Other	step into number 5 polling station seriius trip hazrard, severalll people tripped coming in and out of hall	High	40006	2015-05-07 12:23:31.403312+00	\N	f
279	10001	Other	incorrectly entered 132 votes for last update when it was 46. the total votes should be 132.	Low	10011	2015-05-07 12:01:26.425781+00	no action needed\n	t
281	101	Other	When adding hourly turnout we have made a error and  entered figures wrong how can l rectify this	High	119	2015-05-07 12:02:57.841866+00	balance	t
285	10001	Other	just logging earlier phone call to Election Unit regarding person covered in candidate/party stickers causing a scene. i have filled in an incident report which will be in green envelope relating to DN302/2\n\nKenny Macleod	Low	10010	2015-05-07 12:36:04.087473+00	Noted	t
286	10001	Other	Postal packs - when sumitting _ stated not sent \nSent again and it doubled up the postal votes should only be 4 postal votes at 13:40	Low	10015	2015-05-07 12:47:01.764554+00	Noted	t
288	101	Other	Hardip Singh Jandu said that he had received two poll cards. One is PAA 1359, which has his full name on it and the other is PAA 1362, which  has part of his name on it.	Low	116	2015-05-07 12:50:30.368595+00	voted on correct number 1359	t
287	20001	Other	turnout is 26.3% at 13:45	Low	20004	2015-05-07 12:49:22.381186+00		t
289	20001	Other	I have been asked on a few occasions what the postal percentage is. Wld you be able to provide this information. Thanks.	Low	20010	2015-05-07 12:54:54.245396+00	Carolyn advised 81% postal turnout.\nAmy	t
295	20001	Other	can u clarify for me please, cars with scotland flags but no stickers, are they ok to come within polling place boundary?	High	20003	2015-05-07 13:16:07.701403+00	No, shouldn't be within boundary of polling place.	t
296	10001	Other	we require a certificate of employment for one of our poll clerks - will this be delivered with the next visit by the inspector?\nthanks	Medium	10029	2015-05-07 13:17:53.35227+00	Done	t
292	101	Other	I cant erase errors on the reporting tab. We have issued 235 parliamentary papers up to 2.00	Medium	114	2015-05-07 13:05:09.69133+00	all balance	t
290	101	Other	How do i corrrect the ballot papers issued please	Medium	120	2015-05-07 12:56:49.276964+00	all balance	t
293	10001	Other	Hi. The PO for 1101/2 has discovered an unissued paper in her "stuff" meaning her CNL is not C. ie. for about 20 voters she was recording the EN against the wrong ballot paper. She's back on track, but we're checking what to do with the unissued paper. Record it as spoiled?	Medium	10106	2015-05-07 13:09:38.776291+00	Agreed action with PO1	t
291	30001	Not all staff have turned up at polling station	nowissued 213.	Medium	30005	2015-05-07 13:03:05.689945+00		t
299	101	Other	Ignore my electronic parliamentary turnout submissions up until this point. I am now back on track and my current total is now correct.	Low	112	2015-05-07 13:21:10.954268+00		t
298	101	Other	Sorry, did not realise we were just counting the Parlimentary votes of which we have 140 to date.	Medium	133	2015-05-07 13:19:34.888247+00	all balance	t
294	101	Other	Actual parliamentary number now 310 at 2pm	Low	145	2015-05-07 13:13:50.542415+00	all baalnce	t
297	10001	Other	I have had 7 postal votes collected  my progress on the tablet says 8 can this be amended?\n\nmy paperwork is correct.\n\nthanks\nChristine	Low	10068	2015-05-07 13:17:59.740503+00	Done	t
300	10001	Not all staff have turned up at polling station	thank you! certificate of employment received.	Low	10029	2015-05-07 13:52:37.778296+00	None	t
303	101	Other	We now send parlimentary fighures only.\n07-08  = 30\n08-09 =20\n09-10  = 94\n10-11 = 59\n11-12 =54\n12-1 = 49\n1 - 2 = 37\nAbove are the hourly turnout for us - thanks ann	Medium	151	2015-05-07 14:02:06.623016+00	\N	f
302	10001	Other	Only one postal wallet collected. One remains. Derek Beverley PO1.	Medium	10075	2015-05-07 14:00:45.012967+00	Done	t
301	10001	Other	summerfield terrace ab245jd, where us this polling station. not on street list.?	High	10049	2015-05-07 13:56:43.972357+00	Polling staff informed	t
304	20001	Other	percentage is 25% overall	Low	20003	2015-05-07 14:04:22.131088+00		t
305	20001	Other	25.8% turnout so far	Medium	20005	2015-05-07 14:15:38.713095+00		t
306	20001	Other	Postal votes that were handed in have been picked up by Colin Graham	Low	20008	2015-05-07 15:09:01.798158+00		t
307	10001	Other	One postal pack was collected earlier from station 2. One postal pack and wallet currently awaiting collection after 10pm and not two as digital records show. Apologies...I now understand how postal vote collections work Derek Beverley PO1	Low	10076	2015-05-07 15:14:57.245729+00	done	t
308	10001	Other	Polling booth work surfaces keep popping out so that one of the four surfaces is not secured. Currently I've made it the disabled lower one. It's a bit springy to write on but ok to use to mark your ballot paper.	Low	10097	2015-05-07 15:17:18.543973+00	no action	t
310	40001	Other	E08-166 has attended to vote with her poll card. her name is showing as being removed from register. she states only her son Shaun should have been removed. can yiu check if this is a clerical error please and if she can still have a vote? tThank you.	High	40020	2015-05-07 15:48:57.375622+00	\N	f
309	20001	Other	31% at 4.30pm	Low	20003	2015-05-07 15:37:03.444341+00		t
311	10001	Other	i have checked outside. there is one l&abour campaigner present who reassures me that she has not asked. i suspect it is snp who are not here at present but will be back later and i will speak to them then. thats a shame voters being annoyed as nice atmosphere here within polling place. louise	High	10107	2015-05-07 15:54:18.142683+00		t
312	40001	Other	following on from last query lady could not wait any longer and phone was engaged so she has left the poll station.	High	40020	2015-05-07 15:57:43.548547+00	\N	f
313	10001	Other	sorry I have incorrectly reported that 2 postal packages have been collected but it should be 1	Medium	10052	2015-05-07 16:12:11.413542+00	No action required	t
314	10001	Not all staff have turned up at polling station	\N	Medium	10074	2015-05-07 16:13:52.328338+00	Checked with PO1 what issue was	t
317	10001	Other	It was a mistake sorry!	Low	10074	2015-05-07 16:20:52.452286+00	Done	t
315	10001	Other	incorrect report submitted for station 2 but will be rectified on 1800 read.  PO 1 error, apologies.  total count at 1700 hours is 294 postal votes remain the same for station 2.	Low	10086	2015-05-07 16:16:13.338908+00	PO1 spoken to	t
316	10001	Other	i have entered a wrong total number at 5pm check in regestering 100 votes too many  can i rectify please d m mcdonald	Low	10021	2015-05-07 16:17:03.994079+00	done	t
319	20001	Other	36% at 5.45pm	Low	20003	2015-05-07 16:46:31.984547+00		t
318	20001	Other	Fiona Lees has just visited.	Low	20004	2015-05-07 16:41:07.483535+00		t
320	101	Other	We've had anotther case of one  person with two poll cards. Nirmal Singh Rai had a poll card 1330 which he used to vote and we destroyed 1332, which went unused.	Low	116	2015-05-07 16:48:06.673227+00	\N	f
321	20001	Other	please ignore last progress update incorrect figure.  should read  312 ballot papers issued.	Medium	20010	2015-05-07 16:58:00.456582+00		t
326	20001	Other	49% turnout	Low	20008	2015-05-07 18:04:52.468134+00		t
325	20001	Other	44% at 7pm	Low	20003	2015-05-07 18:02:44.642647+00		t
324	20001	Other	42% turnout at station 1	Medium	20005	2015-05-07 18:00:28.136393+00		t
323	20001	Other	station 1 - 339 - 42%\nstation 2 - 308 - 39%\nstation 3 - 310 - 39%\nstation 4 - 307 - 44%\n\nTotal - 1264 - 41%	High	20010	2015-05-07 17:54:48.021619+00		t
322	20001	Other	Hi Christine. We've had 600 voters in the station so far. Regards, Lisa	Low	20009	2015-05-07 17:52:21.152079+00		t
327	101	Other	When submitting hourly turnout rates, the device temporarily lost internet connection and asked me to submit the result again. Upon doing this the app then submitted my results twice, thus throwing out my overall figures. This has now happened twice today.	Medium	112	2015-05-07 18:07:35.687312+00	balacnce	t
328	40001	Other	one lady complained two different venues needed for each station i.e. 5 and 6 in seperate places. Agree as atbusy periods turned into mahem as trying to keep tabs on everyone jusing correct station was difficult.	Medium	40006	2015-05-07 18:32:35.308482+00	\N	f
329	10001	Other	OK. Elector comes in with a postal. Says he changed his mind and re-opened it. Obviously that invalidates it, but I have it. Where should I stick it? In with spoiled?	Low	10106	2015-05-07 18:39:44.037257+00	\N	f
330	40001	Other	a tendered ballot paper was issued in error. a lady came in to vote spoilt her ballot paper but still put it in the ballot box and then got in the que and requested another but she wss marked as having already voted so a tendered paper was isssued. minutes later we realised she had herself already voted and shouldnt have had a tendered vote. due to the language barrier the confusion arose as she didnt speak english.	Medium	40010	2015-05-07 18:41:04.346526+00	\N	f
331	10001	Other	I have had to tell my polling clerk, a Chilotam Chibundu, 3 times to turn off her mobile phone. \nShe also didnt turn up today util 6.55.\nI dont think this is acceptable behaviour for a polling clerk. At times she has been rude to voter and other members of staff and I dont consider this accetable in any way\nThanks\nJoanna McRae\nPO1	Medium	10077	2015-05-07 18:49:30.425275+00	\N	f
332	20001	Other	49% at 8pm	Low	20003	2015-05-07 19:00:53.075549+00		t
333	10001	Other	janitor advising us that the equipnent  is not being uplifted tonight. can you advise as he said it has to be taken out of the gym tonight and wondering where to put it if so.	Medium	10047	2015-05-07 19:05:46.263068+00	\N	f
334	10001	Other	cs1009/1 @8pm ballot count should be 386 not 1183	Low	10102	2015-05-07 19:17:07.768929+00	\N	f
339	101	Other	Do you need to complete the details of the conversion pack if the packet is unused \n\nMany thanks\nJo	Medium	104	2015-05-07 19:50:11.780517+00	\N	f
335	10001	Other	a ballot paper that should have been put in ballot box cs1010/2 has been put in ballot box cs1010/1.\nWill make note on both ballot paper accounts	Medium	10102	2015-05-07 19:20:16.08236+00	\N	f
336	20001	Other	58% includespostal votes	Low	20007	2015-05-07 19:34:41.294634+00	\N	f
337	10001	Other	#Busiest day ever at Mannofield!!	Medium	10107	2015-05-07 19:46:53.397032+00	\N	f
338	20001	Other	Another two postal votes that were handed in have also been uplifted.  That is a total of four for station 1.	Low	20008	2015-05-07 19:49:31.512485+00	\N	f
340	10001	Other	Incorrectly entered numbers of ballot papers the total should have been 551. Sorry.	Medium	10138	2015-05-07 20:09:02.215345+00	\N	f
341	10001	Other	Issuè for ERO to address. Yellow forms filled in at both stations. Three voters attended with two poll cards each. Both Poll Cards had different Elector Numbers. Voters were allowed vote. No real issue on night but needs attention. Thanks.	Low	10076	2015-05-07 20:51:01.788636+00	\N	f
342	40001	Other	umbderella in green sack left by voter	Low	40006	2015-05-07 20:53:48.297293+00	\N	f
343	30001	Not all staff have turned up at polling station	sorry christine we have 8 postals to bring back  all come in late  joanne	Medium	30001	2015-05-07 20:58:21.885993+00	\N	f
344	10001	Other	incorrect number of postal papers listed as 22 should be 12	Low	10011	2015-05-07 21:05:50.643348+00	\N	f
345	10001	Other	device not allowing me to enter ballot paper account info so just sealing envelopes	High	10087	2015-05-07 21:12:37.529616+00	\N	f
346	20001	Other	cannot add figures to final account!	High	20008	2015-05-07 21:16:02.98491+00	\N	f
347	40001	Other	closed station 5 at 10.00p.m prompt using this I pad as time. Caretaker then told 2 people they could still vote despite me apologising to them that it wss too late . It was 10.02 when the two latecomers voted. Just bringing this to your attention as my poll clerkmentioned this was in fact against the law. TB : Presiding Officer	Medium	40006	2015-05-07 21:27:30.248914+00	\N	f
348	10001	Other	awaiting box collection. are you far away?	Medium	10109	2015-05-07 21:50:26.877799+00	\N	f
349	20001	Staff member is sick	Hhhjjjjhh jjim	High	20001	2015-05-19 14:40:42.579969+00	\N	f
350	20001	Other	test issue	High	20001	2015-05-21 13:12:32.331804+00	Test issue resolve\n	t
351	20001	Other	Yjjhhhjh	Medium	20001	2015-06-01 13:24:58.983156+00	\N	f
352	20001	Other	Hjjjbjij	High	20001	2015-06-02 09:19:08.757675+00	\N	f
353	20001	Staff member is sick	\N	High	20001	2015-06-02 13:54:13.65377+00	Ghjjkk	t
354	20001	Postal vote pack handed in	\N	Medium	20001	2015-07-06 12:06:17.498807+00	\N	f
355	20001	Staff member is sick	\N	High	20001	2015-07-08 10:19:45.083667+00	Hhhhjjjjhnjh	t
356	20001	Postal vote pack handed in	\N	Medium	20001	2015-08-19 11:01:23.374349+00	\N	f
357	20001	Not all staff have turned up at polling station	test	High	20002	2015-09-17 09:34:11.552687+00	\N	f
358	20001	Not all staff have turned up at polling station	rrfghh	High	20002	2015-09-17 11:23:33.457952+00	\N	f
359	20001	Postal vote pack handed in	ghghgjgj	Low	20002	2015-09-29 11:39:28.573738+00	\N	f
360	20001	Not enough station ballot books	Ffggggff nnnnn	High	20001	2015-10-06 15:26:52.595572+00	Dfgfgfgfgfgfgffbfbgbgbgbb	t
361	20001	Postal vote pack handed in	Jjjjjjnmm	Medium	20001	2015-10-07 12:25:27.840162+00	\N	f
362	20001	Staff member is sick	\N	High	20001	2015-10-08 12:11:58.182498+00	\N	f
363	20001	Urgently need officer to attend	\N	High	20001	2015-10-22 08:24:18.210381+00	\N	f
364	20001	Postal vote pack handed in	\N	Medium	20001	2015-10-23 11:18:39.308813+00	\N	f
365	20001	Not enough station ballot books	\N	Medium	20001	2015-11-05 09:45:40.443701+00	\N	f
366	10001	Staff member is sick	uy	High	10001	2015-11-05 11:42:27.215986+00	\N	f
368	20001	Staff member is sick	\N	Medium	20001	2015-11-10 15:14:46.853583+00		t
367	20001	Staff member is sick	ghhjjghjh	High	20001	2015-11-10 12:04:54.976024+00	replacement staff 	t
369	20001	Not enough station ballot books	Need urgently	High	20007	2015-11-16 16:45:17.662798+00	\N	f
370	20001	Staff member is sick	\N	Medium	20001	2015-11-18 11:44:36.468652+00	\N	f
371	20001	Staff member is sick	\N	High	20001	2015-11-24 10:32:12.21+00	\N	f
372	20001	Not enough station ballot books	fight	Medium	20001	2015-11-24 14:09:36.966114+00		t
373	101	Not all staff have turned up at polling station	\N	High	101	2015-11-25 11:34:10.4553+00	\N	f
374	20001	Other	test	High	20001	2015-11-26 10:50:52.370137+00	new staff member sent 	t
375	20001	Not enough station ballot books	\N	High	20001	2015-12-02 12:55:04.776076+00	\N	f
376	20001	Staff member is sick	\N	Medium	20001	2015-12-02 13:36:19.67875+00	\N	f
377	20001	Other	ghghgghgjggjhjhjhjhjh	Medium	20001	2015-12-02 13:36:33.253821+00	\N	f
378	10001	Other	Test	High	10024	2015-12-09 15:26:38.1088+00	test	t
379	10001	Not all staff have turned up at polling station	\N	Medium	10024	2015-12-09 15:27:34.996903+00	\N	f
380	10001	Not all staff have turned up at polling station	Thanks again, I was just a few days. the only way to get the best way to get the latest news, reviews, news aand 9 the best way to the top. if I had the chance of winning the auction. I have a good idea to advertise the best way to get the best way to get the best way to get the best way to get a free Gmail, so you know what to expect. if I had the same as to I was just	Medium	10024	2015-12-09 15:28:28.723497+00	\N	f
382	1000001	Not all staff have turned up at polling station	\N	Medium	1000001	2015-12-21 07:37:52.799482+00	\N	f
381	1000001	Other	\N	Medium	1000001	2015-12-17 12:30:07.210222+00	resolution	t
383	1000001	Not all staff have turned up at polling station	\N	Medium	0	2015-12-22 10:07:42.191617+00	\N	f
384	1000001	Not all staff have turned up at polling station	\N	Medium	0	2015-12-23 02:21:40.892777+00	\N	f
385	1000001	Not all staff have turned up at polling station	\N	Medium	0	2015-12-30 05:07:16.627095+00	\N	f
386	1000001	Other	\N	Medium	0	2016-01-04 06:42:52.226332+00	something	t
\.


--
-- Name: issues_id_seq; Type: SEQUENCE SET; Schema: slammer; Owner: slammer
--

SELECT pg_catalog.setval('"issues_id_seq"', 386, true);


--
-- Data for Name: notifications; Type: TABLE DATA; Schema: slammer; Owner: slammer
--

COPY "notifications" ("id", "text", "station_id", "created_on", "status", "user_id", "url", "council_id") FROM stdin;
1010	Hi, thanks for your email\n\nPN6 should have one packet 9 and PN7 should have one packet 9. Don't worry about not having two per station. Cheers	127	2015-05-06 11:09:32.188777+00	\N	9008	\N	101
1011	Emergency Proxy attached	10046	2015-05-06 13:14:25.382289+00	\N	19000	DOC_20150516093118 cn06012.PDF	10001
1012	Emergency proxy attached	10062	2015-05-06 13:15:58.17493+00	\N	19000	DOC_20150516094251 cn08021.pdf	10001
1013	Emergency Proxy attached	10081	2015-05-06 13:16:47.57483+00	\N	19000	DOC_20150516095648 ss09012.pdf	10001
1014	Emergency Proxy attached	10089	2015-05-06 13:17:54.713135+00	\N	19000	DOC_20150516101741 ss09061.pdf	10001
1015	Emergency proxy Attached	10028	2015-05-06 13:18:49.175274+00	\N	19000	DOC_20150516102257 dn04061.pdf	10001
1016	Emergency Proxy attached	10084	2015-05-06 13:19:36.706163+00	\N	19000	DOC_20150516104222 ss09032.pdf	10001
1017	Emergency proxy attached	10143	2015-05-06 13:25:11.509611+00	\N	19000	DOC_20150516122557 ss13062.pdf	10001
1018	Clerical Error notification attached	10067	2015-05-06 13:25:54.249326+00	\N	19000	DOC_20150516130205 cn08052.pdf	10001
1019	Emergency proxy attached	10008	2015-05-06 13:26:47.32477+00	\N	19000	DOC_20150516132522 dn03011.pdf	10001
1020	Emergency proxy attached	10039	2015-05-06 13:31:14.370657+00	\N	19000	DOC_20150516133719 dn05042.pdf	10001
1021	Emergency Proxy attached	10124	2015-05-06 14:29:09.801197+00	\N	19000	DOC_20150516135206 cs12042.PDF	10001
1022	Emergency Proxy Attached	10135	2015-05-06 14:29:57.021112+00	\N	19000	DOC_20150516135212 ss13012.PDF	10001
1023	Emergency Proxy Attached	10030	2015-05-06 14:30:34.165734+00	\N	19000	DOC_20150516135220 dn04071.PDF	10001
1024	Emergency proxy attached	10090	2015-05-06 14:33:15.18054+00	\N	19000	DOC_20150516140623 ss09062.PDF	10001
1025	Emergency proxy attached	10010	2015-05-06 14:34:19.266768+00	\N	19000	DOC_20150516142338 dn03022.PDF	10001
1026	Emergency Proxy attached	10010	2015-05-06 14:35:41.861974+00	\N	19000	DOC_20150516142928 dn03022.PDF	10001
1027	Hi Elizabeth\n\nCan you let Polling Station 3 (Mary McDowall) know that a clerical error has occurred for the undernoted:-\n\nStefanie Hislop, 7 Wilson Avenue, Kilmarnock E402/723/2 was not added onto the register but is eligible to vote.\n\nCan you also acknowledge receipt of this message.\n\nMany thanks\n\nChristine	20005	2015-05-06 15:31:29.992183+00	\N	29002	\N	20001
1028	Hi Allison\n\nCan you let Polling Station 2 (Wincia Dabrowski) know that a clerical error has occurred for the undernoted:-\n\nKelly Kay,16 Hamilton Avenue, Mauchline (E701/148/1) was not added to the register but is eligible to vote.\n\nAlso:-\nfor Polling Station 5 (Derek Eaglesham) an emergency proxy has come through for the undernoted:-\n\nName of Elector: Ryan O'Hanlon, 9 Loanhill Avenue, Mauchline. Elector number E703//206.\nName of Proxy: James Jackson, 63 Gordon Street, Catrine, Mauchline.\n\nCan you acknowledge receipt.\n\nmany thanks\n\nChristine	20008	2015-05-06 15:40:47.263694+00	\N	29002	\N	20001
1029	Allison\n\nAnother emergency proxy for Station 2 Wincia.\nName of Elector - Adam Tierney, 20 Donaldson Crescent, Mauchline. Elector No. E701/1007/1\nName of Proxy - James Tierney, 20 Donaldson Crescent, Mauchline\n\nThanks\n\nChristine	20008	2015-05-06 15:59:02.585179+00	\N	29002	\N	20001
1030	Emergency Proxy attached	10057	2015-05-06 16:40:07.022827+00	\N	19000	DOC_20150516162804 cn07022.PDF	10001
1031	Hi there Fiona. You've sent through an issue to us saying you have no internet - I presume you mean WI-FI coverage. Make sure to use your 3G throughout the day if there is no WI-FI. You will have enough data for the app to run. Hope this helps. Jonny Pearce	139	2015-05-07 06:12:47.049593+00	\N	9008	\N	101
1032	Hi there, you seemed to have opened up the station according to my dashboard. Keep me posted if you are having issues during the day though. Jonny	141	2015-05-07 06:28:34.741722+00	\N	9008	\N	101
1033	Morning, thanks for the photo. Presume you are open, can you click on the open station item just so we can log you as active? Thanks. Jonny #6162	127	2015-05-07 06:38:47.466173+00	\N	9008	\N	101
1034	Thanks for your message. Have a good day!	135	2015-05-07 06:50:13.154049+00	\N	9008	\N	101
1035	rita	123	2015-05-07 06:54:14.179298+00	\N	9008	\N	101
1036	Good morning colleagues\n\nThank you for letting us know that the stations are all open and up and running.\n\nLoving the photographs!!\n\nWe will contact you shortly to ask for an update on ballot papers issued, but if you have any problems please do not hesitate to contact us.\n\nChristine	0	2015-05-07 07:09:23.059238+00	\N	29002	\N	20001
1037	Please can you check that the station name at the top of your dashboard matches the name of your actual station. If it doesn't you need to log out and then log back in with your username/password. Thanks	0	2015-05-07 07:10:21.681345+00	\N	9008	\N	101
1038	Hi, Who has not turned up?	10048	2015-05-07 07:19:05.414564+00	\N	19000	\N	10001
1039	Hi, can you call me on 01902 556162. Thanks. Jonny	103	2015-05-07 07:20:26.921585+00	\N	9008	\N	101
1040	Hi, tellers are allowed outside the building, but not in the doorway or the station. Trust this helps. Jonny	104	2015-05-07 07:21:32.132579+00	\N	9008	\N	101
1041	Notification of emergency proxy attached.	10050	2015-05-07 07:29:38.932617+00	\N	19000	DOC_20150517073518 cn06041.PDF	10001
1042	Hi, I've passed on your request to an inspector for them to deliver. Cheers	132	2015-05-07 07:41:28.81689+00	\N	9008	\N	101
1043	Translations attached. Hopefully these can be visible on the tablet should you need them.	10133	2015-05-07 08:05:49.108575+00	\N	19000	SD Email 1 complete.pdf	10001
1044	Translations part 2	10133	2015-05-07 08:06:23.338125+00	\N	19000	SD Email 2 complete.pdf	10001
1045	Good morning Michael\n\nAn additional proxy voter has come in from the ERO\n\nName of Elector: Violet McGill, 15 Witchknowe Avenue, Kilmarnock.  Elector No. E501/1734\nName of Proxy: Kay Logan, 62 Samson Avenue, Kilmarnock.\n\nThe form will be delivered to you this morning.\n\nmany thanks\n\nChristine	20006	2015-05-07 08:10:21.86948+00	\N	29002	\N	20001
1046	A reminder of advice regarding Selfies;\n\nThe Electoral Commission advice is as follows:\n\nThe law relating to voters taking photos of themselves (‘selfies’) in polling stations is complex and whether an offence has been committed would depend on a number of factors, including whether the photograph was shared with others and what the photograph showed. Given the risk that someone taking a photo inside a polling station may be in breach of the law, whether intentionally or not, our advice is that you should not allow photos to be taken inside polling stations.\n\nReturning Officers should ensure that all polling station staff are aware of this guidance. We also suggested that Returning Officers consider displaying a notice inside polling stations to make clear that photography of any kind (including photos taken on mobile phones) is not permitted.	0	2015-05-07 08:17:53.677467+00	\N	19000	\N	10001
1047	Good morning Anne\n\nWe have had a telephone call from an elector complaining about staff - one being on a tablet and one being on a mobile phone.\n\nCan you let us know if there was an issue\n\nThanks\n\nChristine	20002	2015-05-07 08:26:00.745144+00	\N	29002	\N	20001
1048	hijhct	130	2015-05-07 08:27:18.425069+00	\N	9008	\N	101
1049	Hi, thanks. If you make an error inputting figures, balance it out numerically later on. Thanks	115	2015-05-07 08:41:42.926191+00	\N	9008	\N	101
1050	Hi, where possible try to balance out the number of papers you've inputted in. There is no way of deleting them from my end, so take care when entering the data. Thanks	123	2015-05-07 08:46:53.417368+00	\N	9008	\N	101
1051	Hi, yes wait until your figures catch up. Thanks	139	2015-05-07 08:49:52.364563+00	\N	9008	\N	101
1091	Hello - is everything ok? Was that blank message sent in error or is there an issue?\n\nCheers, Steven.	10074	2015-05-07 16:15:19.716456+00	\N	19001	\N	10001
1093	no problem	10021	2015-05-07 16:26:49.284743+00	\N	19001	\N	10001
1052	Thanks for the info. At this stage obviously we can't do anything, but I will make a note of the fact there is a shortage of cards. Could you give me an impression of numbers please? Is it a handful or well into double figures? Thanks	120	2015-05-07 08:52:50.337784+00	\N	9008	\N	101
1053	hi, we understand that someone who is not a registered voter at your station may be on his way to you in order to 'have a look' at your polling station. Remember who is entitled to be in a polling station. Phone for advice if needed.	10072	2015-05-07 09:05:09.462027+00	\N	19000	\N	10001
1054	Hi, can you try balance your figures until on the app please. E.g. enter 0 until you get to 5 votes issued. Thanks	138	2015-05-07 09:09:25.408061+00	\N	9008	\N	101
1055	Hello Martin. For this function you enter the amount issued / collected since the last set of figures. So the app adds that to the previous number and records a running total. Does that make a difference?	10106	2015-05-07 09:18:25.676288+00	\N	19000	\N	10001
1056	Hey sorry - not been ignoring you just had some teething problems this side with the app. we thought we had responded but apparently not. Glad everything is sorted now. Steven.	10047	2015-05-07 09:22:21.804137+00	\N	19001	\N	10001
1057	Hey - contact the ERO (phone numbers on back of handbook and in pack). They can advise which one should be used. Any problems get back to us. cheers. (Teething problems hence the delay in response - should be all fine now!)	10068	2015-05-07 09:24:10.822064+00	\N	19001	\N	10001
1058	Emergency Proxy attached	10126	2015-05-07 09:51:46.465599+00	\N	19000	DOC_20150517095002 cs12052.PDF	10001
1059	Emergency proxy attached.	10126	2015-05-07 09:52:37.70401+00	\N	19000	DOC_20150517095011 cs12052.PDF	10001
1060	Hi, you should be able to use 3G rather than WIFI.	120	2015-05-07 09:56:33.150731+00	\N	9008	\N	101
1061	I hope all is going well - turnout looks high!!	0	2015-05-07 09:59:54.161557+00	\N	39001	\N	30001
1062	Hey Valerie, did you find it? it should be a white plug head and separately a white wire wrapped up. Connect the two and hey-presto, you have a charge! Give me a shout if you have any problems.\n Steven	10098	2015-05-07 10:05:46.369257+00	\N	19001	\N	10001
1063	Hey Sinclair - glad everything is going well. Not sure - is there a guest ACC one? if so the login should be: username : election Password : accpass2015.\n\nBut if not just use the 3g and we will discuss with IT when they get in today!\n\n(sorry for the delayed response, we had some teething issues our side!)	10044	2015-05-07 10:07:21.374171+00	\N	19001	\N	10001
1064	Hi there. Yes, you are correct; update the figures whenever an inspector comes to collect postal votes. I think this is included on the little guide we've provided, but I suspect there's probably a lot going on there. Thanks	0	2015-05-07 10:14:03.597358+00	\N	9008	\N	101
1065	Hello all. Please remember to submit the number of PARLIAMENTARY votes on at least an hourly basis. Do this by clicking on ‘Record Progress’. Also, please make sure to update your numbers again mid-hour if an inspector comes and collects postal packs. Thanks	0	2015-05-07 10:16:18.461188+00	\N	9008	\N	101
1066	Hi there. Yes, you are correct; update the figures whenever an inspector comes to collect postal votes. I think this is included on the little guide we've provided, but I suspect there's probably a lot going on there. Thanks	127	2015-05-07 10:20:44.790408+00	\N	9008	\N	101
1067	Hey Mike - give me a shout 01224 522966.\n\nCheers, Steven.	10087	2015-05-07 10:47:08.020446+00	\N	19001	\N	10001
1068	Hi Folks\n\nWhen you get a chance could you let us know the percentage turnout for your station.\n\nmany thanks	0	2015-05-07 11:24:38.180493+00	\N	29002	\N	20001
1069	Hi, just enter parliamentary info.	114	2015-05-07 11:39:54.646698+00	\N	9008	\N	101
1070	Notification of clerical error attached.	10119	2015-05-07 11:42:54.131022+00	\N	19000	DOC_20150517110049 cs12011.PDF	10001
1071	Emergency proxy attached	10126	2015-05-07 12:01:11.748503+00	\N	19000	DOC_20150517115605 cs12052.PDF	10001
1072	Notification of clerical error attached	10008	2015-05-07 12:31:44.557686+00	\N	19000	DOC_20150517123430 dn03011.PDF	10001
1073	Notification of clerical error attached	10008	2015-05-07 12:32:42.281425+00	\N	19000	DOC_20150517123437 dn03011.PDF	10001
1074	Hello. If your numbers have doubled then try to balance your figures out as you go along, e.g. enter zero until you reach the value you have inputted.	145	2015-05-07 12:42:01.55592+00	\N	9008	\N	101
1075	Hi, if you've entered the wrong figures you cannot edit them. I suggest that you try to balance your numbers by entering zero until you reach the number you've inputted. Thaks	119	2015-05-07 12:47:53.835486+00	\N	9008	\N	101
1076	Hi, if you've submitted numbers that are too high, try to balance your figures out by entering zero until you reach the inputted number. Also remember: it's just parliamentary votes you're entering.	133	2015-05-07 13:11:41.955046+00	\N	9008	\N	101
1077	Please remember that you should only be entering PARLIAMENTARY votes onto your tablet. If you have entered too many by mistake try to balance out your figures as best as possible. E.g. if you've entered 100 into the tablet and you actually have 90 real votes, wait until you have 100 votes before you start updating the tablet. Thanks	0	2015-05-07 13:34:45.890506+00	\N	9008	\N	101
1078	Hello - Certificate of Employment is with inspector and will be issued when he arrives.\n\nCheers, Steven.	10029	2015-05-07 13:35:19.90371+00	\N	19001	\N	10001
1079	Hey Christine, can't change it but don't worry about it :)	10068	2015-05-07 13:36:36.304484+00	\N	19001	\N	10001
1080	Hey Martin, yes that is fine just mark that one as spoiled. Cheers.	10105	2015-05-07 13:37:30.046967+00	\N	19001	\N	10001
1081	FAO ABERDEEN NORTH POLLING PLACES\n\nGood afternoon all,\n\nThere have been rumours circulating of constituents in Aberdeen North receiving a letter stating Labour candidate Richard Baker has withdrawn. This is not the case and please reassure any voters who ask. If any voter comes in with such a letter please take it so we can send someone to get it from you. \n\nPlease keep us up to date if this comes an issue.\n\nMany thanks,\nElection Office.	0	2015-05-07 13:41:06.756757+00	\N	19001	\N	10001
1082	HANOVER COMMUNITY CENTRE, 106 CONSTITUTION STREET.\n\nCheers, Steven.	10049	2015-05-07 14:06:52.441839+00	\N	19001	\N	10001
1083	Hey - Certificate of Employment for Graeme is en route with Ewen Sutherland.\n\nCheers, Steven.	10053	2015-05-07 14:17:07.399105+00	\N	19001	\N	10001
1084	Hi Carolyn, the ERO have just emailed us over a clerical error for Station 4, The Boswell Centre. The details are, Name of Elector: Ellen M Haygreen, Address: Knockroon, Auchinleck, Elector No: E808/5/1.\nI will hand in original copy about 6.30pm tonight.\nCan you please acknowledge receipt of this message.\nThanks, Amy :)	20010	2015-05-07 14:19:32.097121+00	\N	29002	\N	20001
1085	Confirmation of Clerical Error attached.	10045	2015-05-07 14:57:35.395074+00	\N	19000	DOC_20150517145737 cn06011.PDF	10001
1086	Confirmation of Clerical Error attached	10127	2015-05-07 14:59:21.238353+00	\N	19000	DOC_20150517150205 ss12061.PDF	10001
1087	Hi Louise, received a message that campaigners at Mannofield Church asking who people voted for and being overly aggressive when voter refused. Can you make sure all is ok outside.	10107	2015-05-07 15:24:32.259361+00	\N	19000	\N	10001
1088	Hi Carolyn, the ERO have just emailed us over a clerical error for Station 4, The Boswell Centre. The details are, Name of Elector: Violet Purdie, Address: Glennie House, William McComb Court, Auchinleck, Elector No: E708/2864/1. I will hand in original copy about 6.30pm tonight. Can you please acknowledge receipt of this message. Thanks, Amy :)	20010	2015-05-07 15:48:49.535527+00	\N	29002	\N	20001
1089	Thanks Janie	20003	2015-05-07 15:53:06.827403+00	\N	29002	\N	20001
1090	Perfect thanks Louise.	10107	2015-05-07 15:56:30.06804+00	\N	19001	\N	10001
1092	Not a problem, don't worry.	10085	2015-05-07 16:24:41.1767+00	\N	19001	\N	10001
1094	Hi Mark, can you give Morag in the election office a call asap please? Her number is 01563 576299. Thanks, Amy	20001	2015-05-07 16:39:33.861955+00	\N	29002	\N	20001
1095	Thanks Kieran. Amy	20004	2015-05-07 16:47:02.570409+00	\N	29002	\N	20001
1096	Notification of Clerical Error attached.	10056	2015-05-07 16:47:19.353728+00	\N	19000	DOC_20150517154800 cn07021.PDF	10001
1097	Emergency Proxy attached	10121	2015-05-07 16:48:25.87897+00	\N	19000	DOC_20150517155326 cs12031.PDF	10001
1098	Hi Folks - its the final straight and the sun is shining :-)\n\nIf you have not already done so, could you give us an update on turnout.\n\nJust a reminder to turn on the tracker on your tablet at the close of poll to allow us to track the ballot box.\n\nThe tablet should be placed in  the postal vote plastic pouch.\n\nMany thanks\n\nChristine	0	2015-05-07 17:47:13.402809+00	\N	29002	\N	20001
1099	Hi Carolyn\n\nEmergency proxy as detailed below:-\n\nName of Elector - Elaine McIlvenney Elector No. E708/162\nName of Proxy - Moira McIlvenney, 118 Arran Drive, Auchinleck\n\nThanks	20010	2015-05-07 17:55:08.435759+00	\N	29002	\N	20001
1100	Good evening everyone.\n\nWe are away to set up camp at RGU:Sport, so may be out of reach for a while. Please continue to log issues using your app and we will get them when we are set up at the Count venue. Whilst our phones will be forwarded to our mobiles, signal there is poor bear with us. Remember to call the ERO for all issues relating to the register, absent voting, etc. in the first instance.\n\nRemember at the end of the day the tablet should be kept turned on after you turn on the tracking and handed to the Collector separately from the rest of your items.\n\nThanks for all your efforts today and well done on a good job done (so far!)\n\nCheers, Steven.	0	2015-05-07 18:04:29.209575+00	\N	19001	\N	10001
1101	Hello all, a reminder for the end of the day. When you click 'close station' in a few hours please make sure to enter the figures from your ballot book account sheet. Please read the section clearly before you enter any figures as this info will be the final copy and cannot be changed. Remember, it's just PARLIAMENTARY data your inputting. Thanks very much.	0	2015-05-07 18:04:41.440476+00	\N	9008	\N	101
1102	Hi, where possible try to get the figure to balance out. I appreciate the app is temperamental; I will pass this onto the designers as it has clearly been an issue. Cheers	112	2015-05-07 18:24:05.635279+00	\N	9008	\N	101
1103	Test Notification	20001	2015-05-21 13:18:59.314575+00	\N	9	\N	20001
1104	You can write a message for this notification in this textbox	20001	2015-05-21 15:41:31.91608+00	\N	9	Demo data file.xlsx	20001
1105	TEST NOTIFICATION	20001	2015-05-22 10:22:43.05733+00	\N	9	\N	20001
1106	Ghnhg	20001	2015-07-08 10:26:23.081428+00	\N	9	\N	20001
1107	Test	0	2015-07-28 08:56:07.277693+00	\N	1019001	\N	1010001
1108	Test message with notification.	1010001	2015-08-03 14:38:49.585775+00	\N	1019001	\N	1010001
1109	rrrr	20001	2015-09-17 11:27:03.832966+00	\N	9	\N	20001
1110	hhjhjjhj	20001	2015-09-29 11:43:14.204307+00	\N	9	\N	20001
1111	test	0	2015-10-23 11:24:44.862729+00	\N	9	\N	20001
1112	this is from stella	0	2015-11-16 16:47:13.344955+00	\N	9	\N	20001
1113	sc  - emergency proxy attached	20007	2015-11-16 16:47:56.950032+00	\N	9	\N	20001
1114	test for all	0	2015-11-26 10:56:58.234679+00	\N	9	\N	20001
1115	test for all	0	2015-11-26 10:57:06.249468+00	\N	9	\N	20001
1116	emergency proxy	20001	2015-11-26 10:59:51.74629+00	\N	9	\N	20001
1117	Private Message	1000001	2015-12-21 07:42:22.822483+00	\N	15	\N	1000001
\.


--
-- Name: notifications_id_seq; Type: SEQUENCE SET; Schema: slammer; Owner: slammer
--

SELECT pg_catalog.setval('"notifications_id_seq"', 1117, true);


--
-- Data for Name: notifications_received; Type: TABLE DATA; Schema: slammer; Owner: slammer
--

COPY "notifications_received" ("id", "notification_id", "station_id", "user_id", "status") FROM stdin;
2396	266	10018	8	\N
2618	572	1000003	17	1
13781	1065	131	131	1
13498	1002	0	10	\N
13995	1081	10039	10038	\N
9424	645	0	15	\N
13680	1046	10022	10021	\N
13684	1046	10131	10131	1
13828	1046	10054	10053	1
9425	646	0	15	\N
9426	647	0	15	\N
13998	1081	10054	10053	1
14241	1046	10019	18001	\N
9427	648	0	15	\N
9428	649	0	15	\N
398	94	0	3	\N
14242	1081	10019	18001	\N
14243	1100	10019	18001	\N
9429	650	0	15	\N
9430	651	0	15	\N
9431	652	0	15	\N
9432	653	0	15	\N
9433	654	0	15	\N
9434	655	0	15	\N
9435	656	0	15	\N
9436	657	0	15	\N
9437	658	0	15	\N
9438	659	0	15	\N
9439	660	0	15	\N
9440	661	0	15	\N
9441	662	0	15	\N
9442	663	0	15	\N
9443	664	0	15	\N
9444	665	0	15	\N
9445	666	0	15	\N
9446	667	0	15	\N
9447	668	0	15	\N
9448	669	0	15	\N
9449	670	0	15	\N
9450	671	0	15	\N
9451	672	0	15	\N
9452	673	0	15	\N
9453	674	0	15	\N
9454	675	0	15	\N
9455	676	0	15	\N
9456	677	0	15	\N
9457	678	0	15	\N
9458	679	0	15	\N
9459	680	0	15	\N
9460	681	0	15	\N
9461	682	0	15	\N
9462	683	0	15	\N
9463	684	0	15	\N
9464	685	0	15	\N
9465	686	0	15	\N
9466	687	0	15	\N
9467	688	0	15	\N
9468	689	0	15	\N
9469	690	0	15	\N
9470	691	0	15	\N
9471	692	0	15	\N
9472	693	0	15	\N
9473	694	0	15	\N
9474	695	0	15	\N
9475	696	0	15	\N
9476	697	0	15	\N
9477	698	0	15	\N
9478	699	0	15	\N
9479	700	0	15	\N
9480	701	0	15	\N
9481	702	0	15	\N
9482	703	0	15	\N
397	93	0	3	1
9483	704	0	15	\N
9484	705	0	15	\N
9485	706	0	15	\N
9486	707	0	15	\N
9487	708	0	15	\N
9488	709	0	15	\N
9489	710	0	15	\N
9490	711	0	15	\N
9491	712	0	15	\N
9492	713	0	15	\N
9493	714	0	15	\N
9494	715	0	15	\N
9495	716	0	15	\N
9496	717	0	15	\N
9497	718	0	15	\N
9498	719	0	15	\N
9499	720	0	15	\N
9500	721	0	15	\N
9501	722	0	15	\N
9502	723	0	15	\N
9503	724	0	15	\N
9504	725	0	15	\N
9505	726	0	15	\N
9506	727	0	15	\N
9507	728	0	15	\N
9508	729	0	15	\N
9509	730	0	15	\N
574	127	0	2	\N
588	159	0	9	\N
600	150	0	9	\N
601	151	0	9	\N
13990	1081	10080	10080	1
14244	1016	10084	10083	\N
14245	1046	10084	10083	\N
14246	1081	10084	10083	\N
14247	1100	10084	10083	\N
14248	1100	10012	10011	\N
13681	1046	10056	10055	\N
13830	1065	118	118	\N
616	147	0	3	\N
617	152	0	3	\N
618	155	0	3	\N
619	165	0	3	\N
620	166	0	3	\N
621	167	0	3	\N
622	168	0	3	\N
623	169	0	3	\N
624	170	0	3	\N
13829	1064	118	118	1
626	172	0	3	\N
628	173	0	3	\N
631	175	0	3	\N
633	176	0	3	\N
635	177	0	3	\N
637	178	0	3	\N
2783	574	1000003	17	1
3590	609	0	15	\N
3591	608	1000001	14	\N
3592	609	1000001	14	\N
3593	610	1000001	14	\N
3594	611	1000001	14	\N
3595	612	1000001	14	\N
3596	613	1000001	14	\N
3597	614	1000001	14	\N
3598	615	1000001	14	\N
3599	616	1000001	14	\N
3600	617	1000001	14	\N
3601	618	1000001	14	\N
3602	619	1000001	14	\N
3603	620	1000001	14	\N
3604	621	1000001	14	\N
3605	622	1000001	14	\N
3606	623	1000001	14	\N
3607	624	1000001	14	\N
3608	625	1000001	14	\N
3609	626	1000001	14	\N
723	188	0	8	\N
724	189	0	8	\N
3610	627	1000001	14	\N
3611	628	1000001	14	\N
3612	629	1000001	14	\N
3613	630	1000001	14	\N
3614	631	1000001	14	\N
3615	632	1000001	14	\N
3616	633	1000001	14	\N
3617	634	1000001	14	\N
3618	635	1000001	14	\N
3619	636	1000001	14	\N
3620	637	1000001	14	\N
3621	638	1000001	14	\N
3622	639	1000001	14	\N
3623	640	1000001	14	\N
3624	641	1000001	14	\N
3625	642	1000001	14	\N
3626	643	1000001	14	\N
9510	731	0	15	\N
9511	732	0	15	\N
9512	733	0	15	\N
9513	734	0	15	\N
9514	735	0	15	\N
9515	736	0	15	\N
9516	737	0	15	\N
9517	738	0	15	\N
9518	739	0	15	\N
9519	740	0	15	\N
9520	741	0	15	\N
9521	742	0	15	\N
9522	743	0	15	\N
9523	744	0	15	\N
9524	745	0	15	\N
9525	746	0	15	\N
9526	747	0	15	\N
9527	748	0	15	\N
9528	749	0	15	\N
9529	750	0	15	\N
9530	751	0	15	\N
9531	752	0	15	\N
9532	753	0	15	\N
9533	754	0	15	\N
9534	755	0	15	\N
9535	756	0	15	\N
9536	757	0	15	\N
9537	758	0	15	\N
9538	759	0	15	\N
9539	760	0	15	\N
9540	761	0	15	\N
9541	762	0	15	\N
9542	763	0	15	\N
9543	764	0	15	\N
9544	765	0	15	\N
9545	766	0	15	\N
9546	767	0	15	\N
9547	768	0	15	\N
9548	769	0	15	\N
9549	770	0	15	\N
9550	771	0	15	\N
9551	772	0	15	\N
9552	773	0	15	\N
9553	774	0	15	\N
9554	775	0	15	\N
13991	1081	10062	10062	1
13992	1081	10056	10055	\N
13832	1065	136	136	1
13831	1064	136	136	1
13686	1046	10095	18006	1
14000	1081	10060	10059	\N
13999	1077	126	126	1
14009	1081	10104	10102	1
14018	1080	10105	10105	\N
14019	1081	10105	10105	1
14027	1081	10042	10041	1
14253	1100	10083	10083	\N
2785	576	1000003	17	1
2790	581	1000003	17	1
3196	591	1000003	17	\N
3199	592	1000003	17	\N
3200	593	1000003	17	1
3205	505	1000004	18	\N
3206	506	1000004	18	\N
3207	517	1000004	18	\N
3208	518	1000004	18	\N
3209	519	1000004	18	\N
3210	520	1000004	18	\N
3211	529	1000004	18	\N
3212	531	1000004	18	\N
3213	540	1000004	18	\N
3214	541	1000004	18	\N
3215	546	1000004	18	\N
3216	567	1000004	18	\N
3217	591	1000004	18	\N
3218	592	1000004	18	\N
3219	593	1000004	18	\N
3220	594	1000004	18	\N
3627	644	0	15	\N
3628	644	1000001	14	\N
3629	644	1000003	17	\N
9555	776	0	15	\N
9556	777	0	15	\N
9557	778	0	15	\N
9558	779	0	15	\N
9559	780	0	15	\N
9560	781	0	15	\N
9561	782	0	15	\N
9562	783	0	15	\N
9563	784	0	15	\N
9564	785	0	15	\N
9565	786	0	15	\N
9566	787	0	15	\N
9567	788	0	15	\N
9568	789	0	15	\N
9569	790	0	15	\N
9570	791	0	15	\N
9571	792	0	15	\N
9572	793	0	15	\N
9573	794	0	15	\N
9574	795	0	15	\N
9575	796	0	15	\N
9576	797	0	15	\N
9577	798	0	15	\N
9578	799	0	15	\N
9579	800	0	15	\N
9580	801	0	15	\N
9581	802	0	15	\N
9582	803	0	15	\N
9583	804	0	15	\N
9584	805	0	15	\N
9585	806	0	15	\N
9586	807	0	15	\N
9587	808	0	15	\N
9588	809	0	15	\N
9589	810	0	15	\N
9590	811	0	15	\N
9591	812	0	15	\N
9592	813	0	15	\N
9593	814	0	15	\N
9594	815	0	15	\N
9595	816	0	15	\N
9596	817	0	15	\N
9597	818	0	15	\N
9598	819	0	15	\N
9599	820	0	15	\N
9600	821	0	15	\N
9601	822	0	15	\N
9602	823	0	15	\N
9603	824	0	15	\N
9604	825	0	15	\N
9605	826	0	15	\N
9606	827	0	15	\N
9607	828	0	15	\N
9608	829	0	15	\N
9609	830	0	15	\N
9610	831	0	15	\N
9611	832	0	15	\N
9612	833	0	15	\N
9613	834	0	15	\N
9614	835	0	15	\N
9615	836	0	15	\N
9616	837	0	15	\N
9617	838	0	15	\N
9618	839	0	15	\N
9619	840	0	15	\N
9620	841	0	15	\N
9621	842	0	15	\N
9622	843	0	15	\N
9623	844	0	15	\N
9624	845	0	15	\N
9625	846	0	15	\N
9626	847	0	15	\N
9627	848	0	15	\N
9628	849	0	15	\N
9629	850	0	15	\N
9630	851	0	15	\N
9631	852	0	15	\N
9632	853	0	15	\N
13993	1046	10083	10083	\N
13994	1081	10083	10083	1
13996	1046	10003	10002	\N
13688	1046	0	10134	\N
13687	1046	10115	10113	1
13689	1046	10092	18005	1
13833	1068	20005	20005	1
13997	1081	10003	10002	\N
14001	1081	10051	10050	\N
14002	1081	10055	10055	\N
14028	1081	10057	10055	\N
14015	1081	10037	10036	1
14254	1081	10043	10041	\N
14255	1100	10043	10041	\N
13836	1068	20001	20001	1
2788	579	1000003	17	1
2787	578	1000003	17	1
2786	577	1000003	17	1
2553	554	1000003	17	1
3197	591	1000001	14	\N
3198	592	1000001	14	\N
3201	594	1000003	17	1
3202	593	1000001	14	\N
3203	594	1000001	14	\N
3204	595	1000003	17	1
2789	580	1000003	17	1
2556	557	1000003	17	1
2555	556	1000003	17	1
2554	555	1000003	17	1
3221	591	0	15	\N
3222	592	0	15	\N
3223	593	0	15	\N
3224	594	0	15	\N
3225	596	1000001	14	\N
3226	597	1000001	14	\N
3227	596	0	15	\N
3228	597	0	15	\N
3229	598	1000001	14	\N
3230	598	0	15	\N
13503	1005	1000001	14	\N
13504	1006	1000001	14	\N
815	190	0	2	\N
816	191	0	2	\N
817	192	0	2	\N
818	193	0	2	\N
819	194	0	2	\N
820	195	0	2	\N
821	197	0	2	\N
822	198	0	2	\N
823	199	0	2	\N
824	204	0	2	\N
825	214	0	2	\N
826	244	0	2	\N
827	245	0	2	\N
828	246	0	2	\N
13692	1046	10053	10053	\N
3235	599	1000001	14	\N
3237	600	0	15	\N
3243	601	0	15	\N
3244	601	1000001	14	\N
3242	601	1000003	17	1
3241	600	1000003	17	1
3240	598	1000003	17	1
3239	597	1000003	17	1
3238	596	1000003	17	1
13702	1046	10085	10085	\N
13691	1046	10077	10077	1
13834	1068	20004	20004	1
14003	1077	125	125	\N
14005	1081	10046	10045	1
14004	1046	10046	10045	1
14016	1081	10144	10142	1
14017	1081	10146	10142	\N
14020	1081	10135	10134	\N
14023	1046	10116	10113	1
14024	1081	10116	10113	1
14029	1081	10001	10001	\N
13838	1068	20007	20007	1
14259	1046	10121	18009	\N
14260	1081	10121	18009	\N
14261	1097	10121	18009	\N
14262	1100	10121	18009	\N
2559	560	1000003	17	1
2791	582	1000003	17	1
2558	559	1000003	17	1
2557	558	1000003	17	1
3236	600	1000001	14	\N
3247	602	1000001	14	\N
14008	1081	10101	10100	\N
13694	1046	10135	10134	1
13693	1022	10135	10134	1
13837	1068	20008	20008	1
13835	1068	20009	20009	1
3273	603	0	15	\N
3274	603	1000001	14	1
3275	603	1000003	17	1
3245	602	1000003	17	1
14014	1081	10115	10113	1
14007	1085	10045	10045	1
14006	1081	10045	10045	1
14025	1081	10127	10127	\N
14030	1081	10077	10077	1
14032	1089	20003	20003	\N
14026	1086	10127	10127	1
14263	1103	20001	20001	1
7426	893	1000003	17	\N
7427	894	1000003	17	\N
7564	925	1000003	17	1
7571	928	1000003	17	\N
7584	930	1000003	17	\N
7585	931	1000003	17	\N
7586	932	1000003	17	\N
7587	934	1000003	17	\N
7588	935	1000003	17	\N
7589	936	1000003	17	\N
7590	937	1000003	17	\N
7591	938	1000003	17	\N
7592	939	1000003	17	\N
7593	940	1000003	17	\N
7594	941	1000003	17	\N
2560	561	1000003	17	1
2792	177	101	1	\N
2793	178	101	1	\N
2794	124	101	1	\N
2795	88	101	1	\N
2796	89	101	1	\N
2797	90	101	1	\N
2798	93	101	1	\N
2799	165	101	1	\N
2800	166	101	1	\N
2801	167	101	1	\N
2802	168	101	1	\N
2803	169	101	1	\N
2804	170	101	1	\N
2805	172	101	1	\N
2806	173	101	1	\N
2807	174	101	1	\N
2808	175	101	1	\N
2809	176	101	1	\N
2810	190	101	1	\N
14010	1081	10114	10113	\N
13700	1046	10064	10062	1
13695	1046	10040	10038	\N
13704	1046	10038	10038	1
2811	191	101	1	\N
2812	192	101	1	\N
2813	193	101	1	\N
2814	194	101	1	\N
2815	195	101	1	\N
2816	197	101	1	\N
2817	198	101	1	\N
2818	199	101	1	\N
2819	204	101	1	\N
2820	214	101	1	\N
2821	244	101	1	\N
2822	245	101	1	\N
2823	246	101	1	\N
2824	249	101	1	\N
2825	268	101	1	\N
2826	313	101	1	\N
2827	314	101	1	\N
2828	315	101	1	\N
2829	316	101	1	\N
2830	317	101	1	\N
2831	318	101	1	\N
2832	319	101	1	\N
2833	320	101	1	\N
2834	321	101	1	\N
2835	322	101	1	\N
2836	323	101	1	\N
2837	324	101	1	\N
2838	325	101	1	\N
2839	326	101	1	\N
2840	327	101	1	\N
2841	328	101	1	\N
2842	329	101	1	\N
2843	330	101	1	\N
2844	331	101	1	\N
2845	332	101	1	\N
2846	333	101	1	\N
2847	334	101	1	\N
2848	335	101	1	\N
2849	357	101	1	\N
2850	358	101	1	\N
2851	360	101	1	\N
2852	361	101	1	\N
2853	366	101	1	\N
2854	368	101	1	\N
2855	369	101	1	\N
14012	1081	10094	18007	1
2856	370	101	1	\N
2857	371	101	1	\N
14011	1081	10098	10098	1
2858	372	101	1	\N
2859	373	101	1	\N
2860	374	101	1	\N
2861	375	101	1	\N
2862	376	101	1	\N
2863	377	101	1	\N
2864	378	101	1	\N
2865	379	101	1	\N
2866	380	101	1	\N
2867	381	101	1	\N
2868	382	101	1	\N
2869	383	101	1	\N
2870	384	101	1	\N
2871	385	101	1	\N
2872	386	101	1	\N
2873	387	101	1	\N
2874	388	101	1	\N
2875	389	101	1	\N
2876	390	101	1	\N
2877	391	101	1	\N
2878	392	101	1	\N
2879	393	101	1	\N
2880	394	101	1	\N
13711	1061	30001	30001	1
13839	1068	20010	20010	1
14021	1081	10009	18002	\N
2881	395	101	1	\N
2882	396	101	1	\N
2883	397	101	1	\N
2884	398	101	1	\N
2885	399	101	1	\N
2886	400	101	1	\N
2887	401	101	1	\N
2888	402	101	1	\N
14022	1081	10067	10066	\N
2889	403	101	1	\N
2890	404	101	1	\N
2891	405	101	1	\N
2892	406	101	1	\N
2893	407	101	1	\N
2894	408	101	1	\N
2895	409	101	1	\N
2896	410	101	1	\N
14013	1081	10109	10107	1
2897	411	101	1	\N
2898	412	101	1	\N
2899	413	101	1	\N
2900	414	101	1	\N
2901	415	101	1	\N
2902	416	101	1	\N
2903	417	101	1	\N
2904	418	101	1	\N
2905	419	101	1	\N
2906	420	101	1	\N
2907	421	101	1	\N
2908	422	101	1	\N
14264	1104	20001	20001	1
2909	423	101	1	\N
2910	424	101	1	\N
2911	425	101	1	\N
2912	426	101	1	\N
2913	427	101	1	\N
2914	428	101	1	\N
2915	429	101	1	\N
2916	430	101	1	\N
2917	431	101	1	\N
2918	432	101	1	\N
2919	433	101	1	\N
2920	434	101	1	\N
2921	435	101	1	\N
2922	436	101	1	\N
2923	437	101	1	\N
2924	438	101	1	\N
2925	439	101	1	\N
2926	440	101	1	\N
2927	448	101	1	\N
2928	449	101	1	\N
2929	450	101	1	\N
2930	451	101	1	\N
2931	452	101	1	\N
2932	453	101	1	\N
2933	454	101	1	\N
2934	455	101	1	\N
2935	456	101	1	\N
2936	457	101	1	\N
2937	458	101	1	\N
2938	459	101	1	\N
2939	460	101	1	\N
2940	461	101	1	\N
2941	462	101	1	\N
2942	463	101	1	\N
2943	464	101	1	\N
2944	465	101	1	\N
2561	562	1000003	17	1
2563	564	1000001	14	\N
2945	466	101	1	\N
2946	467	101	1	\N
2947	468	101	1	\N
2948	469	101	1	\N
2949	476	101	1	\N
2950	477	101	1	\N
2951	490	101	1	\N
2952	491	101	1	\N
2953	492	101	1	\N
2954	493	101	1	\N
2955	494	101	1	\N
2956	498	101	1	\N
2957	500	101	1	\N
3246	602	0	15	\N
13509	1002	30005	30005	\N
13510	1007	30005	30005	\N
13511	1008	30005	30005	\N
13512	1009	30005	30005	\N
13696	1046	10145	10142	\N
13698	1054	138	138	\N
13701	1046	10043	10041	\N
13703	1057	10068	10068	1
13840	1068	20003	20003	1
14031	1081	10033	10033	\N
14265	1105	20001	20001	1
7438	905	1000003	17	\N
7439	906	1000003	17	\N
7440	907	1000003	17	\N
7441	908	1000003	17	\N
7442	916	1000003	17	\N
7443	917	1000003	17	\N
7444	909	1000003	17	\N
7445	910	1000003	17	\N
7446	911	1000003	17	\N
7447	912	1000003	17	\N
7448	913	1000003	17	\N
7449	914	1000003	17	\N
7450	915	1000003	17	\N
7451	918	1000003	17	\N
9714	947	0	9	\N
9715	948	0	9	\N
9716	949	0	9	\N
9717	950	0	9	\N
10317	501	103	24	\N
10318	502	103	24	\N
10319	503	103	24	\N
10320	505	103	24	\N
10321	506	103	24	\N
10326	529	103	24	\N
10327	531	103	24	\N
10328	540	103	24	\N
10329	541	103	24	\N
10330	546	103	24	\N
10331	567	103	24	\N
10332	591	103	24	\N
10333	592	103	24	\N
10338	598	103	24	\N
10339	600	103	24	\N
10340	601	103	24	\N
10341	602	103	24	\N
10342	603	103	24	\N
10343	604	103	24	\N
10344	608	103	24	\N
10345	609	103	24	\N
10347	611	103	24	\N
10348	612	103	24	\N
10351	615	103	24	\N
10352	616	103	24	\N
10356	620	103	24	\N
10357	621	103	24	\N
10358	622	103	24	\N
10359	623	103	24	\N
10360	624	103	24	\N
10361	625	103	24	\N
10362	626	103	24	\N
10364	628	103	24	\N
10365	629	103	24	\N
10366	630	103	24	\N
10367	631	103	24	\N
10368	632	103	24	\N
10373	637	103	24	\N
10374	638	103	24	\N
10375	639	103	24	\N
10376	640	103	24	\N
10377	641	103	24	\N
10378	642	103	24	\N
10379	643	103	24	\N
10380	644	103	24	\N
10381	645	103	24	\N
10398	662	103	24	\N
10401	665	103	24	\N
10402	666	103	24	\N
10403	667	103	24	\N
10404	668	103	24	\N
10405	669	103	24	\N
10406	670	103	24	\N
10407	671	103	24	\N
10408	672	103	24	\N
10414	678	103	24	\N
10415	679	103	24	\N
10419	683	103	24	\N
10420	684	103	24	\N
10421	685	103	24	\N
10430	694	103	24	\N
10431	695	103	24	\N
10432	696	103	24	\N
10433	697	103	24	\N
10452	716	103	24	\N
10453	717	103	24	\N
10454	718	103	24	\N
10455	719	103	24	\N
10459	723	103	24	\N
10460	724	103	24	\N
10461	725	103	24	\N
10462	726	103	24	\N
10463	727	103	24	\N
10464	728	103	24	\N
10465	729	103	24	\N
10466	730	103	24	\N
10467	731	103	24	\N
10468	732	103	24	\N
10469	733	103	24	\N
10470	734	103	24	\N
10471	735	103	24	\N
10472	736	103	24	\N
10473	737	103	24	\N
10474	738	103	24	\N
10475	739	103	24	\N
10476	740	103	24	\N
10477	741	103	24	\N
10478	742	103	24	\N
10479	743	103	24	\N
10481	745	103	24	\N
10482	746	103	24	\N
10487	751	103	24	\N
10488	752	103	24	\N
10489	753	103	24	\N
2562	563	1000003	17	1
13513	1002	30001	13	\N
13514	1007	30001	13	\N
13697	1046	10027	10025	1
13842	1068	20006	20006	1
13841	1068	20002	20002	1
13848	1046	10009	18002	\N
14033	1046	10099	10098	\N
14034	1081	10099	10098	\N
2565	566	1000003	17	1
14266	1106	20001	20001	1
3044	584	1000003	17	1
3045	585	1000003	17	\N
1325	289	0	9	\N
2564	565	1000003	17	1
13515	1027	20005	20005	1
13699	1046	10028	10028	\N
13708	1055	10106	10105	1
13843	1064	125	125	\N
13844	1065	125	125	\N
13845	1064	112	112	\N
13846	1065	112	112	\N
14035	1046	10035	10033	\N
14036	1081	10035	10033	1
14038	1081	0	10062	1
14040	1091	10074	10074	1
14039	1088	20010	20010	1
14267	1100	0	19000	\N
14268	1107	1010001	1010001	\N
10322	517	103	24	\N
10323	518	103	24	\N
10324	519	103	24	\N
10325	520	103	24	\N
10334	593	103	24	\N
10335	594	103	24	\N
10336	596	103	24	\N
10337	597	103	24	\N
10346	610	103	24	\N
10349	613	103	24	\N
10350	614	103	24	\N
10353	617	103	24	\N
10354	618	103	24	\N
10355	619	103	24	\N
10363	627	103	24	\N
10369	633	103	24	\N
10370	634	103	24	\N
10371	635	103	24	\N
10372	636	103	24	\N
10382	646	103	24	\N
10383	647	103	24	\N
10384	648	103	24	\N
10385	649	103	24	\N
10386	650	103	24	\N
10387	651	103	24	\N
10388	652	103	24	\N
10389	653	103	24	\N
10390	654	103	24	\N
10391	655	103	24	\N
10392	656	103	24	\N
10393	657	103	24	\N
10394	658	103	24	\N
10395	659	103	24	\N
10396	660	103	24	\N
10397	661	103	24	\N
10399	663	103	24	\N
10400	664	103	24	\N
10409	673	103	24	\N
10410	674	103	24	\N
10411	675	103	24	\N
10412	676	103	24	\N
10413	677	103	24	\N
10416	680	103	24	\N
10417	681	103	24	\N
10418	682	103	24	\N
10422	686	103	24	\N
10423	687	103	24	\N
10424	688	103	24	\N
10425	689	103	24	\N
10426	690	103	24	\N
10427	691	103	24	\N
10428	692	103	24	\N
10429	693	103	24	\N
10434	698	103	24	\N
10435	699	103	24	\N
10436	700	103	24	\N
10437	701	103	24	\N
10438	702	103	24	\N
10439	703	103	24	\N
10440	704	103	24	\N
10441	705	103	24	\N
10442	706	103	24	\N
10443	707	103	24	\N
10444	708	103	24	\N
10445	709	103	24	\N
10446	710	103	24	\N
10447	711	103	24	\N
10448	712	103	24	\N
10449	713	103	24	\N
10450	714	103	24	\N
10451	715	103	24	\N
10456	720	103	24	\N
13516	1023	10030	10030	1
13705	1046	10026	10025	1
13706	1046	10059	10059	1
13725	1064	132	132	1
13726	1065	132	132	1
13847	1069	114	114	1
14037	1081	10063	10062	1
14047	1095	20004	20004	1
2585	567	1000001	14	\N
2587	567	0	15	\N
14269	1107	1010009	1010001	\N
3043	583	1000003	17	1
3284	604	1000001	14	\N
3286	604	0	15	\N
3285	604	1000003	17	1
1608	417	0	2	\N
1611	418	0	2	\N
1659	448	0	2	\N
1660	449	0	2	\N
1661	450	0	2	\N
10457	721	103	24	\N
10458	722	103	24	\N
10480	744	103	24	\N
10483	747	103	24	\N
10484	748	103	24	\N
10485	749	103	24	\N
10486	750	103	24	\N
10490	754	103	24	\N
10491	755	103	24	\N
10492	756	103	24	\N
10493	757	103	24	\N
10494	758	103	24	\N
10495	759	103	24	\N
10496	760	103	24	\N
10497	761	103	24	\N
10498	762	103	24	\N
10499	763	103	24	\N
10500	764	103	24	\N
10501	765	103	24	\N
10502	766	103	24	\N
10503	767	103	24	\N
10504	768	103	24	\N
10505	769	103	24	\N
10506	770	103	24	\N
10507	771	103	24	\N
10508	772	103	24	\N
10509	773	103	24	\N
10510	774	103	24	\N
10511	775	103	24	\N
10512	776	103	24	\N
10513	777	103	24	\N
10514	778	103	24	\N
10515	779	103	24	\N
10516	780	103	24	\N
10517	781	103	24	\N
10518	782	103	24	\N
10519	783	103	24	\N
10520	784	103	24	\N
10521	785	103	24	\N
10522	786	103	24	\N
10523	787	103	24	\N
10524	788	103	24	\N
10525	789	103	24	\N
10526	790	103	24	\N
10527	791	103	24	\N
10528	792	103	24	\N
10529	793	103	24	\N
10530	794	103	24	\N
10531	795	103	24	\N
10532	796	103	24	\N
10533	797	103	24	\N
10534	798	103	24	\N
10535	799	103	24	\N
10544	808	103	24	\N
10545	809	103	24	\N
10546	810	103	24	\N
10547	811	103	24	\N
10548	812	103	24	\N
13518	1029	20008	20008	1
2584	546	1000002	16	1
2583	541	1000002	16	1
2582	540	1000002	16	1
2581	531	1000002	16	1
2580	529	1000002	16	1
2586	567	1000002	16	1
13517	1028	20008	20008	1
13707	1046	10118	18008	1
13849	1046	10108	10107	1
13850	1053	10072	10072	1
14041	1081	10011	10011	1
14042	1087	10107	10107	\N
14043	1090	10107	10107	\N
14270	1107	0	1019001	\N
2589	568	1000003	17	1
2588	567	1000003	17	1
3306	608	1000003	17	\N
3307	608	0	15	\N
7555	920	1000003	17	\N
7558	923	1000003	17	1
7572	929	1000003	17	\N
1903	490	0	2	\N
7817	943	1000001	14	\N
1906	491	0	2	\N
1907	492	0	2	\N
1908	493	0	2	\N
1912	494	0	2	\N
9731	645	1000002	16	\N
9732	646	1000002	16	\N
9733	647	1000002	16	\N
9734	648	1000002	16	\N
9735	649	1000002	16	\N
9736	650	1000002	16	\N
9737	651	1000002	16	\N
9738	652	1000002	16	\N
9739	653	1000002	16	\N
9740	654	1000002	16	\N
9741	655	1000002	16	\N
9742	656	1000002	16	\N
9743	657	1000002	16	\N
9744	658	1000002	16	\N
9745	659	1000002	16	\N
9746	660	1000002	16	\N
9747	661	1000002	16	\N
1926	498	0	4	\N
9748	662	1000002	16	\N
9749	663	1000002	16	\N
9750	664	1000002	16	\N
9751	665	1000002	16	\N
9752	666	1000002	16	\N
9753	667	1000002	16	\N
9754	668	1000002	16	\N
9755	669	1000002	16	\N
9756	670	1000002	16	\N
9757	671	1000002	16	\N
9758	672	1000002	16	\N
9759	673	1000002	16	\N
9760	674	1000002	16	\N
9761	675	1000002	16	\N
9762	676	1000002	16	\N
9763	677	1000002	16	\N
9764	678	1000002	16	\N
9765	679	1000002	16	\N
9766	680	1000002	16	\N
9767	681	1000002	16	\N
9768	682	1000002	16	\N
9769	683	1000002	16	\N
9770	684	1000002	16	\N
9771	685	1000002	16	\N
9772	686	1000002	16	\N
9773	687	1000002	16	\N
9774	688	1000002	16	\N
9775	689	1000002	16	\N
9776	690	1000002	16	\N
9777	691	1000002	16	\N
9778	692	1000002	16	\N
9779	693	1000002	16	\N
9780	694	1000002	16	\N
9781	695	1000002	16	\N
13519	1012	10062	10062	1
13521	1019	10008	18002	1
13520	1030	10057	10055	1
14044	1093	10021	10021	1
13709	1046	10102	10102	1
13851	1046	10146	10142	1
14272	1110	20001	20001	1
14271	1109	20001	20001	1
2601	570	1000003	17	1
7556	921	1000003	17	\N
3484	610	0	15	\N
3485	611	0	15	\N
3486	612	0	15	\N
3487	613	0	15	\N
3488	614	0	15	\N
3489	615	0	15	\N
3490	616	0	15	\N
3491	617	0	15	\N
3492	618	0	15	\N
3493	619	0	15	\N
3494	620	0	15	\N
3495	621	0	15	\N
3496	622	0	15	\N
3497	623	0	15	\N
3498	624	0	15	\N
3499	625	0	15	\N
3500	626	0	15	\N
3501	627	0	15	\N
3502	628	0	15	\N
3503	629	0	15	\N
3504	630	0	15	\N
3505	631	0	15	\N
3506	632	0	15	\N
3507	633	0	15	\N
3508	634	0	15	\N
3509	635	0	15	\N
3510	636	0	15	\N
3511	637	0	15	\N
3512	638	0	15	\N
3513	639	0	15	\N
3514	640	0	15	\N
3515	641	0	15	\N
3516	642	0	15	\N
3517	643	0	15	\N
7825	591	1000002	16	\N
7826	592	1000002	16	\N
7827	593	1000002	16	\N
7828	594	1000002	16	\N
7829	596	1000002	16	\N
7830	597	1000002	16	\N
7831	598	1000002	16	\N
7832	600	1000002	16	\N
7833	601	1000002	16	\N
7834	602	1000002	16	\N
7835	603	1000002	16	\N
7836	604	1000002	16	\N
2078	500	0	2	\N
7837	608	1000002	16	\N
7838	609	1000002	16	\N
7839	610	1000002	16	\N
7840	611	1000002	16	\N
2083	501	0	15	\N
2082	501	1000001	14	1
2084	502	0	15	\N
2085	502	1000001	14	\N
2086	503	1000001	14	\N
2087	503	0	15	\N
2088	504	1000001	14	\N
7841	612	1000002	16	\N
2095	501	1000004	17	\N
2096	502	1000004	17	\N
2097	503	1000004	17	\N
2098	501	1000005	19	\N
2099	502	1000005	19	\N
2100	503	1000005	19	\N
2101	501	1000006	19	\N
2102	502	1000006	19	\N
2103	503	1000006	19	\N
2104	501	1000007	21	\N
2105	502	1000007	21	\N
2106	503	1000007	21	\N
2108	505	0	15	\N
2109	505	1000007	21	\N
2110	505	1000002	16	1
2094	503	1000002	16	1
2093	502	1000002	16	1
2092	501	1000002	16	1
2111	506	0	15	\N
2112	506	1000007	21	\N
7842	613	1000002	16	\N
7843	614	1000002	16	\N
2091	503	1000003	17	1
2107	505	1000003	17	1
2090	502	1000003	17	1
7844	615	1000002	16	\N
7845	616	1000002	16	\N
7846	617	1000002	16	\N
7847	618	1000002	16	\N
7848	619	1000002	16	\N
7849	620	1000002	16	\N
7850	621	1000002	16	\N
7851	622	1000002	16	\N
7852	623	1000002	16	\N
7853	624	1000002	16	\N
7854	625	1000002	16	\N
7855	626	1000002	16	\N
7856	627	1000002	16	\N
7857	628	1000002	16	\N
7858	629	1000002	16	\N
7859	630	1000002	16	\N
7860	631	1000002	16	\N
7861	632	1000002	16	\N
9782	696	1000002	16	\N
9783	697	1000002	16	\N
9784	698	1000002	16	\N
9785	699	1000002	16	\N
9786	700	1000002	16	\N
9787	701	1000002	16	\N
2113	506	1000002	16	1
2114	507	1000002	16	1
2115	508	1000002	16	1
2116	509	1000002	16	1
2119	512	1000002	16	1
2120	513	1000002	16	1
13522	1020	10039	10038	1
3467	628	1000003	17	\N
3468	629	1000003	17	\N
3469	630	1000003	17	\N
3470	631	1000003	17	\N
13524	1010	127	127	1
13523	1031	139	139	1
13530	1034	135	135	1
13710	1046	10033	10033	1
13853	1073	10008	18002	1
13852	1072	10008	18002	1
13855	1046	10037	10036	1
14045	1094	20001	20001	1
14273	1111	20001	20001	\N
3448	609	1000003	17	\N
3449	610	1000003	17	\N
3450	611	1000003	17	\N
3451	612	1000003	17	\N
3452	613	1000003	17	\N
3453	614	1000003	17	\N
3454	615	1000003	17	\N
3455	616	1000003	17	\N
3456	617	1000003	17	\N
3457	618	1000003	17	\N
3458	619	1000003	17	\N
3459	620	1000003	17	\N
3460	621	1000003	17	\N
3461	622	1000003	17	\N
3462	623	1000003	17	\N
3463	624	1000003	17	\N
3464	625	1000003	17	\N
3465	626	1000003	17	\N
3466	627	1000003	17	\N
3471	632	1000003	17	\N
3472	633	1000003	17	\N
3473	634	1000003	17	\N
3474	635	1000003	17	\N
3475	636	1000003	17	\N
3476	637	1000003	17	\N
3477	638	1000003	17	\N
3478	639	1000003	17	\N
3479	640	1000003	17	\N
3480	641	1000003	17	\N
3481	642	1000003	17	\N
3482	643	1000003	17	\N
2117	510	1000002	16	1
2118	511	1000002	16	1
2121	514	1000002	16	1
2122	515	1000002	16	1
2124	506	1000001	14	1
2123	505	1000001	14	1
2125	516	1000001	14	\N
2126	517	0	15	\N
2128	517	1000007	21	\N
2130	518	0	15	\N
2131	518	1000007	21	\N
2127	517	1000001	14	1
2129	518	1000001	14	1
2132	519	0	15	\N
2133	519	1000001	14	\N
2134	519	1000007	21	\N
2135	520	1000001	14	\N
2136	520	0	15	\N
2137	520	1000007	21	\N
2138	517	1000002	16	\N
2139	518	1000002	16	\N
2140	519	1000002	16	\N
2141	520	1000002	16	\N
2142	521	1000002	16	\N
13525	1011	10046	10045	\N
13712	1060	120	120	1
13854	1046	10016	10015	1
13870	1077	105	105	1
13868	1077	117	117	1
13869	1077	119	119	1
14046	1081	10131	10131	1
14274	1111	20007	20007	1
2665	573	1000003	17	1
7350	860	1000003	17	\N
7351	861	1000003	17	\N
7352	862	1000003	17	\N
7353	863	1000003	17	\N
7354	864	1000003	17	\N
7355	865	1000003	17	\N
7356	866	1000003	17	\N
7357	867	1000003	17	\N
7358	868	1000003	17	\N
7359	869	1000003	17	\N
7360	870	1000003	17	\N
7361	871	1000003	17	\N
7362	872	1000003	17	\N
7363	873	1000003	17	\N
7364	874	1000003	17	\N
7365	875	1000003	17	\N
7366	876	1000003	17	\N
7367	877	1000003	17	\N
7368	878	1000003	17	\N
7369	879	1000003	17	\N
7370	880	1000003	17	\N
7371	881	1000003	17	\N
7372	882	1000003	17	\N
7428	895	1000003	17	\N
7429	896	1000003	17	\N
7430	897	1000003	17	\N
7431	898	1000003	17	\N
7432	899	1000003	17	\N
7433	900	1000003	17	\N
7434	901	1000003	17	\N
7435	902	1000003	17	\N
7436	903	1000003	17	\N
7437	904	1000003	17	\N
13526	1013	10081	10080	\N
13713	1046	10130	10129	1
13856	1074	145	145	1
14048	1036	0	9	\N
14049	1068	0	9	\N
14053	1037	0	146	\N
2395	553	1000003	17	1
2388	551	1000003	17	1
2386	548	1000003	17	1
14054	1064	0	146	\N
14055	1065	0	146	\N
14056	1077	0	146	1
14275	1112	20007	20007	1
14276	1113	20007	20007	1
2357	529	1000007	21	\N
2360	529	1000001	14	\N
2362	531	1000007	21	\N
2366	535	1000003	17	1
2365	534	1000003	17	1
2364	533	1000003	17	1
2367	536	1000003	17	1
2368	537	1000003	17	1
2370	539	1000003	17	1
2372	540	1000007	21	\N
2374	541	1000007	21	\N
2375	531	1000001	14	\N
2376	540	1000001	14	\N
2377	541	1000001	14	\N
2380	544	1000003	17	1
2379	543	1000003	17	1
2378	542	1000003	17	1
2381	545	1000003	17	1
2383	546	1000007	21	\N
2384	547	1000003	17	1
2382	546	1000003	17	1
2385	546	1000001	14	\N
2373	541	1000003	17	1
2371	540	1000003	17	1
2369	538	1000003	17	1
2363	532	1000003	17	1
2361	531	1000003	17	1
2359	530	1000003	17	1
2358	529	1000003	17	1
2356	528	1000003	17	1
2355	520	1000003	17	1
2354	519	1000003	17	1
2353	518	1000003	17	1
2352	517	1000003	17	1
2351	506	1000003	17	1
2089	501	1000003	17	1
2387	550	1000003	17	1
2389	552	1000003	17	1
2390	529	0	15	\N
2391	531	0	15	\N
2392	540	0	15	\N
2393	541	0	15	\N
2394	546	0	15	\N
7376	886	1000003	17	\N
7377	887	1000003	17	\N
7378	888	1000003	17	\N
7379	889	1000003	17	\N
7349	859	1000003	17	\N
7373	883	1000003	17	\N
7374	884	1000003	17	\N
7375	885	1000003	17	\N
7382	892	1000003	17	1
7381	891	1000003	17	1
7380	890	1000003	17	1
7557	922	1000003	17	\N
7862	633	1000002	16	\N
7863	634	1000002	16	\N
7864	635	1000002	16	\N
7865	636	1000002	16	\N
7866	637	1000002	16	\N
7867	638	1000002	16	\N
7868	639	1000002	16	\N
7869	640	1000002	16	\N
7870	641	1000002	16	\N
7871	642	1000002	16	\N
7872	643	1000002	16	\N
7873	644	1000002	16	\N
9788	702	1000002	16	\N
9789	703	1000002	16	\N
9790	704	1000002	16	\N
9791	705	1000002	16	\N
9792	706	1000002	16	\N
9793	707	1000002	16	\N
9794	708	1000002	16	\N
9795	709	1000002	16	\N
9796	710	1000002	16	\N
9797	711	1000002	16	\N
9798	712	1000002	16	\N
9799	713	1000002	16	\N
9800	714	1000002	16	\N
9801	715	1000002	16	\N
9802	716	1000002	16	\N
9803	717	1000002	16	\N
9804	718	1000002	16	\N
9805	719	1000002	16	\N
9806	720	1000002	16	\N
9807	721	1000002	16	\N
9808	722	1000002	16	\N
9809	723	1000002	16	\N
9810	724	1000002	16	\N
9811	725	1000002	16	\N
9812	726	1000002	16	\N
9813	727	1000002	16	\N
9814	728	1000002	16	\N
9815	729	1000002	16	\N
9816	730	1000002	16	\N
9817	731	1000002	16	\N
9818	732	1000002	16	\N
9819	733	1000002	16	\N
9820	734	1000002	16	\N
9821	735	1000002	16	\N
9822	736	1000002	16	\N
9823	737	1000002	16	\N
9824	738	1000002	16	\N
9825	739	1000002	16	\N
9826	740	1000002	16	\N
9827	741	1000002	16	\N
9828	742	1000002	16	\N
9829	743	1000002	16	\N
9830	744	1000002	16	\N
9831	745	1000002	16	\N
9832	746	1000002	16	\N
9833	747	1000002	16	\N
9834	748	1000002	16	\N
9835	749	1000002	16	\N
9836	750	1000002	16	\N
9837	751	1000002	16	\N
9838	752	1000002	16	\N
9839	753	1000002	16	\N
9840	754	1000002	16	\N
9841	755	1000002	16	\N
9842	756	1000002	16	\N
9843	757	1000002	16	\N
9844	758	1000002	16	\N
9845	759	1000002	16	\N
9846	760	1000002	16	\N
9847	761	1000002	16	\N
9848	762	1000002	16	\N
9849	763	1000002	16	\N
9850	764	1000002	16	\N
9851	765	1000002	16	\N
9852	766	1000002	16	\N
9853	767	1000002	16	\N
9854	768	1000002	16	\N
9855	769	1000002	16	\N
9856	770	1000002	16	\N
9857	771	1000002	16	\N
9858	772	1000002	16	\N
9859	773	1000002	16	\N
9860	774	1000002	16	\N
9861	775	1000002	16	\N
9862	776	1000002	16	\N
9863	777	1000002	16	\N
9864	778	1000002	16	\N
9865	779	1000002	16	\N
9866	780	1000002	16	\N
9867	781	1000002	16	\N
9868	782	1000002	16	\N
9869	783	1000002	16	\N
9870	784	1000002	16	\N
9871	785	1000002	16	\N
9872	786	1000002	16	\N
9873	787	1000002	16	\N
9874	788	1000002	16	\N
9875	789	1000002	16	\N
9876	790	1000002	16	\N
9877	791	1000002	16	\N
9878	792	1000002	16	\N
9879	793	1000002	16	\N
9880	794	1000002	16	\N
9881	795	1000002	16	\N
9882	796	1000002	16	\N
9883	797	1000002	16	\N
9884	798	1000002	16	\N
9885	799	1000002	16	\N
9886	800	1000002	16	\N
9887	801	1000002	16	\N
9888	802	1000002	16	\N
9889	803	1000002	16	\N
9890	804	1000002	16	\N
9891	805	1000002	16	\N
9892	806	1000002	16	\N
9893	807	1000002	16	\N
9894	808	1000002	16	\N
9895	809	1000002	16	\N
9896	810	1000002	16	\N
9897	811	1000002	16	\N
9898	812	1000002	16	\N
9899	813	1000002	16	\N
9900	814	1000002	16	\N
9901	815	1000002	16	\N
9902	816	1000002	16	\N
9903	817	1000002	16	\N
8083	919	1000002	16	\N
13527	1032	141	141	1
13714	1061	30005	30005	1
13719	1064	139	139	1
13857	1075	119	119	1
13861	1046	10049	10047	1
14050	1083	10053	10053	1
14277	1112	20001	20001	1
8126	596	1000004	18	\N
8127	597	1000004	18	\N
8128	598	1000004	18	\N
8129	600	1000004	18	\N
8130	601	1000004	18	\N
8131	602	1000004	18	\N
8132	603	1000004	18	\N
8133	604	1000004	18	\N
8134	608	1000004	18	\N
8135	609	1000004	18	\N
8136	610	1000004	18	\N
8137	611	1000004	18	\N
8138	612	1000004	18	\N
8139	613	1000004	18	\N
8140	614	1000004	18	\N
8141	615	1000004	18	\N
8142	616	1000004	18	\N
8143	617	1000004	18	\N
8144	618	1000004	18	\N
8145	619	1000004	18	\N
8146	620	1000004	18	\N
8147	621	1000004	18	\N
8148	622	1000004	18	\N
8149	623	1000004	18	\N
8150	624	1000004	18	\N
8151	625	1000004	18	\N
8152	626	1000004	18	\N
8153	627	1000004	18	\N
8154	628	1000004	18	\N
8155	629	1000004	18	\N
8156	630	1000004	18	\N
8157	631	1000004	18	\N
8158	632	1000004	18	\N
8159	633	1000004	18	\N
8160	634	1000004	18	\N
8161	635	1000004	18	\N
8162	636	1000004	18	\N
8163	637	1000004	18	\N
8164	638	1000004	18	\N
8165	639	1000004	18	\N
8166	640	1000004	18	\N
8167	641	1000004	18	\N
8168	642	1000004	18	\N
8169	643	1000004	18	\N
8170	644	1000004	18	\N
9904	818	1000002	16	\N
9905	819	1000002	16	\N
9906	820	1000002	16	\N
9907	821	1000002	16	\N
9908	822	1000002	16	\N
9909	823	1000002	16	\N
9910	824	1000002	16	\N
9911	825	1000002	16	\N
9912	826	1000002	16	\N
9913	827	1000002	16	\N
9914	828	1000002	16	\N
9915	829	1000002	16	\N
9916	830	1000002	16	\N
9917	831	1000002	16	\N
9918	832	1000002	16	\N
9919	833	1000002	16	\N
9920	834	1000002	16	\N
9921	835	1000002	16	\N
9922	836	1000002	16	\N
9923	837	1000002	16	\N
9924	838	1000002	16	\N
9925	839	1000002	16	\N
9926	840	1000002	16	\N
9927	841	1000002	16	\N
9928	842	1000002	16	\N
9929	843	1000002	16	\N
9930	844	1000002	16	\N
9931	845	1000002	16	\N
9932	846	1000002	16	\N
9933	847	1000002	16	\N
9934	848	1000002	16	\N
9935	849	1000002	16	\N
9936	850	1000002	16	\N
9937	851	1000002	16	\N
9938	852	1000002	16	\N
9939	853	1000002	16	\N
9940	944	1000002	16	\N
9951	951	0	9	\N
13528	1033	127	127	1
13715	1046	10093	18005	1
13756	1065	128	128	\N
13764	1064	152	152	\N
9952	952	0	9	1
13765	1065	152	152	\N
10536	800	103	24	\N
10537	801	103	24	\N
10538	802	103	24	\N
10539	803	103	24	\N
10540	804	103	24	\N
10541	805	103	24	\N
10542	806	103	24	\N
10543	807	103	24	\N
10570	834	103	24	\N
10571	835	103	24	\N
10572	836	103	24	\N
10573	837	103	24	\N
10574	838	103	24	\N
10575	839	103	24	\N
10576	840	103	24	\N
10577	841	103	24	\N
10578	842	103	24	\N
10579	843	103	24	\N
10580	844	103	24	\N
10581	845	103	24	\N
10582	846	103	24	\N
10583	847	103	24	\N
10584	848	103	24	\N
10585	849	103	24	\N
10586	850	103	24	\N
10587	851	103	24	\N
10588	852	103	24	\N
10589	853	103	24	\N
10590	944	103	24	\N
13784	1046	10042	10041	1
13766	1065	139	139	1
13858	1046	10119	18009	\N
13859	1070	10119	18009	1
14051	1081	10014	10013	1
14278	1114	20001	20001	1
14279	1115	20001	20001	1
14280	1116	20001	20001	1
11018	855	0	8	\N
11019	858	0	8	\N
11020	924	0	8	\N
11021	927	0	8	\N
11022	933	0	8	\N
11023	942	0	8	\N
11024	954	0	8	\N
11025	955	0	8	\N
13529	1015	10028	10028	1
13574	1036	20006	20006	1
13586	1040	104	104	1
13573	1037	132	132	1
13716	1046	10060	10059	1
13860	1076	133	133	\N
14052	1081	10059	10059	1
14281	1117	1000001	14	\N
8393	505	1000005	19	\N
8394	506	1000005	19	\N
8395	517	1000005	19	\N
8396	518	1000005	19	\N
8397	519	1000005	19	\N
8398	520	1000005	19	\N
8399	529	1000005	19	\N
8400	531	1000005	19	\N
8401	540	1000005	19	\N
8402	541	1000005	19	\N
8403	546	1000005	19	\N
8404	567	1000005	19	\N
8405	591	1000005	19	\N
8406	592	1000005	19	\N
8407	593	1000005	19	\N
8408	594	1000005	19	\N
8409	596	1000005	19	\N
8410	597	1000005	19	\N
8411	598	1000005	19	\N
8412	600	1000005	19	\N
8413	601	1000005	19	\N
8414	602	1000005	19	\N
8415	603	1000005	19	\N
8416	604	1000005	19	\N
8417	608	1000005	19	\N
8418	609	1000005	19	\N
8419	610	1000005	19	\N
8420	611	1000005	19	\N
8421	612	1000005	19	\N
8422	613	1000005	19	\N
8423	614	1000005	19	\N
8424	615	1000005	19	\N
8425	616	1000005	19	\N
8426	617	1000005	19	\N
8427	618	1000005	19	\N
8428	619	1000005	19	\N
8429	620	1000005	19	\N
8430	621	1000005	19	\N
8431	622	1000005	19	\N
8432	623	1000005	19	\N
8433	624	1000005	19	\N
8434	625	1000005	19	\N
8435	626	1000005	19	\N
8436	627	1000005	19	\N
8437	628	1000005	19	\N
8438	629	1000005	19	\N
8439	630	1000005	19	\N
8440	631	1000005	19	\N
8441	632	1000005	19	\N
8442	633	1000005	19	\N
8443	634	1000005	19	\N
8444	635	1000005	19	\N
8445	636	1000005	19	\N
8446	637	1000005	19	\N
8447	638	1000005	19	\N
8448	639	1000005	19	\N
8449	640	1000005	19	\N
8450	641	1000005	19	\N
8451	642	1000005	19	\N
8452	643	1000005	19	\N
8453	644	1000005	19	\N
10549	813	103	24	\N
10550	814	103	24	\N
10551	815	103	24	\N
10552	816	103	24	\N
10553	817	103	24	\N
10554	818	103	24	\N
10555	819	103	24	\N
10556	820	103	24	\N
10557	821	103	24	\N
10558	822	103	24	\N
10559	823	103	24	\N
10560	824	103	24	\N
10561	825	103	24	\N
10562	826	103	24	\N
10563	827	103	24	\N
10564	828	103	24	\N
10565	829	103	24	\N
10566	830	103	24	\N
10567	831	103	24	\N
10568	832	103	24	\N
10569	833	103	24	\N
9944	952	20001	12	1
10591	586	102	7	\N
10592	587	102	7	\N
10593	588	102	7	\N
10594	590	102	7	\N
13531	1035	123	123	\N
13536	1036	20007	20007	1
13552	1037	152	152	1
13554	1037	116	116	1
13546	1036	20003	20003	1
13569	1037	124	124	1
13556	1037	108	108	1
13564	1037	129	129	1
13538	1036	20002	20002	1
13532	1036	20005	20005	1
13717	1064	114	114	\N
13862	1046	10104	10102	1
13872	1077	140	140	\N
13864	1077	134	134	1
14058	1098	20010	20010	1
14067	1098	20003	20003	\N
14063	1098	20009	20009	1
14061	1098	20005	20005	1
14074	1100	10005	10005	\N
14075	1100	10100	10100	\N
14077	1100	10076	10075	1
14073	1100	10133	10133	1
14076	1100	10023	10023	1
14125	1101	135	135	\N
14132	1100	10053	10053	1
14145	1101	130	130	\N
14146	1100	10036	10036	1
14157	1100	10057	10055	\N
14165	1100	10142	10142	\N
14170	1101	103	103	1
14153	1101	127	127	1
14127	1100	10052	10052	1
14060	1098	20007	20007	1
14057	1098	20002	20002	1
14158	1101	101	101	1
14144	1100	10024	10024	1
8663	505	1000006	20	\N
8664	506	1000006	20	\N
8665	517	1000006	20	\N
8666	518	1000006	20	\N
8667	519	1000006	20	\N
8668	520	1000006	20	\N
8669	529	1000006	20	\N
8670	531	1000006	20	\N
8671	540	1000006	20	\N
8672	541	1000006	20	\N
8673	546	1000006	20	\N
8674	567	1000006	20	\N
8675	591	1000006	20	\N
8676	592	1000006	20	\N
8677	593	1000006	20	\N
8678	594	1000006	20	\N
8679	596	1000006	20	\N
8680	597	1000006	20	\N
8681	598	1000006	20	\N
8682	600	1000006	20	\N
8683	601	1000006	20	\N
8684	602	1000006	20	\N
8685	603	1000006	20	\N
8686	604	1000006	20	\N
8687	608	1000006	20	\N
8688	609	1000006	20	\N
8689	610	1000006	20	\N
8690	611	1000006	20	\N
8691	612	1000006	20	\N
8692	613	1000006	20	\N
8693	614	1000006	20	\N
8694	615	1000006	20	\N
8695	616	1000006	20	\N
8696	617	1000006	20	\N
8697	618	1000006	20	\N
8698	619	1000006	20	\N
8699	620	1000006	20	\N
8700	621	1000006	20	\N
8701	622	1000006	20	\N
8702	623	1000006	20	\N
8703	624	1000006	20	\N
8704	625	1000006	20	\N
8705	626	1000006	20	\N
8706	627	1000006	20	\N
8707	628	1000006	20	\N
8708	629	1000006	20	\N
8709	630	1000006	20	\N
8710	631	1000006	20	\N
8711	632	1000006	20	\N
8712	633	1000006	20	\N
8713	634	1000006	20	\N
8714	635	1000006	20	\N
8715	636	1000006	20	\N
8716	637	1000006	20	\N
8717	638	1000006	20	\N
8718	639	1000006	20	\N
8719	640	1000006	20	\N
8720	641	1000006	20	\N
8721	642	1000006	20	\N
8722	643	1000006	20	\N
8723	644	1000006	20	\N
13540	1037	147	147	1
13548	1037	130	130	\N
9973	953	0	9	\N
10595	501	10001	24	\N
10596	502	10001	24	\N
10597	503	10001	24	\N
10598	505	10001	24	\N
10599	506	10001	24	\N
10600	517	10001	24	\N
10601	518	10001	24	\N
10602	519	10001	24	\N
10603	520	10001	24	\N
10604	529	10001	24	\N
10605	531	10001	24	\N
10606	540	10001	24	\N
10607	541	10001	24	\N
10608	546	10001	24	\N
10609	567	10001	24	\N
10610	591	10001	24	\N
10611	592	10001	24	\N
10612	593	10001	24	\N
10613	594	10001	24	\N
10614	596	10001	24	\N
10615	597	10001	24	\N
10616	598	10001	24	\N
10617	600	10001	24	\N
10618	601	10001	24	\N
10619	602	10001	24	\N
10620	603	10001	24	\N
10621	604	10001	24	\N
10622	608	10001	24	\N
10623	609	10001	24	\N
10624	610	10001	24	\N
10625	611	10001	24	\N
10626	612	10001	24	\N
10627	613	10001	24	\N
10628	614	10001	24	\N
10629	615	10001	24	\N
10630	616	10001	24	\N
10631	617	10001	24	\N
10632	618	10001	24	\N
10633	619	10001	24	\N
10634	620	10001	24	\N
10635	621	10001	24	\N
10636	622	10001	24	\N
10637	623	10001	24	\N
10638	624	10001	24	\N
10639	625	10001	24	\N
10640	626	10001	24	\N
10641	627	10001	24	\N
10642	628	10001	24	\N
10643	629	10001	24	\N
10644	630	10001	24	\N
10645	631	10001	24	\N
10646	632	10001	24	\N
10647	633	10001	24	\N
10648	634	10001	24	\N
10649	635	10001	24	\N
10650	636	10001	24	\N
10651	637	10001	24	\N
10652	638	10001	24	\N
10653	639	10001	24	\N
10654	640	10001	24	\N
10655	641	10001	24	\N
10656	642	10001	24	\N
10657	643	10001	24	\N
10658	644	10001	24	\N
10659	645	10001	24	\N
10660	646	10001	24	\N
10661	647	10001	24	\N
10662	648	10001	24	\N
10663	649	10001	24	\N
10664	650	10001	24	\N
10665	651	10001	24	\N
10666	652	10001	24	\N
10667	653	10001	24	\N
10668	654	10001	24	\N
10669	655	10001	24	\N
10670	656	10001	24	\N
10671	657	10001	24	\N
10672	658	10001	24	\N
10673	659	10001	24	\N
10674	660	10001	24	\N
10675	661	10001	24	\N
10676	662	10001	24	\N
10677	663	10001	24	\N
10678	664	10001	24	\N
10679	665	10001	24	\N
10680	666	10001	24	\N
10681	667	10001	24	\N
10682	668	10001	24	\N
10683	669	10001	24	\N
10684	670	10001	24	\N
10685	671	10001	24	\N
10686	672	10001	24	\N
10687	673	10001	24	\N
10688	674	10001	24	\N
10689	675	10001	24	\N
10690	676	10001	24	\N
10691	677	10001	24	\N
10692	678	10001	24	\N
10693	679	10001	24	\N
10694	680	10001	24	\N
10695	681	10001	24	\N
10696	682	10001	24	\N
10697	683	10001	24	\N
10698	684	10001	24	\N
10699	685	10001	24	\N
10700	686	10001	24	\N
10701	687	10001	24	\N
10702	688	10001	24	\N
10703	689	10001	24	\N
10704	690	10001	24	\N
10705	691	10001	24	\N
10706	692	10001	24	\N
10707	693	10001	24	\N
10708	694	10001	24	\N
10709	695	10001	24	\N
10710	696	10001	24	\N
10711	697	10001	24	\N
10712	698	10001	24	\N
10713	699	10001	24	\N
10714	700	10001	24	\N
10715	701	10001	24	\N
10716	702	10001	24	\N
10717	703	10001	24	\N
10718	704	10001	24	\N
10719	705	10001	24	\N
10720	706	10001	24	\N
10721	707	10001	24	\N
10722	708	10001	24	\N
10723	709	10001	24	\N
10724	710	10001	24	\N
10725	711	10001	24	\N
10726	712	10001	24	\N
10727	713	10001	24	\N
10728	714	10001	24	\N
10729	715	10001	24	\N
10730	716	10001	24	\N
10731	717	10001	24	\N
10732	718	10001	24	\N
10733	719	10001	24	\N
10734	720	10001	24	\N
10735	721	10001	24	\N
10736	722	10001	24	\N
10737	723	10001	24	\N
10738	724	10001	24	\N
10739	725	10001	24	\N
10740	726	10001	24	\N
10741	727	10001	24	\N
10742	728	10001	24	\N
10743	729	10001	24	\N
10744	730	10001	24	\N
10745	731	10001	24	\N
10746	732	10001	24	\N
10747	733	10001	24	\N
10748	734	10001	24	\N
10749	735	10001	24	\N
10750	736	10001	24	\N
10751	737	10001	24	\N
10752	738	10001	24	\N
10753	739	10001	24	\N
10754	740	10001	24	\N
10755	741	10001	24	\N
10756	742	10001	24	\N
10757	743	10001	24	\N
10758	744	10001	24	\N
10759	745	10001	24	\N
10760	746	10001	24	\N
10761	747	10001	24	\N
10762	748	10001	24	\N
10763	749	10001	24	\N
10764	750	10001	24	\N
10765	751	10001	24	\N
10766	752	10001	24	\N
10767	753	10001	24	\N
10768	754	10001	24	\N
10769	755	10001	24	\N
10770	756	10001	24	\N
10771	757	10001	24	\N
10772	758	10001	24	\N
13551	1037	126	126	1
13533	1036	20001	20001	1
13534	1036	20004	20004	\N
10773	759	10001	24	\N
10774	760	10001	24	\N
10775	761	10001	24	\N
10776	762	10001	24	\N
10777	763	10001	24	\N
10778	764	10001	24	\N
10779	765	10001	24	\N
10780	766	10001	24	\N
10781	767	10001	24	\N
10782	768	10001	24	\N
10783	769	10001	24	\N
10784	770	10001	24	\N
10785	771	10001	24	\N
10786	772	10001	24	\N
10787	773	10001	24	\N
10788	774	10001	24	\N
10789	775	10001	24	\N
10790	776	10001	24	\N
10791	777	10001	24	\N
10792	778	10001	24	\N
10793	779	10001	24	\N
10794	780	10001	24	\N
10795	781	10001	24	\N
10796	782	10001	24	\N
10797	783	10001	24	\N
10798	784	10001	24	\N
10799	785	10001	24	\N
10800	786	10001	24	\N
10801	787	10001	24	\N
10802	788	10001	24	\N
10803	789	10001	24	\N
10804	790	10001	24	\N
10805	791	10001	24	\N
10806	792	10001	24	\N
10807	793	10001	24	\N
10808	794	10001	24	\N
10809	795	10001	24	\N
10810	796	10001	24	\N
10811	797	10001	24	\N
10812	798	10001	24	\N
10813	799	10001	24	\N
10814	800	10001	24	\N
10815	801	10001	24	\N
10816	802	10001	24	\N
10817	803	10001	24	\N
10818	804	10001	24	\N
10819	805	10001	24	\N
10820	806	10001	24	\N
10821	807	10001	24	\N
10822	808	10001	24	\N
10823	809	10001	24	\N
10824	810	10001	24	\N
10825	811	10001	24	\N
10826	812	10001	24	\N
10827	813	10001	24	\N
10828	814	10001	24	\N
10829	815	10001	24	\N
10830	816	10001	24	\N
10831	817	10001	24	\N
10832	818	10001	24	\N
10833	819	10001	24	\N
10834	820	10001	24	\N
10835	821	10001	24	\N
10836	822	10001	24	\N
10837	823	10001	24	\N
10838	824	10001	24	\N
10839	825	10001	24	\N
10840	826	10001	24	\N
10841	827	10001	24	\N
10842	828	10001	24	\N
10843	829	10001	24	\N
10844	830	10001	24	\N
10845	831	10001	24	\N
10846	832	10001	24	\N
10847	833	10001	24	\N
10848	834	10001	24	\N
10849	835	10001	24	\N
10850	836	10001	24	\N
10851	837	10001	24	\N
10852	838	10001	24	\N
10853	839	10001	24	\N
10854	840	10001	24	\N
10855	841	10001	24	\N
10856	842	10001	24	\N
10857	843	10001	24	\N
10858	844	10001	24	\N
10859	845	10001	24	\N
10860	846	10001	24	\N
10861	847	10001	24	\N
10862	848	10001	24	\N
10863	849	10001	24	\N
10864	850	10001	24	\N
10865	851	10001	24	\N
10866	852	10001	24	\N
10867	853	10001	24	\N
10868	944	10001	24	\N
13535	1036	20010	20010	1
13559	1037	148	148	1
13539	1036	20009	20009	1
13570	1037	121	121	1
13567	1037	115	115	1
13585	1039	103	103	1
13587	1041	10050	10050	1
13545	1037	102	102	1
13592	1037	138	138	\N
13589	1042	132	132	1
13550	1037	149	149	1
13718	1064	113	113	1
13729	1064	135	135	\N
13730	1065	135	135	\N
13721	1064	108	108	1
13749	1065	114	114	\N
13750	1064	138	138	\N
13751	1065	138	138	\N
13761	1064	149	149	\N
13775	1064	140	140	\N
13776	1065	140	140	\N
13782	1064	141	141	1
13783	1065	141	141	1
13762	1065	149	149	1
13865	1077	144	144	\N
13867	1077	122	122	1
13863	1077	110	110	1
13874	1077	116	116	1
14066	1081	10047	10047	1
14062	1098	20004	20004	1
14065	1056	10047	10047	1
14064	1046	10047	10047	1
14071	1100	10051	10050	\N
14079	1101	113	113	\N
14080	1100	10112	10112	1
14108	1101	117	117	\N
14115	1101	106	106	1
14133	1101	108	108	\N
14135	1100	10040	10038	1
14123	1100	10087	10087	1
14147	1101	141	141	\N
14150	1100	10132	10131	\N
14151	1101	102	102	\N
14152	1100	10061	10061	1
14172	1101	110	110	1
14072	1100	10080	10080	1
14174	1100	10075	10075	1
14120	1101	122	122	1
14173	1100	10008	18002	1
14126	1101	104	104	1
14117	1101	143	143	1
14136	1100	10004	10004	1
14070	1098	20001	20001	1
13547	1037	101	101	1
8933	567	1000007	21	\N
8934	591	1000007	21	\N
8935	592	1000007	21	\N
8936	593	1000007	21	\N
8937	594	1000007	21	\N
8938	596	1000007	21	\N
8939	597	1000007	21	\N
8940	598	1000007	21	\N
8941	600	1000007	21	\N
8942	601	1000007	21	\N
8943	602	1000007	21	\N
8944	603	1000007	21	\N
8945	604	1000007	21	\N
8946	608	1000007	21	\N
8947	609	1000007	21	\N
8948	610	1000007	21	\N
8949	611	1000007	21	\N
8950	612	1000007	21	\N
8951	613	1000007	21	\N
8952	614	1000007	21	\N
8953	615	1000007	21	\N
8954	616	1000007	21	\N
8955	617	1000007	21	\N
8956	618	1000007	21	\N
8957	619	1000007	21	\N
8958	620	1000007	21	\N
8959	621	1000007	21	\N
8960	622	1000007	21	\N
8961	623	1000007	21	\N
8962	624	1000007	21	\N
8963	625	1000007	21	\N
8964	626	1000007	21	\N
8965	627	1000007	21	\N
8966	628	1000007	21	\N
8967	629	1000007	21	\N
8968	630	1000007	21	\N
8969	631	1000007	21	\N
8970	632	1000007	21	\N
8971	633	1000007	21	\N
8972	634	1000007	21	\N
8973	635	1000007	21	\N
8974	636	1000007	21	\N
8975	637	1000007	21	\N
8976	638	1000007	21	\N
8977	639	1000007	21	\N
8978	640	1000007	21	\N
8979	641	1000007	21	\N
8980	642	1000007	21	\N
8981	643	1000007	21	\N
8982	644	1000007	21	\N
9974	645	1000001	14	\N
9975	646	1000001	14	\N
9976	647	1000001	14	\N
9977	648	1000001	14	\N
9978	649	1000001	14	\N
9979	650	1000001	14	\N
9980	651	1000001	14	\N
9981	652	1000001	14	\N
9982	653	1000001	14	\N
9983	654	1000001	14	\N
9984	655	1000001	14	\N
9985	656	1000001	14	\N
9986	657	1000001	14	\N
9987	658	1000001	14	\N
9988	659	1000001	14	\N
9989	660	1000001	14	\N
9990	661	1000001	14	\N
9991	662	1000001	14	\N
9992	663	1000001	14	\N
9993	664	1000001	14	\N
9994	665	1000001	14	\N
9995	666	1000001	14	\N
9996	667	1000001	14	\N
9997	668	1000001	14	\N
9998	669	1000001	14	\N
9999	670	1000001	14	\N
10000	671	1000001	14	\N
10001	672	1000001	14	\N
10002	673	1000001	14	\N
10003	674	1000001	14	\N
10004	675	1000001	14	\N
10005	676	1000001	14	\N
10006	677	1000001	14	\N
10007	678	1000001	14	\N
10008	679	1000001	14	\N
10009	680	1000001	14	\N
10010	681	1000001	14	\N
10011	682	1000001	14	\N
10012	683	1000001	14	\N
10013	684	1000001	14	\N
10014	685	1000001	14	\N
10015	686	1000001	14	\N
10016	687	1000001	14	\N
10017	688	1000001	14	\N
10018	689	1000001	14	\N
10019	690	1000001	14	\N
10020	691	1000001	14	\N
10021	692	1000001	14	\N
10022	693	1000001	14	\N
10023	694	1000001	14	\N
10024	695	1000001	14	\N
10025	696	1000001	14	\N
10026	697	1000001	14	\N
10027	698	1000001	14	\N
10028	699	1000001	14	\N
10029	700	1000001	14	\N
10030	701	1000001	14	\N
10031	702	1000001	14	\N
10032	703	1000001	14	\N
10033	704	1000001	14	\N
10034	705	1000001	14	\N
10035	706	1000001	14	\N
10036	707	1000001	14	\N
10037	708	1000001	14	\N
10038	709	1000001	14	\N
10039	710	1000001	14	\N
10040	711	1000001	14	\N
10041	712	1000001	14	\N
10042	713	1000001	14	\N
10043	714	1000001	14	\N
10044	715	1000001	14	\N
10045	716	1000001	14	\N
10046	717	1000001	14	\N
10047	718	1000001	14	\N
10048	719	1000001	14	\N
10049	720	1000001	14	\N
10050	721	1000001	14	\N
10051	722	1000001	14	\N
10052	723	1000001	14	\N
10053	724	1000001	14	\N
10054	725	1000001	14	\N
10055	726	1000001	14	\N
10056	727	1000001	14	\N
10057	728	1000001	14	\N
10058	729	1000001	14	\N
10059	730	1000001	14	\N
10060	731	1000001	14	\N
10061	732	1000001	14	\N
10062	733	1000001	14	\N
10063	734	1000001	14	\N
10064	735	1000001	14	\N
10065	736	1000001	14	\N
10066	737	1000001	14	\N
10067	738	1000001	14	\N
10068	739	1000001	14	\N
10069	740	1000001	14	\N
10070	741	1000001	14	\N
10071	742	1000001	14	\N
10072	743	1000001	14	\N
10073	744	1000001	14	\N
10074	745	1000001	14	\N
10075	746	1000001	14	\N
10076	747	1000001	14	\N
10077	748	1000001	14	\N
10078	749	1000001	14	\N
10079	750	1000001	14	\N
10080	751	1000001	14	\N
10081	752	1000001	14	\N
10082	753	1000001	14	\N
10083	754	1000001	14	\N
10084	755	1000001	14	\N
10085	756	1000001	14	\N
10086	757	1000001	14	\N
10087	758	1000001	14	\N
10088	759	1000001	14	\N
10089	760	1000001	14	\N
10090	761	1000001	14	\N
10091	762	1000001	14	\N
10092	763	1000001	14	\N
10093	764	1000001	14	\N
10094	765	1000001	14	\N
10095	766	1000001	14	\N
10096	767	1000001	14	\N
10097	768	1000001	14	\N
10098	769	1000001	14	\N
10099	770	1000001	14	\N
10100	771	1000001	14	\N
10101	772	1000001	14	\N
10102	773	1000001	14	\N
10103	774	1000001	14	\N
10104	775	1000001	14	\N
10105	776	1000001	14	\N
10106	777	1000001	14	\N
10107	778	1000001	14	\N
10108	779	1000001	14	\N
10109	780	1000001	14	\N
10110	781	1000001	14	\N
10111	782	1000001	14	\N
10112	783	1000001	14	\N
10113	784	1000001	14	\N
10114	785	1000001	14	\N
10115	786	1000001	14	\N
10116	787	1000001	14	\N
10117	788	1000001	14	\N
10118	789	1000001	14	\N
10119	790	1000001	14	\N
10120	791	1000001	14	\N
10121	792	1000001	14	\N
10122	793	1000001	14	\N
10123	794	1000001	14	\N
10124	795	1000001	14	\N
10125	796	1000001	14	\N
10126	797	1000001	14	\N
10127	798	1000001	14	\N
10128	799	1000001	14	\N
10129	800	1000001	14	\N
10130	801	1000001	14	\N
10131	802	1000001	14	\N
10132	803	1000001	14	\N
10133	804	1000001	14	\N
10134	805	1000001	14	\N
10135	806	1000001	14	\N
10136	807	1000001	14	\N
10137	808	1000001	14	\N
10138	809	1000001	14	\N
10139	810	1000001	14	\N
10140	811	1000001	14	\N
10141	812	1000001	14	\N
10142	813	1000001	14	\N
10143	814	1000001	14	\N
10144	815	1000001	14	\N
10145	816	1000001	14	\N
10146	817	1000001	14	\N
10147	818	1000001	14	\N
10148	819	1000001	14	\N
10149	820	1000001	14	\N
10150	821	1000001	14	\N
10151	822	1000001	14	\N
10152	823	1000001	14	\N
10153	824	1000001	14	\N
10154	825	1000001	14	\N
10155	826	1000001	14	\N
10156	827	1000001	14	\N
10157	828	1000001	14	\N
10158	829	1000001	14	\N
10159	830	1000001	14	\N
10160	831	1000001	14	\N
10161	832	1000001	14	\N
10162	833	1000001	14	\N
10163	834	1000001	14	\N
10164	835	1000001	14	\N
10165	836	1000001	14	\N
10166	837	1000001	14	\N
10167	838	1000001	14	\N
10168	839	1000001	14	\N
10169	840	1000001	14	\N
10170	841	1000001	14	\N
10171	842	1000001	14	\N
10172	843	1000001	14	\N
10173	844	1000001	14	\N
10174	845	1000001	14	\N
10175	846	1000001	14	\N
10176	847	1000001	14	\N
10177	848	1000001	14	\N
10178	849	1000001	14	\N
10179	850	1000001	14	\N
10180	851	1000001	14	\N
10181	852	1000001	14	\N
10182	853	1000001	14	\N
13537	1036	20008	20008	1
13563	1037	144	144	\N
13560	1037	104	104	1
9198	944	0	15	\N
9199	944	1000003	17	\N
9200	945	1000003	17	\N
9201	946	1000003	17	\N
13581	1037	145	145	1
13571	1037	150	150	1
13575	1037	106	106	1
13558	1037	119	119	1
13720	1064	128	128	\N
13722	1064	121	121	1
13723	1064	123	123	\N
13758	1064	124	124	\N
13759	1065	124	124	\N
9215	645	1000003	17	\N
9216	646	1000003	17	\N
9217	647	1000003	17	\N
9218	648	1000003	17	\N
9219	649	1000003	17	\N
9220	650	1000003	17	\N
9221	651	1000003	17	\N
9222	652	1000003	17	\N
9223	653	1000003	17	\N
9224	654	1000003	17	\N
9225	655	1000003	17	\N
9226	656	1000003	17	\N
9227	657	1000003	17	\N
9228	658	1000003	17	\N
9229	659	1000003	17	\N
9230	660	1000003	17	\N
9231	661	1000003	17	\N
9232	662	1000003	17	\N
9233	663	1000003	17	\N
9234	664	1000003	17	\N
9235	665	1000003	17	\N
9236	666	1000003	17	\N
9237	667	1000003	17	\N
9238	668	1000003	17	\N
9239	669	1000003	17	\N
9240	670	1000003	17	\N
9241	671	1000003	17	\N
9242	672	1000003	17	\N
9243	673	1000003	17	\N
9244	674	1000003	17	\N
9245	675	1000003	17	\N
9246	676	1000003	17	\N
9247	677	1000003	17	\N
9248	678	1000003	17	\N
9249	679	1000003	17	\N
9250	680	1000003	17	\N
9251	681	1000003	17	\N
9252	682	1000003	17	\N
9253	683	1000003	17	\N
9254	684	1000003	17	\N
9255	685	1000003	17	\N
9256	686	1000003	17	\N
9257	687	1000003	17	\N
9258	688	1000003	17	\N
9259	689	1000003	17	\N
9260	690	1000003	17	\N
9261	691	1000003	17	\N
9262	692	1000003	17	\N
9263	693	1000003	17	\N
9264	694	1000003	17	\N
9265	695	1000003	17	\N
9266	696	1000003	17	\N
9267	697	1000003	17	\N
9268	698	1000003	17	\N
9269	699	1000003	17	\N
9270	700	1000003	17	\N
9271	701	1000003	17	\N
9272	702	1000003	17	\N
9273	703	1000003	17	\N
9274	704	1000003	17	\N
9275	705	1000003	17	\N
9276	706	1000003	17	\N
9277	707	1000003	17	\N
9278	708	1000003	17	\N
9279	709	1000003	17	\N
9280	710	1000003	17	\N
9281	711	1000003	17	\N
9282	712	1000003	17	\N
9283	713	1000003	17	\N
9284	714	1000003	17	\N
9285	715	1000003	17	\N
9286	716	1000003	17	\N
9287	717	1000003	17	\N
9288	718	1000003	17	\N
9289	719	1000003	17	\N
9290	720	1000003	17	\N
9291	721	1000003	17	\N
9292	722	1000003	17	\N
9293	723	1000003	17	\N
9294	724	1000003	17	\N
9295	725	1000003	17	\N
9296	726	1000003	17	\N
9297	727	1000003	17	\N
10183	944	1000001	14	\N
13785	1064	117	117	\N
13786	1065	117	117	\N
13753	1065	127	127	1
13752	1064	127	127	1
13866	1077	146	146	\N
13780	1064	131	131	1
13873	1077	137	137	\N
9298	728	1000003	17	\N
9299	729	1000003	17	\N
9300	730	1000003	17	\N
9301	731	1000003	17	\N
9302	732	1000003	17	\N
9303	733	1000003	17	\N
9304	734	1000003	17	\N
9305	735	1000003	17	\N
9306	736	1000003	17	\N
9307	737	1000003	17	\N
9308	738	1000003	17	\N
9309	739	1000003	17	\N
9310	740	1000003	17	\N
9311	741	1000003	17	\N
9312	742	1000003	17	\N
9313	743	1000003	17	\N
9314	744	1000003	17	\N
9315	745	1000003	17	\N
9316	746	1000003	17	\N
9317	747	1000003	17	\N
9318	748	1000003	17	\N
9319	749	1000003	17	\N
9320	750	1000003	17	\N
9321	751	1000003	17	\N
9322	752	1000003	17	\N
9323	753	1000003	17	\N
9324	754	1000003	17	\N
9325	755	1000003	17	\N
9326	756	1000003	17	\N
9327	757	1000003	17	\N
9328	758	1000003	17	\N
9329	759	1000003	17	\N
9330	760	1000003	17	\N
9331	761	1000003	17	\N
9332	762	1000003	17	\N
9333	763	1000003	17	\N
9334	764	1000003	17	\N
9335	765	1000003	17	\N
9336	766	1000003	17	\N
9337	767	1000003	17	\N
9338	768	1000003	17	\N
9339	769	1000003	17	\N
9340	770	1000003	17	\N
9341	771	1000003	17	\N
9342	772	1000003	17	\N
9343	773	1000003	17	\N
9344	774	1000003	17	\N
9345	775	1000003	17	\N
9346	776	1000003	17	\N
9347	777	1000003	17	\N
9348	778	1000003	17	\N
9349	779	1000003	17	\N
9350	780	1000003	17	\N
9351	781	1000003	17	\N
9352	782	1000003	17	\N
9353	783	1000003	17	\N
9354	784	1000003	17	\N
9355	785	1000003	17	\N
9356	786	1000003	17	\N
9357	787	1000003	17	\N
9358	788	1000003	17	\N
9359	789	1000003	17	\N
9360	790	1000003	17	\N
9361	791	1000003	17	\N
9362	792	1000003	17	\N
9363	793	1000003	17	\N
9364	794	1000003	17	\N
9365	795	1000003	17	\N
9366	796	1000003	17	\N
9367	797	1000003	17	\N
9368	798	1000003	17	\N
9369	799	1000003	17	\N
9370	800	1000003	17	\N
9371	801	1000003	17	\N
9372	802	1000003	17	\N
9373	803	1000003	17	\N
9374	804	1000003	17	\N
9375	805	1000003	17	\N
9376	806	1000003	17	\N
9377	807	1000003	17	\N
9378	808	1000003	17	\N
9379	809	1000003	17	\N
9380	810	1000003	17	\N
9381	811	1000003	17	\N
9382	812	1000003	17	\N
9383	813	1000003	17	\N
9384	814	1000003	17	\N
9385	815	1000003	17	\N
9386	816	1000003	17	\N
9387	817	1000003	17	\N
9388	818	1000003	17	\N
9389	819	1000003	17	\N
9390	820	1000003	17	\N
9391	821	1000003	17	\N
9392	822	1000003	17	\N
9393	823	1000003	17	\N
9394	824	1000003	17	\N
9395	825	1000003	17	\N
9396	826	1000003	17	\N
9397	827	1000003	17	\N
9398	828	1000003	17	\N
9399	829	1000003	17	\N
9400	830	1000003	17	\N
9401	831	1000003	17	\N
9402	832	1000003	17	\N
9403	833	1000003	17	\N
9404	834	1000003	17	\N
9405	835	1000003	17	\N
9406	836	1000003	17	\N
9407	837	1000003	17	\N
9408	838	1000003	17	\N
9409	839	1000003	17	\N
9410	840	1000003	17	\N
9411	841	1000003	17	\N
9412	842	1000003	17	\N
9413	843	1000003	17	\N
9414	844	1000003	17	\N
9415	845	1000003	17	\N
9416	846	1000003	17	\N
9417	847	1000003	17	\N
9418	848	1000003	17	\N
9419	849	1000003	17	\N
9420	850	1000003	17	\N
9421	851	1000003	17	\N
9422	852	1000003	17	\N
9423	853	1000003	17	\N
13543	1037	107	107	1
13544	1037	103	103	1
13541	1037	111	111	1
13542	1037	123	123	1
13557	1037	113	113	\N
13549	1037	143	143	1
13562	1037	105	105	1
13568	1037	128	128	1
13572	1037	140	140	1
13579	1037	133	133	\N
13553	1037	146	146	1
13588	1037	137	137	1
13724	1064	150	150	\N
13771	1064	130	130	\N
13772	1065	130	130	\N
13763	1065	123	123	1
13871	1077	115	115	1
14059	1098	20008	20008	1
13561	1037	151	151	\N
13578	1037	135	135	\N
13576	1037	136	136	1
13580	1037	139	139	1
13565	1037	127	127	1
13582	1037	112	112	1
13590	1037	110	110	\N
13577	1037	117	117	1
13727	1064	144	144	\N
13728	1065	144	144	\N
13747	1064	151	151	\N
13743	1064	104	104	1
13754	1064	103	103	\N
13744	1065	104	104	1
13734	1065	148	148	1
13755	1065	103	103	1
13760	1046	10094	18007	1
13779	1065	113	113	1
13789	1065	108	108	1
13788	1066	127	127	1
13555	1037	141	141	1
13778	1065	147	147	1
13738	1065	116	116	1
13737	1064	116	116	1
13777	1064	147	147	1
13893	1081	10052	10052	1
14068	1098	20006	20006	1
14078	1100	10074	10074	\N
14081	1100	10030	10030	1
14094	1101	144	144	\N
14097	1100	10086	10085	\N
14091	1101	107	107	1
14100	1100	10068	10068	1
14099	1100	10092	18005	1
14113	1100	10069	10068	1
14106	1100	10022	10021	1
13884	1077	138	138	\N
13903	1081	10117	10117	1
13916	1081	10078	10077	1
13733	1064	148	148	1
13947	1077	149	149	\N
13948	1081	10093	18005	1
13748	1065	151	151	1
14103	1101	114	114	1
13907	1081	10044	10044	1
11407	962	40001	26	\N
11408	962	0	25	\N
11409	968	40001	26	\N
11410	972	40001	26	\N
13875	1077	132	132	1
13886	1077	106	106	1
13768	1065	106	106	1
13767	1064	106	106	1
13882	1077	108	108	1
11415	973	40001	26	\N
14121	1101	109	109	\N
14122	1100	10032	10031	\N
14124	1101	0	146	\N
14129	1100	10058	10058	\N
14131	1100	10035	10033	\N
14134	1101	126	126	1
14140	1101	124	124	\N
14089	1100	10078	10077	1
14142	1101	111	111	\N
14148	1101	140	140	\N
14149	1101	148	148	\N
14139	1100	10115	10113	1
14156	1100	10113	10113	\N
14159	1101	149	149	\N
14160	1100	10029	10028	\N
14164	1100	10081	10080	\N
14161	1100	10077	10077	1
13566	1037	131	131	1
14169	1100	10041	10041	\N
14171	1100	10099	10098	1
14138	1100	10020	18001	1
14130	1101	131	131	1
14178	1100	10060	10059	\N
14179	1081	10145	10142	\N
14180	1100	10145	10142	1
14155	1101	105	105	1
14162	1100	10027	10025	1
14141	1100	10002	10002	1
14119	1100	10062	10062	1
14128	1101	139	139	1
11513	977	40001	26	\N
13583	1037	109	109	1
13584	1037	134	134	1
13591	1037	122	122	1
13731	1064	111	111	\N
13732	1065	111	111	\N
13745	1064	120	120	\N
13757	1065	121	121	1
13792	1064	133	133	\N
13968	1078	10029	10028	1
13985	1081	10058	10058	1
14069	1099	20010	20010	1
14086	1101	137	137	\N
14082	1101	132	132	1
14090	1101	125	125	\N
14093	1101	128	128	\N
14102	1101	116	116	\N
14095	1101	147	147	1
14110	1101	123	123	\N
14111	1101	119	119	\N
14092	1100	10044	10044	1
14105	1100	10072	10072	1
14116	1100	10071	10068	1
13793	1065	133	133	\N
13773	1064	134	134	1
13774	1065	134	134	1
13746	1065	120	120	1
13880	1077	123	123	1
13911	1077	152	152	\N
14118	1101	118	118	\N
13915	1081	10031	10031	\N
14083	1100	10119	18009	1
14087	1100	10028	10028	1
13912	1081	10022	10021	1
14163	1100	10045	10045	\N
14088	1100	10066	10066	1
13888	1077	139	139	1
13942	1077	143	143	\N
13943	1081	10010	18002	\N
13931	1081	10020	18001	1
13952	1081	10032	10031	\N
13941	1077	118	118	1
13962	1081	10069	10068	1
13967	1081	10071	10068	1
13951	1077	104	104	1
13969	1081	10029	10028	\N
13970	1081	10125	10125	\N
13971	1081	10013	10013	1
13887	1077	103	103	1
13876	1077	131	131	1
14104	1101	145	145	1
14175	1101	138	138	\N
14176	1101	133	133	\N
14181	1100	10015	10015	\N
14177	1100	10109	10107	1
14182	1101	112	112	\N
14183	1102	112	112	1
14185	1100	10054	10053	1
14189	1100	10146	10142	1
14084	1101	121	121	1
14194	1100	10025	10025	1
14168	1100	10038	10038	1
14154	1101	120	120	1
14085	1101	136	136	1
13610	1046	10129	10129	\N
13605	1046	10100	10100	1
13615	1046	10050	10050	\N
13623	1046	10036	10036	1
13625	1046	10014	10013	1
13640	1025	10010	18002	\N
13642	1046	10010	18002	1
13641	1026	10010	18002	1
13609	1046	10020	18001	1
13630	1046	10002	10002	1
13651	1046	10068	10068	1
13652	1046	10032	10031	1
13877	1077	120	120	1
13989	1081	10095	18006	1
11562	981	40001	26	\N
11569	983	40001	26	\N
11570	984	40001	26	\N
13639	1046	10144	10142	1
13631	1046	10001	11	1
13658	1046	10137	10136	1
13593	1043	10133	10133	1
13739	1064	143	143	\N
13741	1064	129	129	\N
13742	1065	129	129	\N
13735	1064	126	126	1
13736	1065	126	126	1
13769	1064	122	122	1
13770	1065	122	122	1
13655	1046	10044	10044	1
13740	1065	143	143	1
13627	1046	10117	10117	1
13878	1077	109	109	\N
13879	1077	102	102	\N
13929	1081	10086	10085	\N
13930	1081	10092	18005	1
13963	1081	10070	10068	1
13939	1077	145	145	1
13973	1081	10110	10110	1
13972	1082	10049	10047	1
13978	1081	10021	10021	\N
13964	1081	10107	10107	1
13654	1046	10058	10058	1
14096	1100	10129	10129	\N
13979	1081	10132	10131	1
14098	1100	10117	10117	\N
14101	1101	150	150	\N
14107	1101	129	129	\N
11621	986	40001	26	\N
14114	1100	10070	10068	1
14109	1100	10110	10110	1
14112	1100	10138	10138	1
14198	1100	10006	10005	1
14199	1046	10126	10125	\N
11625	988	40001	26	\N
14200	1058	10126	10125	\N
14201	1059	10126	10125	\N
14202	1071	10126	10125	\N
14203	1081	10126	10125	1
14204	1100	10126	10125	1
13632	1046	10110	10110	1
13925	1081	10112	10112	1
13634	1046	10048	10047	1
13644	1047	20002	20002	1
14137	1101	134	134	\N
13647	1046	10061	10061	1
13594	1044	10133	10133	1
13787	1065	150	150	\N
13797	1064	109	109	\N
13798	1065	109	109	1
13800	1065	119	119	1
13799	1064	119	119	1
13881	1077	130	130	\N
13885	1077	129	129	\N
13898	1081	10097	10097	\N
13900	1077	135	135	\N
13902	1081	10066	10066	\N
13908	1077	133	133	\N
13910	1081	10076	10075	1
13913	1081	10006	10005	\N
13922	1077	128	128	\N
13919	1081	10008	18002	1
13909	1077	148	148	1
13944	1081	10038	10038	1
13940	1081	10002	10002	1
13920	1081	10102	10102	1
13927	1081	10087	10087	1
13901	1081	10074	10074	1
13924	1081	10129	10129	1
13914	1081	10073	10072	1
13926	1081	10004	10004	1
14143	1100	10098	10098	\N
14167	1100	10037	10036	1
14193	1100	10050	10050	\N
14166	1100	10047	10047	1
14196	1100	10125	10125	\N
14195	1100	10102	10102	1
14190	1101	151	151	1
14191	1100	10127	10127	1
14184	1100	10095	18006	1
13928	1081	10024	10024	1
13595	1037	120	120	1
13597	1037	118	118	1
13602	1046	10023	10023	1
13608	1046	10122	18009	1
13600	1046	10006	10005	1
13662	1037	125	125	\N
13665	1046	10073	10072	1
13671	1046	10125	10125	\N
13674	1046	10127	10127	1
13675	1046	10080	10080	\N
13676	1046	10072	10072	1
13636	1046	10132	10131	1
13653	1046	10069	10068	1
13619	1046	10030	10030	1
13883	1077	150	150	\N
13889	1077	111	111	\N
13896	1081	10100	10100	\N
13890	1081	10075	10075	1
13905	1077	124	124	\N
13906	1081	10138	10138	\N
13891	1077	121	121	1
13895	1081	10005	10005	1
13918	1081	10113	10113	1
13932	1081	10049	10047	1
13892	1081	10040	10038	1
13936	1077	141	141	\N
13949	1081	10028	10028	\N
13954	1081	10136	10136	\N
13955	1079	10068	10068	\N
13957	1077	112	112	\N
13958	1077	151	151	\N
13956	1081	10068	10068	1
13933	1077	107	107	1
13953	1077	113	113	1
13961	1081	10119	18009	1
13974	1081	10082	10082	\N
13935	1081	10081	10080	1
13980	1081	10130	10129	1
13982	1081	10034	10033	1
13981	1046	10034	10033	1
13959	1081	10026	10025	1
13899	1081	10133	10133	1
13966	1081	10128	10127	1
13965	1046	10128	10127	1
13897	1077	147	147	1
13894	1081	10036	10036	1
14186	1100	10135	10134	\N
14187	1100	10082	10082	\N
14188	1100	10013	10013	1
14192	1100	10097	10097	\N
14197	1101	115	115	1
14209	1100	10063	10062	1
14212	1100	10073	10072	1
13791	1065	101	101	1
13790	1064	101	101	1
13601	1046	10062	10062	1
13921	1081	10061	10061	1
13606	1046	10113	10113	1
13638	1046	10015	10015	1
13613	1046	10066	10066	1
13637	1046	10052	10052	1
13596	1045	20006	20006	1
13794	1064	110	110	\N
13795	1065	110	110	\N
13643	1046	10112	10112	1
13796	1046	10011	10011	1
13904	1081	10142	10142	\N
13934	1077	127	127	\N
13923	1081	10023	10023	1
13937	1081	10030	10030	1
13938	1081	10012	10011	1
13946	1081	10050	10050	\N
13950	1081	10041	10041	1
13976	1077	114	114	\N
13983	1081	10072	10072	1
13986	1081	10015	10015	\N
13987	1081	10025	10025	1
14205	1100	10021	10021	\N
14206	1100	10011	10011	1
14208	1100	10106	10105	1
13917	1077	136	136	1
14207	1100	10136	10136	1
13945	1077	101	101	1
13598	1037	114	114	1
13599	1038	10048	10047	1
13611	1046	10138	10138	\N
13614	1046	10031	10031	\N
13616	1046	10021	10021	1
13603	1046	10075	10075	1
13607	1046	10091	18004	1
13648	1046	10013	10013	1
13633	1046	10081	10080	1
13612	1046	10078	10077	1
13604	1046	10133	10133	1
13663	1046	10071	10068	1
13801	1064	102	102	\N
13802	1065	102	102	\N
13809	1064	107	107	\N
13807	1064	115	115	1
13808	1065	115	115	1
13810	1065	107	107	1
13811	1063	10044	10044	1
13812	1064	105	105	\N
13813	1065	105	105	1
13960	1081	10106	10105	1
13975	1081	10053	10053	1
13977	1081	10103	10102	1
13984	1081	10027	10025	1
13988	1084	20010	20010	1
14210	1100	10104	10102	\N
14213	1100	10055	10055	\N
13618	1046	10101	10100	1
13621	1046	10008	18002	1
13635	1046	10041	10041	1
13622	1046	10025	10025	1
13629	1046	10097	10097	1
13620	1046	10055	10055	1
13660	1046	10070	10068	1
13803	1064	146	146	\N
13804	1065	146	146	\N
13806	1065	145	145	1
13805	1064	145	145	1
13628	1046	10087	10087	1
13624	1046	10074	10074	1
13617	1046	10004	10004	1
13817	1046	10045	10045	1
14211	1100	10116	10113	\N
14215	1100	10001	11	\N
14218	1100	10014	10013	1
14219	1100	10093	18005	1
13626	1046	10024	10024	1
13646	1046	10005	10005	1
13650	1046	10086	10085	\N
13645	1046	10039	10038	1
13814	1046	10136	10136	\N
13815	1067	10087	10087	1
14214	1100	10101	10100	1
13649	1048	130	130	1
13816	1046	10051	10050	\N
14216	1100	10131	10131	1
13656	1018	10067	10066	\N
13657	1046	10067	10066	\N
13672	1046	10082	10082	\N
13670	1050	123	123	1
13685	1046	10063	10062	1
13690	1046	10057	10055	\N
13682	1046	10106	10105	1
13819	1062	10098	10098	1
13818	1046	10098	10098	1
14217	1100	10034	10033	1
14220	1100	10114	10113	1
14223	1100	10085	10085	1
14222	1092	10085	10085	1
14221	1081	10085	10085	1
14224	1100	10010	18002	1
14227	1100	10107	10107	\N
13661	1049	115	115	1
13664	1051	139	139	1
13678	1046	10076	10075	1
13659	1046	10012	10011	1
13820	1046	10103	10102	1
14225	1100	10128	10127	1
14228	1100	10105	10105	1
14249	1100	10003	10002	\N
14250	1100	10059	10059	\N
13667	1046	10143	10142	\N
13666	1017	10143	10142	1
13668	1046	10079	10077	\N
13826	1064	137	137	\N
13827	1065	137	137	\N
13821	1046	10088	10087	1
14226	1100	10031	10031	1
13669	1046	10105	10105	\N
13679	1046	10109	10107	1
13822	1046	10114	10113	1
14229	1046	10017	18000	\N
14230	1081	10017	18000	\N
14231	1100	10017	18000	\N
14232	1100	10026	10025	1
14233	1100	10130	10129	\N
14251	1081	10137	10136	\N
14252	1100	10137	10136	\N
14256	1046	10134	10134	\N
14257	1081	10134	10134	\N
14258	1100	10134	10134	\N
13823	1046	10107	10107	1
13673	1052	120	120	1
14234	1100	10049	10047	\N
14238	1046	10096	18006	\N
14239	1081	10096	18006	\N
14240	1100	10096	18006	\N
13269	993	40001	26	\N
13270	994	40001	26	\N
13394	110	0	10	\N
13395	960	0	10	\N
13396	961	0	10	\N
13397	995	0	10	\N
13398	996	0	10	\N
13399	1000	0	10	\N
13408	586	0	2	\N
13409	587	0	2	\N
13410	588	0	2	\N
13411	590	0	2	\N
13412	967	0	2	\N
13413	969	0	2	\N
13424	977	0	25	\N
13425	981	0	25	\N
13426	983	0	25	\N
13427	984	0	25	\N
13428	986	0	25	\N
13429	988	0	25	\N
13430	993	0	25	\N
13431	994	0	25	\N
13677	1046	10029	10028	1
13683	1046	10142	10142	1
13825	1046	10090	10087	\N
13824	1024	10090	10087	1
14235	1046	10018	18001	\N
14236	1081	10018	18001	\N
14237	1100	10018	18001	\N
\.


--
-- Name: notifications_received_id_seq; Type: SEQUENCE SET; Schema: slammer; Owner: slammer
--

SELECT pg_catalog.setval('"notifications_received_id_seq"', 14281, true);


--
-- Data for Name: polling_district; Type: TABLE DATA; Schema: slammer; Owner: slammer
--

COPY "polling_district" ("id", "name", "polling_ward_id", "created_on", "updated_on") FROM stdin;
0	NA	0	2011-08-01 10:11:00+00	2011-08-01 10:11:00+00
101	GR	101	2015-04-08 18:46:25.16705+00	\N
109	MH	101	2015-04-08 18:46:25.271403+00	\N
116	PK	101	2015-04-08 18:46:25.339764+00	\N
10142	SS1306 & SS1307	10002	2015-04-10 10:23:49.651511+00	\N
10138	SS1303 & SS1304 & SS1305	10002	2015-04-10 10:23:49.408537+00	\N
1000001	Test District	1000001	2015-04-15 13:59:25+00	\N
1010001	Demo District 1	1010001	2015-06-02 14:55:11.562664+00	\N
1010002	Demo District 2	1010001	2015-06-02 14:55:12.812817+00	\N
1010003	Demo District 3	1010001	2015-06-02 14:55:18.974526+00	\N
1010004	Demo District 4	1010001	2015-06-02 14:55:20.389789+00	\N
1010005	Demo District 5	1010005	2015-06-02 14:55:21.577785+00	\N
1010006	Demo District 6	1010005	2015-06-02 14:55:22.681035+00	\N
1010007	Demo District 7	1010005	2015-06-02 14:55:23.750453+00	\N
1010008	Demo District 8	1010005	2015-06-02 14:55:24.784642+00	\N
1010009	Demo District 9	1010005	2015-06-02 14:55:25.835751+00	\N
1010010	Demo District 10	1010005	2015-06-02 14:55:26.886138+00	\N
122	PN	101	2015-04-08 18:46:25.406863+00	\N
131	SP	101	2015-04-08 18:46:25.471538+00	\N
139	TR	101	2015-04-08 18:46:25.537352+00	\N
146	TW	101	2015-04-08 18:46:25.604657+00	\N
20001	E104 and E106	20001	2015-04-09 15:41:15.062789+00	\N
20002	E108	20001	2015-04-09 15:41:16.422627+00	\N
20003	E205 and E206	20001	2015-04-09 15:41:17.60509+00	\N
20004	E307, E308, E3010  &E316	20001	2015-04-09 15:41:18.799783+00	\N
20005	E313, E401, E402 & E409	20001	2015-04-09 15:41:19.731466+00	\N
20006	E501	20001	2015-04-09 15:41:20.710257+00	\N
20007	E604	20001	2015-04-09 15:41:21.697349+00	\N
20008	E701, E703, E709 & E710	20001	2015-04-09 15:41:22.578208+00	\N
20009	E705	20001	2015-04-09 15:41:23.515438+00	\N
20010	E708 and E808	20001	2015-04-09 15:41:24.436167+00	\N
30001	XA	30001	2015-04-09 17:17:20.187474+00	\N
30005	XB	30001	2015-04-09 17:17:23.330344+00	\N
10125	CS1205	10002	2015-04-10 10:23:48.824564+00	\N
10127	SS1206	10002	2015-04-10 10:23:48.90412+00	\N
10129	SS1207	10002	2015-04-10 10:23:48.986765+00	\N
10131	SS1208	10002	2015-04-10 10:23:49.075412+00	\N
10133	SS1209	10002	2015-04-10 10:23:49.147821+00	\N
10134	SS1301	10002	2015-04-10 10:23:49.223851+00	\N
10136	SS1302	10002	2015-04-10 10:23:49.316355+00	\N
10009	DN0301 & DN0302	10001	2015-04-10 10:23:39.045768+00	\N
10018	DN0307 & DN0309 & DN0310	10001	2015-04-10 10:23:39.464769+00	\N
10023	DN0402 & DN0403	10001	2015-04-10 10:23:40.737443+00	\N
10025	DN0404 & DN0405	10001	2015-04-10 10:23:40.903887+00	\N
10033	DN0501 & DN0502	10001	2015-04-10 10:23:41.490851+00	\N
10038	DN0504 & DN0505	10001	2015-04-10 10:23:41.790339+00	\N
10041	CN0506 & CN0507	10001	2015-04-10 10:23:42.272697+00	\N
10047	CN0602 & CN0603	10001	2015-04-10 10:23:43.260496+00	\N
10055	CN0701 & CN0702	10001	2015-04-10 10:23:44.101699+00	\N
10062	CN0802 & CN0803	10001	2015-04-10 10:23:44.514081+00	\N
10068	CN0806 & CN0807	10001	2015-04-10 10:23:44.735831+00	\N
10077	CS0706 & CS0804	10002	2015-04-10 10:23:45.118109+00	\N
10087	SS0905 & SS0906	10002	2015-04-10 10:23:46.213925+00	\N
10119	CS1201 & CS1203	10002	2015-04-10 10:23:48.27927+00	\N
10102	CS1009 & CS1010	10002	2015-04-10 10:23:47.324423+00	\N
10107	SS1102 & SS1103	10002	2015-04-10 10:23:47.615455+00	\N
10113	SS1106 & SS1107	10002	2015-04-10 10:23:47.935175+00	\N
40001	A01	40001	2015-04-25 17:28:50.06223+00	\N
40002	A02	40001	2015-04-25 17:28:50.161066+00	\N
40003	A03	40001	2015-04-25 17:28:50.228076+00	\N
40004	A04	40001	2015-04-25 17:28:50.293869+00	\N
40005	A05	40001	2015-04-25 17:28:50.360949+00	\N
40007	A06	40001	2015-04-25 17:28:50.429352+00	\N
40008	A07	40001	2015-04-25 17:28:50.499884+00	\N
40009	A08	40001	2015-04-25 17:28:50.568943+00	\N
40010	A09	40001	2015-04-25 17:28:50.641769+00	\N
40012	A10	40001	2015-04-25 17:28:50.709721+00	\N
40013	E01	40013	2015-04-25 17:28:50.780212+00	\N
40014	E02	40013	2015-04-25 17:28:50.900577+00	\N
40015	E03	40013	2015-04-25 17:28:51.000763+00	\N
40016	E04	40013	2015-04-25 17:28:51.072132+00	\N
40017	E05	40013	2015-04-25 17:28:51.140329+00	\N
40018	E06	40013	2015-04-25 17:28:51.221022+00	\N
40019	E07	40013	2015-04-25 17:28:51.290363+00	\N
40020	E08	40013	2015-04-25 17:28:51.391484+00	\N
10001	DN0104	10001	2015-04-10 10:23:38.189789+00	\N
10002	DN0108	10001	2015-04-10 10:23:38.30915+00	\N
10004	DN0109	10001	2015-04-10 10:23:38.394485+00	\N
10005	DN0209	10001	2015-04-10 10:23:38.48792+00	\N
10007	DS0306	10002	2015-04-10 10:23:38.565861+00	\N
10011	DN0303	10001	2015-04-10 10:23:39.133765+00	\N
10013	DN0304	10001	2015-04-10 10:23:39.224122+00	\N
10015	DN0305	10001	2015-04-10 10:23:39.303428+00	\N
10017	DS0308	10002	2015-04-10 10:23:39.390868+00	\N
10021	DN0401	10001	2015-04-10 10:23:40.596926+00	\N
10028	DN0406	10001	2015-04-10 10:23:41.06153+00	\N
10030	DN0407	10001	2015-04-10 10:23:41.151795+00	\N
10031	DN0408	10001	2015-04-10 10:23:41.233394+00	\N
10036	DN0503	10001	2015-04-10 10:23:41.702637+00	\N
10044	CN0508	10001	2015-04-10 10:23:42.746202+00	\N
10045	CN0601	10001	2015-04-10 10:23:42.880007+00	\N
10050	CN0604	10001	2015-04-10 10:23:43.848996+00	\N
10052	CN0605	10001	2015-04-10 10:23:43.927229+00	\N
10053	CN0606	10001	2015-04-10 10:23:44.021478+00	\N
10058	CN0703	10001	2015-04-10 10:23:44.285359+00	\N
10059	CN0704	10001	2015-04-10 10:23:44.358785+00	\N
10061	CN0801	10001	2015-04-10 10:23:44.447016+00	\N
10066	CN0805	10001	2015-04-10 10:23:44.666445+00	\N
10072	CN0808	10001	2015-04-10 10:23:44.89917+00	\N
10074	SN1003	10001	2015-04-10 10:23:44.979701+00	\N
10075	CS0705	10002	2015-04-10 10:23:45.05073+00	\N
10080	SS0901	10002	2015-04-10 10:23:45.602625+00	\N
10082	SS0902	10002	2015-04-10 10:23:45.693089+00	\N
10083	SS0903	10002	2015-04-10 10:23:45.769103+00	\N
10085	SS0904	10002	2015-04-10 10:23:45.857479+00	\N
10091	SN1002	10001	2015-04-10 10:23:46.418396+00	\N
10092	SS1001	10002	2015-04-10 10:23:46.496792+00	\N
10094	CN1005	10001	2015-04-10 10:23:46.583791+00	\N
10095	CS1004	10002	2015-04-10 10:23:46.941255+00	\N
10097	SS1006	10002	2015-04-10 10:23:47.062797+00	\N
10098	SS1007	10002	2015-04-10 10:23:47.144771+00	\N
10100	CS1008	10002	2015-04-10 10:23:47.233239+00	\N
10105	SS1101	10002	2015-04-10 10:23:47.549202+00	\N
10110	CS1104	10002	2015-04-10 10:23:47.781067+00	\N
10112	SS1105	10002	2015-04-10 10:23:47.852678+00	\N
10117	CS1108	10002	2015-04-10 10:23:48.117071+00	\N
10118	CN1202	10001	2015-04-10 10:23:48.199523+00	\N
10123	CS1204	10002	2015-04-10 10:23:48.731408+00	\N
\.


--
-- Name: polling_district_id_seq; Type: SEQUENCE SET; Schema: slammer; Owner: slammer
--

SELECT pg_catalog.setval('"polling_district_id_seq"', 2, true);


--
-- Data for Name: polling_place; Type: TABLE DATA; Schema: slammer; Owner: slammer
--

COPY "polling_place" ("id", "name", "polling_district_id", "created_on", "updated_on") FROM stdin;
0	NA	0	2011-08-01 10:11:00+00	2011-08-01 10:11:00+00
40005	PRIORY PRIMARY SCHOOL 1	40005	2015-04-25 17:29:23.814116+00	\N
1000001	Test Place	1000001	2015-04-15 14:00:31+00	\N
40010	WRENS NEST COMMUNIITY CENTRE 1	40010	2015-04-25 17:29:24.110793+00	\N
10001	BEACON COMMUNITY CENTRE	10001	2015-04-10 12:15:23.537138+00	\N
10002	BRIMMOND SCHOOL	10002	2015-04-10 12:15:23.628767+00	\N
10004	DANESTONE CONGREGATIONAL CHURCH	10004	2015-04-10 12:15:23.682481+00	\N
10005	BALGOWNIE COMMUNITY CENTRE	10005	2015-04-10 12:15:23.728968+00	\N
10007	KINGSWELLS COMMUNITY CENTRE	10007	2015-04-10 12:15:23.781481+00	\N
10009	KINGSWELLS COMMUNITY CENTRE	10009	2015-04-10 12:15:23.879249+00	\N
10011	KINGSFORD PRIMARY SCHOOL	10011	2015-04-10 12:15:23.929204+00	\N
10013	SHEDDOCKSLEY COMMUNITY CENTRE	10013	2015-04-10 12:15:23.978811+00	\N
10015	MUIRFIELD PRIMARY SCHOOL	10015	2015-04-10 12:15:24.028699+00	\N
10017	SHEDDOCKSLEY BAPTIST CHURCH	10017	2015-04-10 12:15:24.084386+00	\N
10018	SHEDDOCKSLEY BAPTIST CHURCH	10018	2015-04-10 12:15:24.135907+00	\N
10021	HEATHRYBURN SCHOOL	10021	2015-04-10 12:15:24.289379+00	\N
10025	NORTHFIELD COMMUNITY CENTRE	10025	2015-04-10 12:15:24.435399+00	\N
10028	CUMMINGS PARK COMMUNITY CENTRE	10028	2015-04-10 12:15:24.534724+00	\N
10030	MASTRICK COMMUNITY CENTRE	10030	2015-04-10 12:15:24.585433+00	\N
10031	QUARRYHILL PRIMARY SCHOOL	10031	2015-04-10 12:15:24.634909+00	\N
10033	HILTON COMMUNITY CENTRE	10033	2015-04-10 12:15:24.685785+00	\N
10036	WOODSIDE COMMUNITY CENTRE	10036	2015-04-10 12:15:24.785112+00	\N
10038	HIGH CHURCH HILTON	10038	2015-04-10 12:15:24.832379+00	\N
10041	CAIRNCRY COMMUNITY CENTRE	10041	2015-04-10 12:15:24.932989+00	\N
10044	KITTYBREWSTER PRIMARY SCHOOL	10044	2015-04-10 12:15:25.03251+00	\N
10045	RIVERBANK PRIMARY SCHOOL	10045	2015-04-10 12:15:25.082617+00	\N
10047	SEATON PRIMARY SCHOOL	10047	2015-04-10 12:15:25.13074+00	\N
10050	POWIS GATEWAY COMMUNITY CENTRE	10050	2015-04-10 12:15:25.228991+00	\N
10052	ST MARY'S CHURCH KING STREET	10052	2015-04-10 12:15:25.274991+00	\N
10053	PITTODRIE STADIUM SIR ALEX FERGUSON LOUNGE	10053	2015-04-10 12:15:25.321397+00	\N
10055	MIDSTOCKET PARISH CHURCH	10055	2015-04-10 12:15:25.373129+00	\N
10058	ASHGROVE CHILDREN'S CENTRE	10058	2015-04-10 12:15:25.469731+00	\N
10059	SKENE SQUARE PRIMARY SCHOOL	10059	2015-04-10 12:15:25.52081+00	\N
10061	CATHERINE STREET COMMUNITY CENTRE	10061	2015-04-10 12:15:25.569074+00	\N
10062	SUNNYBANK PRIMARY SCHOOL	10062	2015-04-10 12:15:25.619241+00	\N
10066	SEAMOUNT COURT-TENANT'S ROOM	10066	2015-04-10 12:15:25.719522+00	\N
10068	HANOVER COMMUNITY CENTRE	10068	2015-04-10 12:15:25.771229+00	\N
10072	ABERDEEN CITADEL (SALVATION ARMY BUILDING)	10072	2015-04-10 12:15:25.870021+00	\N
10074	FERNIELEA PRIMARY SCHOOL	10074	2015-04-10 12:15:25.91938+00	\N
10075	NEW LIFE INTERNATIONAL CHURCH	10075	2015-04-10 12:15:25.971888+00	\N
10077	ST MARY'S CATHEDRAL HALL	10077	2015-04-10 12:15:26.017639+00	\N
10080	ST PETER'S HERITAGE CENTRE	10080	2015-04-10 12:15:26.119385+00	\N
101	Brickkiln Community Centre	101	2015-04-08 18:47:47.77908+00	\N
102	Merridale Primary School	101	2015-04-08 18:47:47.897374+00	\N
103	Bantock Primary School	101	2015-04-08 18:47:47.965505+00	\N
105	United Reformed Church Centre	101	2015-04-08 18:47:48.030221+00	\N
106	Bradmore Community Centre	101	2015-04-08 18:47:48.096289+00	\N
107	Beckminister Methodist Church	101	2015-04-08 18:47:48.164487+00	\N
108	St Philip`s Church	101	2015-04-08 18:47:48.236821+00	\N
109	Uplands Junior School	109	2015-04-08 18:47:48.304042+00	\N
110	Swanmore Community Centre	109	2015-04-08 18:47:48.523421+00	\N
111	St Joseph`s Church Hall	109	2015-04-08 18:47:48.676702+00	\N
114	Springdale Junior School	109	2015-04-08 18:47:48.743686+00	\N
115	Penn Christian Centre	109	2015-04-08 18:47:48.810694+00	\N
116	Tenants Meeting Room	116	2015-04-08 18:47:48.914197+00	\N
117	St Judes Church Hall	116	2015-04-08 18:47:49.007641+00	\N
118	St Judes CE Primary School, (Junior School Site)	116	2015-04-08 18:47:49.075552+00	\N
119	Zion City Tabernacle	116	2015-04-08 18:47:49.141661+00	\N
120	Bantock House	116	2015-04-08 18:47:49.208425+00	\N
121	St Andrew`s CE Primary School	116	2015-04-08 18:47:49.275435+00	\N
122	Warstones Primary School	122	2015-04-08 18:47:49.341544+00	\N
123	Springdale Methodist Church Hall	122	2015-04-08 18:47:49.407126+00	\N
124	Penn Christian Centre	122	2015-04-08 18:47:49.473273+00	\N
125	Penn United Reformed Church Hall	122	2015-04-08 18:47:49.540245+00	\N
126	Woodfield Junior School	122	2015-04-08 18:47:49.607256+00	\N
127	St Aidan's Church	122	2015-04-08 18:47:49.671929+00	\N
129	Penn United Reformed Church Hall	122	2015-04-08 18:47:49.739431+00	\N
130	St Bartholomew`s Church Hall	122	2015-04-08 18:47:49.80853+00	\N
131	Polish Catholic Centre	131	2015-04-08 18:47:49.874393+00	\N
132	Tenants Meeting Room	131	2015-04-08 18:47:49.938899+00	\N
133	Christian Pentecostal Church Hall	131	2015-04-08 18:47:50.00702+00	\N
134	Dunstall Hill Community Centre	131	2015-04-08 18:47:50.071034+00	\N
135	Gloucester Street Community Centre	131	2015-04-08 18:47:50.138086+00	\N
136	Newhampton Arts Centre	131	2015-04-08 18:47:50.207185+00	\N
137	Tenants Meeting Room	131	2015-04-08 18:47:50.278618+00	\N
138	The Registrar`s Office	131	2015-04-08 18:47:50.34468+00	\N
139	Palmers Cross Primary School	139	2015-04-08 18:47:50.414032+00	\N
140	Christ The King Church, Formerly Aldersley Church	139	2015-04-08 18:47:50.478339+00	\N
141	Claregate Primary School	139	2015-04-08 18:47:50.543664+00	\N
142	Room Behind Tettenhall Library, St Michael`s Parish Centre	139	2015-04-08 18:47:50.610674+00	\N
143	St Michael`s CE School	139	2015-04-08 18:47:50.676496+00	\N
144	The King`s School	139	2015-04-08 18:47:50.746988+00	\N
146	Church Hall	146	2015-04-08 18:47:50.814939+00	\N
147	Compton Youth Centre	146	2015-04-08 18:47:50.883383+00	\N
148	Tettenhall Wood United Reformed Church	146	2015-04-08 18:47:50.951538+00	\N
149	Wightwick Hall School	146	2015-04-08 18:47:51.017311+00	\N
150	Church Hall, Church of the Good Shepherd	146	2015-04-08 18:47:51.083223+00	\N
151	St Columbas Church Hall, St Columbas Church	146	2015-04-08 18:47:51.149331+00	\N
10082	PETERCULTER SPORTS CENTRE	10082	2015-04-10 12:15:26.167295+00	\N
10083	MILLTIMBER COMMUNITY HALL	10083	2015-04-10 12:15:26.218752+00	\N
10085	ST DEVENICK'S CHURCH HALL	10085	2015-04-10 12:15:26.269213+00	\N
10087	CULTS KIRK CENTRE	10087	2015-04-10 12:15:26.359916+00	\N
10023	L P HENRY E RAE COMMUNITY CENTRE	10023	2015-04-10 12:15:24.334954+00	\N
40001	FOXYARDS PRIMARY SCHOOL	40001	2015-04-25 17:29:23.500678+00	\N
40002	CARAVAN, FOREST ROAD	40002	2015-04-25 17:29:23.611718+00	\N
40003	SEA CADET HQ	40003	2015-04-25 17:29:23.678704+00	\N
40004	WARD ROOM	40004	2015-04-25 17:29:23.744812+00	\N
40007	RECEPTION BLOCK	40007	2015-04-25 17:29:23.886984+00	\N
40008	MIDLANDS CO-OP	40008	2015-04-25 17:29:23.95957+00	\N
40009	SYCAMORE CENTRE	40009	2015-04-25 17:29:24.043743+00	\N
40012	CARAVAN, DONKEY POOL	40012	2015-04-25 17:29:24.182432+00	\N
40013	COMMUNITY ROOM	40013	2015-04-25 17:29:24.251736+00	\N
40014	TENANTS ASSOCIATION ROOM	40014	2015-04-25 17:29:24.324316+00	\N
40015	JESSONS C OF E PRIMARY SCHOOL	40015	2015-04-25 17:29:24.392351+00	\N
10091	HAZLEHEAD PRIMARY SCHOOL	10091	2015-04-10 12:15:26.525886+00	\N
10092	HAZLEHEAD PRIMARY SCHOOL	10092	2015-04-10 12:15:26.575582+00	\N
10094	ST MARY'S EPISCOPAL CHURCH	10094	2015-04-10 12:15:26.624257+00	\N
10095	ST MARY'S EPISCOPAL CHURCH	10095	2015-04-10 12:15:26.673607+00	\N
10097	CRAIGIEBUCKLER CHURCH HALL	10097	2015-04-10 12:15:26.723158+00	\N
10098	AIRYHALL COMMUNITY CENTRE	10098	2015-04-10 12:15:26.77604+00	\N
10100	QUEEN'S CROSS PARISH CHURCH	10100	2015-04-10 12:15:26.823462+00	\N
10102	HOLBURN WEST CHURCH	10102	2015-04-10 12:15:26.895047+00	\N
10105	SCHOOL-BRAESIDE PLACE	10105	2015-04-10 12:15:27.303724+00	\N
10107	MANNOFIELD CHURCH CENTENARY HALL	10107	2015-04-10 12:15:27.420878+00	\N
10110	RUTHRIESTON OUTDOOR SPORTS CENTRE-PAVILION	10110	2015-04-10 12:15:27.526118+00	\N
10112	ST FRANCIS CHURCH HALL	10112	2015-04-10 12:15:27.574761+00	\N
10113	KAIMHILL COMMUNITY CENTRE	10113	2015-04-10 12:15:27.620545+00	\N
10117	RUTHRIESTON COMMUNITY CENTRE	10117	2015-04-10 12:15:27.718145+00	\N
10118	FERRYHILL COMMUNITY CENTRE	10118	2015-04-10 12:15:27.778456+00	\N
10119	FERRYHILL COMMUNITY CENTRE	10119	2015-04-10 12:15:27.830082+00	\N
10123	SOUTH HOLBURN CHURCH	10123	2015-04-10 12:15:27.935292+00	\N
10125	FERRYHILL CHURCH HALL	10125	2015-04-10 12:15:27.994925+00	\N
10127	TORRY YOUTH AND LEISURE CENTRE	10127	2015-04-10 12:15:28.045882+00	\N
10129	OLD TORRY COMMUNITY CENTRE	10129	2015-04-10 12:15:28.103882+00	\N
10131	TULLOS SCHOOL	10131	2015-04-10 12:15:28.162645+00	\N
10133	BALNAGASK COMMUNITY CENTRE	10133	2015-04-10 12:15:28.210172+00	\N
10134	ABBOTSWELL PRIMARY SCHOOL	10134	2015-04-10 12:15:28.274784+00	\N
10136	KINCORTH COMMUNITY CENTRE	10136	2015-04-10 12:15:28.338951+00	\N
10138	ALTENS COMMUNITY CENTRE	10138	2015-04-10 12:15:28.38429+00	\N
10142	LOIRSTON ANNEXE	10142	2015-04-10 12:15:28.53919+00	\N
20001	Lainshaw Primary School	20001	2015-04-09 15:42:18.903637+00	\N
20002	Kilmaurs Primary School	20002	2015-04-09 15:42:20.52516+00	\N
20003	Onthank Community Centre	20003	2015-04-09 15:42:21.527589+00	\N
20004	Sir Alexander Fleming Centre	20004	2015-04-09 15:42:22.476775+00	\N
20005	Loanhead Primary School	20005	2015-04-09 15:42:23.312516+00	\N
20006	Riccarton Nursery	20006	2015-04-09 15:42:24.115176+00	\N
20007	Newmilns Primary School	20007	2015-04-09 15:42:24.866785+00	\N
20008	Mauchline Games Hall	20008	2015-04-09 15:42:25.650695+00	\N
20009	Muirkirk Primary School	20009	2015-04-09 15:42:26.318636+00	\N
20010	The Boswell Centre	20010	2015-04-09 15:42:27.069818+00	\N
30001	Mobile Polling Station	30001	2015-04-09 17:17:25.188943+00	\N
30005	Mobile Polling Station	30005	2015-04-09 17:17:26.537439+00	\N
10024	MANOR PARK PRIMARY SCHOOL	10023	2015-04-10 00:00:00+00	\N
40016	UNITED REFORM CHURCH	40016	2015-04-25 17:29:24.458459+00	\N
40017	QUEENS CROSS CENTRE 	40017	2015-04-25 17:29:24.528868+00	\N
40018	THE SUTTON SCHOOL	40018	2015-04-25 17:29:24.600507+00	\N
40019	ST BARNABUS CHURCH HALL	40019	2015-04-25 17:29:24.67194+00	\N
40020	RUSSELLS HALL YOUTH CENTRE	40020	2015-04-25 17:29:24.74149+00	\N
40006	PRIORY PRIMARY SCHOOL 2	40005	2015-04-25 00:00:00+00	\N
40011	WRENS NEST COMMUNIITY CENTRE 2	40010	2015-04-25 00:00:00+00	\N
1010001	Polling Place A	1010001	2015-06-02 14:56:47.685817+00	\N
1010002	Polling Place B	1010002	2015-06-02 14:56:48.903668+00	\N
1010003	Polling Place C	1010003	2015-06-02 14:56:49.974395+00	\N
1010004	Polling Place D	1010004	2015-06-02 14:56:51.076456+00	\N
1010005	Polling Place E	1010005	2015-06-02 14:56:52.193715+00	\N
1010006	Polling Place F	1010006	2015-06-02 14:56:53.176625+00	\N
1010007	Polling Place G	1010007	2015-06-02 14:56:54.596904+00	\N
1010008	Polling Place H	1010008	2015-06-02 14:56:55.780393+00	\N
1010009	Polling Place I	1010009	2015-06-02 14:56:56.884174+00	\N
1010010	Polling Place J	1010010	2015-06-02 14:56:57.934667+00	\N
\.


--
-- Name: polling_place_id_seq; Type: SEQUENCE SET; Schema: slammer; Owner: slammer
--

SELECT pg_catalog.setval('"polling_place_id_seq"', 2, true);


--
-- Data for Name: polling_station; Type: TABLE DATA; Schema: slammer; Owner: slammer
--

COPY "polling_station" ("id", "name", "polling_place_id", "ballot_papers_issued", "postal_packs_received", "ordinary_total_issued", "ordinary_number_of_replacements", "ordinary_cals_issued_and_not_spoilt", "ordinary_total_unused", "tendered_total_issued", "tendered_total_spoilt", "tendered_total_unused", "dispatch_time", "deliver_time", "eta", "ballot_box_no", "postal_packs_awaiting_collection") FROM stdin;
20001	Station 1	20001	694	52	888	6	882	0	0	0	0	2015-12-02 12:58:37.732304+00	2015-12-02 12:58:41.763843+00	00:17:00	5	0
10031	DN0408/1	10031	519	5	527	0	527	373	0	0	0	2015-05-07 21:16:30.829611+00	2015-05-07 06:06:11.891126+00	00:55:00	DN0408/1	4
126	PN5	126	545	5	545	2	543	357	0	0	20	2015-05-07 21:04:32.018642+00	2015-05-07 21:04:45.762013+00	00:16:00	PN5	2
40008	MIDLANDS CO-OP	40008	853	8	0	0	0	0	0	0	20	2015-05-07 21:23:14.204768+00	2015-05-07 21:34:13.699092+00	00:07:00	8	8
10048	CN0603/1	10047	333	0	341	0	341	359	0	0	20	\N	\N	00:50:00	CN0603/1	0
10052	CN0605/1	10052	522	2	557	1	556	442	0	0	20	2015-05-07 21:11:52.410772+00	\N	00:50:00	CN0605/1	0
40012	CARAVAN, DONKEY POOL	40012	138	1	138	1	137	263	1	0	18	2015-05-07 21:05:30.309708+00	2015-05-07 21:24:41.025297+00	00:04:00	12	1
40002	CARVAN, FOREST ROAD	40002	863	0	\N	\N	\N	\N	\N	\N	\N	2015-05-07 21:20:05.68562+00	2015-05-07 21:37:34.29955+00	00:05:00	2	0
10069	CN0806/2	10068	184	0	341	0	341	259	0	0	20	\N	\N	00:50:00	CN0806/2	0
20003	Station 1	20003	1322	10	1322	0	1322	0	0	0	0	2015-05-07 21:01:30.014278+00	2015-05-07 21:47:23.72822+00	00:13:00	21	0
20008	Station 1	20008	526	4	\N	\N	\N	\N	\N	\N	\N	2015-05-07 21:16:20.080258+00	2015-05-07 21:49:16.811076+00	00:16:00	82	0
20009	Station 1	20009	1450	5	366	0	366	334	0	0	20	2015-05-07 21:10:34.832797+00	2015-05-07 22:01:52.957132+00	00:40:00	90	0
10044	CN0508/1	10044	531	9	531	0	531	369	0	0	20	2015-05-07 21:07:02.336127+00	\N	00:50:00	CN0508/1	0
20004	Station 1	20004	360	1	436	0	436	364	0	0	20	2015-05-07 21:35:39.096991+00	2015-05-07 21:35:41.17238+00	00:06:00	33	0
40016	UNITED REFORM CHURCH	40016	191	1	191	0	0	209	20	0	20	2015-05-07 21:07:07.171586+00	\N	00:02:00	34	1
40011	WRENS NEST COMMUNITY CENTRE 2	40011	414	0	420	0	420	0	0	0	0	2015-05-07 21:12:39.804536+00	2015-05-07 21:21:04.593141+00	00:05:00	11	0
0	NA	0	715	40	2500	235	2265	2	200	3	2	2015-09-28 21:01:57.861463+00	2015-09-28 21:01:59.300567+00	00:00:00	0	0
40007	RECEPTION BLOCK	40007	\N	\N	\N	\N	\N	\N	\N	\N	\N	\N	\N	00:06:00	7	\N
10045	CN0601/1	10045	\N	\N	615	1	614	385	0	0	20	2015-05-07 21:08:09.595917+00	2015-05-07 21:08:33.49602+00	00:50:00	CN0601/1	\N
10013	DN0304/1	10013	452	6	454	0	454	346	0	0	20	\N	\N	00:55:00	DN0304/1	4
10081	SS0901/2	10080	740	22	785	0	785	315	20	0	20	2015-05-07 21:07:16.328517+00	2015-05-07 21:07:00.801547+00	00:55:00	SS0901/2	11
10042	CN0506/2	10041	480	0	481	1	480	519	0	0	20	\N	\N	01:10:00	CN0506/2	0
10067	CN0805/2	10066	364	4	435	0	435	365	0	0	20	\N	\N	00:50:00	CN0805/2	1
20007	Station 1	20007	383	7	500	5	495	500	1	0	19	2015-11-16 16:50:20.102266+00	2015-11-16 16:52:55.976972+00	00:16:00	71	2
10028	DN0406/1	10028	333	3	348	1	347	252	0	0	20	2015-05-07 21:03:43.723047+00	2015-05-07 21:03:48.342755+00	01:10:00	DN0406/1	2
10026	DN0404/2	10025	412	0	401	0	401	399	20	1	19	2015-05-07 21:16:51.830774+00	2015-05-07 21:17:03.598851+00	00:50:00	DN0404/2	0
10030	DN0407/1	10030	575	10	621	0	621	479	0	0	20	2015-05-07 21:24:16.125156+00	2015-05-07 21:24:02.555929+00	00:55:00	DN0407/1	5
40015	JESSONS C OF E PRIMARY SCHOOL	40015	360	3	360	0	360	0	0	0	0	2015-05-07 21:02:51.317046+00	\N	00:04:00	33	3
10073	CN0808/2	10072	307	3	307	0	307	293	0	0	20	2015-05-07 21:25:09.387104+00	\N	00:50:00	CN0808/2	3
10037	DN0503/2	10036	352	3	362	0	362	338	0	0	20	2015-05-07 21:21:21.800732+00	\N	00:50:00	DN0503/2	3
40009	SYCAMORE CENTRE	40009	213	0	213	1	212	0	0	0	0	2015-05-07 21:05:33.631389+00	2015-05-07 21:13:30.625498+00	00:08:00	9	0
103	GR3	103	554	3	554	0	554	546	0	0	0	2015-05-07 21:22:27.830904+00	2015-05-07 21:59:01.422581+00	00:12:00	GR3	2
10041	CN0506/1	10041	614	14	614	0	614	386	0	0	20	\N	\N	01:10:00	CN0506/1	4
10029	DN0406/2	10028	267	0	285	0	285	315	0	0	20	2015-05-07 21:09:37.162669+00	\N	01:10:00	DN0406/2	0
40003	SEA CADET HQ	40003	\N	\N	\N	\N	\N	\N	\N	\N	\N	\N	\N	00:08:00	3	\N
40004	WARD ROOM	40004	422	8	422	0	422	378	2	2	18	2015-05-07 21:03:23.856343+00	2015-05-07 21:28:57.983398+00	00:03:00	4	8
101	GR1	101	476	4	476	1	475	524	0	0	0	2015-11-25 11:33:10.482287+00	2015-11-25 11:33:21.687461+00	00:12:00	GR1	2
10038	DN0504/1	10038	428	18	456	0	456	244	20	0	20	2015-05-07 21:10:34.525972+00	2015-05-07 21:10:50.758009+00	00:50:00	DN0504/1	11
40014	TENANTS ASSOCIATION ROOM	40014	\N	\N	\N	\N	\N	\N	\N	\N	\N	\N	\N	00:05:00	32	\N
40017	QUEENS CROSS CENTRE	40017	\N	\N	\N	\N	\N	\N	\N	\N	\N	\N	\N	00:04:00	35	\N
134	SP4	134	317	2	317	0	317	179	0	0	20	2015-05-07 21:24:35.244358+00	\N	00:09:00	SP4	2
40001	FOXYARDS PRIMARY SCHOOL	40001	634	2	\N	\N	\N	\N	\N	\N	\N	\N	\N	00:11:00	1	2
10047	CN0602/1	10047	213	8	\N	\N	\N	\N	\N	\N	\N	2015-05-07 21:09:41.110682+00	2015-05-07 21:08:06.458221+00	00:50:00	CN0602/1	8
40013	COMMUNITY ROOM	40013	2743	9	\N	\N	\N	\N	\N	\N	\N	\N	\N	00:07:00	31	9
10080	SS0901/1	10080	667	0	716	1	715	385	20	0	20	2015-05-07 21:03:04.578964+00	2015-05-07 21:03:07.018502+00	00:55:00	SS0901/1	0
40018	THE SUTTON SCHOOL	40018	\N	\N	\N	\N	\N	\N	\N	\N	\N	\N	\N	00:06:00	36	\N
20005	Station 1	20005	356	14	351	0	351	349	0	0	20	2015-05-07 21:36:30.034359+00	2015-05-07 21:36:32.670267+00	00:03:00	40	14
40006	PRIORY PRIMARY SCHOOL 2	40006	468	7	\N	\N	\N	\N	\N	\N	\N	\N	\N	00:04:00	6	7
20010	Station 1	20010	618	1	403	0	403	397	0	0	20	2015-05-07 21:04:47.71353+00	2015-05-07 22:02:23.190973+00	00:25:00	93	1
10082	SS0902/1	10082	615	14	615	0	615	285	0	0	20	2015-05-07 21:06:31.940563+00	2015-05-07 21:06:50.959276+00	00:55:00	SS0902/1	11
20006	Station 1	20006	519	4	519	0	519	381	0	0	20	2015-05-07 21:10:15.490316+00	2015-05-07 21:33:19.82571+00	00:04:00	56	0
10015	DN0305/1	10015	386	11	370	0	370	230	0	0	20	2015-05-07 21:10:00.801193+00	\N	00:55:00	DN0305/1	3
40005	PRIORY PRIMARY SCHOOL 1	40005	567	5	\N	\N	\N	\N	\N	\N	\N	\N	\N	00:04:00	5	5
1010002	Station 2	1010002	\N	\N	\N	\N	\N	\N	\N	\N	\N	\N	\N	00:45:00	2	\N
10036	DN0503/1	10036	325	5	335	0	335	365	0	0	20	\N	\N	00:50:00	DN0503/1	3
1010003	Station 3	1010003	\N	\N	\N	\N	\N	\N	\N	\N	\N	\N	\N	00:45:00	3	\N
1010004	Station 4	1010004	\N	\N	\N	\N	\N	\N	\N	\N	\N	\N	\N	00:45:00	4	\N
1010005	Station 5	1010005	\N	\N	\N	\N	\N	\N	\N	\N	\N	\N	\N	00:45:00	5	\N
1010006	Station 6	1010006	\N	\N	\N	\N	\N	\N	\N	\N	\N	\N	\N	00:45:00	6	\N
1010007	Station 7	1010007	\N	\N	\N	\N	\N	\N	\N	\N	\N	\N	\N	00:45:00	7	\N
1010008	Station 8	1010008	\N	\N	\N	\N	\N	\N	\N	\N	\N	\N	\N	00:45:00	8	\N
1010010	Station 10	1010010	\N	\N	\N	\N	\N	\N	\N	\N	\N	\N	\N	00:45:00	10	\N
20002	Station 1	20002	560	3	549	0	549	351	0	0	20	2015-09-29 11:52:17.866533+00	2015-09-29 11:54:31.584102+00	00:11:00	10	1
1010001	Station 1	1010001	\N	\N	\N	\N	\N	\N	\N	\N	\N	2015-07-28 08:30:07.034576+00	2015-07-28 08:30:10.683979+00	00:45:00	1	\N
1010009	Station 9	1010009	\N	\N	777	0	0	0	0	0	0	\N	\N	00:45:00	9	\N
10033	DN0501/1	10033	258	7	\N	\N	\N	\N	\N	\N	\N	\N	\N	00:50:00	DN0501/1	7
10084	SS0903/2	10083	246	0	495	0	495	305	0	0	0	\N	\N	00:55:00	SS0903/2	0
10043	CN0507/1	10041	374	0	273	0	273	227	0	0	20	2015-05-07 21:29:30.311572+00	\N	01:10:00	CN0507/1	0
10050	CN0604/1	10050	481	1	525	1	524	475	0	0	20	\N	\N	00:50:00	CN0604/1	1
10075	CS0705/1	10075	478	12	478	0	478	222	20	0	20	2015-05-07 21:13:06.505862+00	2015-05-07 21:13:16.942931+00	00:55:00	CS0705/1	9
10032	DN0408/2	10031	513	7	519	0	519	381	0	0	20	\N	\N	00:55:00	DN0408/2	3
10083	SS0903/1	10083	282	0	613	0	613	187	0	0	0	\N	\N	00:55:00	SS0903/1	0
104	GR4	103	470	9	521	0	521	479	0	0	20	2015-05-07 21:17:57.218588+00	2015-05-07 21:34:07.611007+00	00:12:00	GR4	6
10076	CS0705/2	10075	435	5	435	0	435	265	200	0	20	2015-05-07 21:16:37.531484+00	\N	00:55:00	CS0705/2	0
10024	DN0403/1	10024	402	3	1	1	0	0	0	0	0	2015-12-09 15:53:41.531261+00	2015-12-09 15:54:04.732076+00	01:10:00	DN0403/1	0
105	GR5	105	653	17	\N	\N	\N	\N	\N	\N	\N	\N	\N	00:14:00	GR5	17
102	GR2	102	272	8	\N	\N	\N	\N	\N	\N	\N	2015-05-07 18:21:34.370693+00	2015-05-07 18:21:46.990309+00	00:12:00	GR2	8
40020	RUSSELLS HALL YOUTH CENTRE	40020	543	5	543	543	0	547	0	0	10	2015-05-07 21:10:57.03678+00	2015-05-07 21:39:58.93569+00	00:07:00	38	5
106	GR6	106	612	1	\N	\N	\N	\N	\N	\N	\N	2015-05-07 21:10:25.161083+00	2015-05-07 21:10:27.093575+00	00:11:00	GR6	0
40019	ST BARNABUS CHURCH HALL	40019	1833	1	\N	\N	\N	\N	\N	\N	\N	2015-05-07 21:08:24.310169+00	2015-05-07 21:20:19.800672+00	00:08:00	37	1
115	MH7	115	733	5	733	0	733	367	0	0	20	2015-05-07 21:22:34.474894+00	2015-05-07 21:53:17.520967+00	00:15:00	MH7	4
1000001	Test Station1	1000001	71	58	4562	12	4550	0	0	0	0	2015-12-17 09:03:05.748254+00	2015-12-17 09:03:15.92509+00	15:01:27	Test1	5
110	MH2	110	379	1	387	0	387	313	0	0	20	2015-05-07 21:25:51.967952+00	2015-05-07 22:00:55.702865+00	00:16:00	MH2	1
10068	CN0806/1	10068	160	10	306	0	306	294	0	0	20	2015-05-07 21:10:59.831979+00	2015-05-07 21:03:14.22715+00	00:50:00	CN0806/1	2
122	PN1	122	796	5	7441	0	0	455	0	0	0	2015-05-07 21:11:01.847513+00	\N	00:14:00	PN1	0
10072	CN0808/1	10072	311	7	311	0	311	289	0	0	20	2015-05-07 21:22:59.971138+00	2015-05-07 21:23:28.59838+00	00:50:00	CN0808/1	5
108	GR8	108	614	4	614	1	613	0	0	0	0	2015-05-07 21:59:50.069885+00	2015-05-07 22:37:10.344197+00	00:13:00	GR8	4
107	GR7	107	584	8	584	0	584	416	0	0	20	2015-05-07 21:07:42.048715+00	2015-05-07 22:39:08.975711+00	00:13:00	GR7	3
10051	CN0604/2	10050	477	1	528	2	526	472	0	0	20	2015-05-07 21:11:14.271719+00	\N	00:50:00	CN0604/2	1
132	SP2	132	764	4	764	0	764	736	0	0	20	2015-05-07 21:19:59.712057+00	2015-05-07 22:41:58.201583+00	00:08:00	SP2	3
118	PK3	118	643	10	643	0	0	0	0	0	0	2015-05-07 21:11:45.974231+00	\N	00:07:00	PK3	2
10034	DN0501/2	10033	330	0	\N	\N	\N	\N	\N	\N	\N	\N	\N	00:50:00	DN0501/2	0
109	MH1	109	1102	5	1102	0	1102	498	0	0	20	2015-05-07 21:38:22.095252+00	2015-05-07 22:47:20.30046+00	00:11:00	MH1	5
10039	DN0504/2	10038	439	2	468	0	468	232	20	0	20	2015-05-07 21:11:56.325679+00	2015-05-07 21:11:57.918087+00	00:50:00	DN0504/2	1
111	MH3	111	734	0	756	0	756	444	0	0	20	2015-05-07 21:12:56.696336+00	\N	00:13:00	MH3	0
10046	CN0601/2	10045	\N	\N	490	0	490	510	0	0	20	2015-05-07 21:10:45.200578+00	2015-05-07 21:13:24.814227+00	00:50:00	CN0601/2	\N
10006	DN0209/2	10005	491	11	514	0	514	286	0	0	20	2015-05-07 21:05:34.444366+00	\N	01:10:00	DN0209/2	8
10077	CS0706/1	10077	565	9	565	0	565	535	0	0	20	2015-05-07 21:04:53.724262+00	2015-05-07 21:05:46.502621+00	00:55:00	CS0706/1	6
10078	CS0706/2	10077	624	7	625	0	625	475	0	0	20	2015-05-07 21:06:42.007232+00	\N	00:55:00	CS0706/2	3
10074	SN1003/1	10074	406	16	394	1	393	206	0	0	20	2015-05-07 21:06:43.690928+00	\N	00:55:00	SN1003/1	10
10085	SS0904/1	10085	581	25	591	0	591	309	20	0	20	\N	\N	00:55:00	SS0904/1	25
10110	CS1104/1	10110	1391	19	756	0	756	744	0	0	20	2015-05-07 21:07:40.64704+00	\N	00:30:00	CS1104/1	11
148	TW3	148	720	8	754	2	752	348	0	0	20	2015-05-07 21:26:35.94514+00	\N	00:08:00	TW3	5
1000003	Test Station3	1000001	19923	38974	33	5	28	0	0	0	0	2015-04-17 12:27:20.38988+00	2015-04-17 12:27:28.186169+00	00:30:00	Test1	0
10023	DN0402/1	10023	231	0	396	0	396	404	0	0	20	2015-05-07 21:27:29.228145+00	\N	00:50:00	DN0402/1	0
147	TW2	147	926	1	966	0	966	534	0	0	20	2015-05-07 06:12:07.74724+00	2015-05-07 06:12:27.653414+00	00:07:00	TW2	1
1000002	Test Station2	1000001	313	59	252	9	243	25	256	55	5	2015-04-15 15:14:09.951948+00	2015-04-15 15:14:16.776738+00	00:30:00	Test1	59
145	TR7	144	1680	12	856	0	856	544	0	0	20	2015-05-07 21:35:30.016024+00	2015-05-07 21:52:34.323137+00	00:08:00	TR7	8
10099	SS1007/2	10098	564	4	588	0	588	212	0	0	20	2015-05-07 21:07:19.363948+00	2015-05-07 22:01:43.908091+00	00:50:00	SS1007/2	2
10002	DN0108/1	10002	395	1	395	0	395	405	0	0	20	\N	\N	00:50:00	DN0108/1	0
140	TR2	140	921	2	921	0	921	479	0	0	20	2015-05-07 21:09:08.315167+00	2015-05-07 22:34:16.633934+00	00:03:00	TR2	0
137	SP7	137	207	0	306	0	306	195	0	0	20	2015-05-07 21:09:14.884123+00	2015-05-07 22:40:59.571144+00	00:09:00	SP7	0
138	SP8	138	126	12	\N	\N	\N	\N	\N	\N	\N	2015-05-07 21:01:57.280166+00	2015-05-07 21:14:54.065144+00	00:12:00	SP8	4
136	SP6	136	534	6	534	1	533	0	0	0	20	2015-05-07 21:08:12.697952+00	2015-05-07 22:46:03.250744+00	00:10:00	SP6	0
10054	CN0606/2	10053	232	0	364	0	364	336	0	0	20	2015-05-07 21:14:55.619829+00	2015-05-07 21:14:59.738597+00	00:50:00	CN0606/2	0
10010	DN0302/2	10009	676	17	707	2	705	293	0	0	20	\N	\N	00:50:00	DN0302/2	11
10001	DN0104/1	10001	631	8	632	0	632	368	0	0	20	2015-11-30 11:58:04.148692+00	2015-11-30 11:58:14.033924+00	00:50:00	DN0104/1	8
152	TW7	151	370	3	\N	\N	\N	\N	\N	\N	\N	\N	\N	00:09:00	TW7	3
10053	CN0606/1	10053	256	3	374	1	373	326	0	0	20	2015-05-07 21:16:37.166813+00	\N	00:50:00	CN0606/1	2
1000004	Test Station4	1000001	\N	\N	\N	\N	\N	\N	\N	\N	\N	\N	\N	00:30:00	Test1	\N
1000006	Test Station6	1000001	\N	\N	\N	\N	\N	\N	\N	\N	\N	\N	\N	00:30:00	Test1	\N
10049	CN0603/2	10047	328	0	337	0	337	363	0	0	20	2015-05-07 21:08:21.88583+00	\N	00:50:00	CN0603/2	0
150	TW5	150	851	10	851	0	851	549	0	0	20	2015-05-07 21:18:03.397755+00	\N	00:09:00	TW5	7
10022	DN0401/2	10021	436	5	436	0	436	314	0	0	0	2015-05-07 21:08:42.180085+00	2015-05-07 07:16:27.355426+00	00:50:00	DN0401/2	3
141	TR3	141	952	11	951	0	951	649	0	0	20	2015-05-07 21:08:51.577222+00	2015-05-07 09:34:06.406278+00	00:02:00	TR3	7
139	TR1	139	780	3	780	0	780	320	0	0	20	2015-05-07 21:10:25.044979+00	2015-05-07 21:18:29.359604+00	00:05:00	TR1	0
10098	SS1007/1	10098	509	25	533	0	533	267	0	0	20	2015-05-07 21:04:34.309782+00	2015-05-07 21:04:48.39953+00	00:50:00	SS1007/1	16
10007	DS0306/1	10007	2	2	2	0	2	98	0	0	0	\N	\N	00:50:00	DS0306/1	2
10012	DN0303/2	10011	517	7	539	0	539	361	0	0	20	2015-05-07 21:09:14.403072+00	\N	00:55:00	DN0303/2	4
40010	WRENS NEST COMMUNITY CENTRE 1	40010	430	0	430	0	430	670	1	1	18	2015-05-07 21:04:56.42825+00	\N	00:05:00	10	0
135	SP5	135	665	7	665	0	665	835	0	0	20	2015-05-07 21:19:39.183665+00	2015-05-07 21:20:16.675706+00	00:09:00	SP5	7
10008	DN0301/1	10009	593	22	593	0	593	307	0	0	0	2015-05-07 21:20:21.724926+00	\N	00:50:00	DN0301/1	15
149	TW4	149	716	9	717	1	716	283	0	0	20	2015-05-07 21:09:22.116538+00	\N	00:09:00	TW4	9
10014	DN0304/2	10013	443	6	447	0	447	353	0	0	20	2015-05-07 21:05:39.958422+00	\N	00:55:00	DN0304/2	3
10097	SS1006/1	10097	765	19	791	0	791	209	0	0	20	2015-05-07 21:06:35.963312+00	\N	00:50:00	SS1006/1	10
10011	DN0303/1	10011	461	22	473	0	473	427	0	0	20	\N	\N	00:55:00	DN0303/1	22
143	TR5	143	577	0	576	0	576	424	0	0	20	2015-05-07 21:10:25.874408+00	\N	00:03:00	TR5	0
151	TW6	151	1009	2	\N	\N	\N	\N	\N	\N	\N	\N	\N	00:09:00	TW6	2
144	TR6	144	740	6	\N	\N	\N	\N	\N	\N	\N	\N	\N	00:08:00	TR6	5
146	TW1	146	499	656	\N	\N	\N	\N	\N	\N	\N	2015-05-07 10:46:14.438206+00	\N	00:06:00	TW1	381
1000005	Test Station5	1000001	150	150	5	0	0	0	0	0	0	\N	\N	00:30:00	Test1	50
142	TR4	142	\N	\N	\N	\N	\N	\N	\N	\N	\N	\N	\N	00:05:00	TR4	\N
1000007	Test Station7	1000001	1	57	\N	\N	\N	\N	\N	\N	\N	\N	\N	00:30:00	Test1	0
112	MH4	111	670	0	686	0	686	414	0	0	20	2015-05-07 21:03:24.801862+00	2015-05-07 21:35:19.706086+00	00:13:00	MH4	0
10058	CN0703/1	10058	430	1	566	1	565	433	20	0	20	2015-05-07 21:03:37.062753+00	\N	01:10:00	CN0703/1	1
128	PN7	127	594	3	594	1	593	406	0	0	20	2015-05-07 21:11:59.145697+00	\N	00:17:00	PN7	0
10101	CS1008/2	10100	425	3	445	1	444	255	0	0	20	\N	\N	00:55:00	CS1008/2	0
10106	SS1101/2	10105	453	1	461	1	460	239	0	0	20	2015-05-07 21:25:13.067719+00	\N	00:55:00	SS1101/2	1
129	PN8	129	985	3	985	0	985	0	1	0	0	2015-05-07 21:07:21.20542+00	2015-05-07 22:39:54.071355+00	00:18:00	PN8	2
10016	DN0305/2	10015	95	0	282	0	282	318	0	0	20	\N	\N	00:55:00	DN0305/2	0
10105	SS1101/1	10105	463	4	472	1	471	228	0	0	20	\N	\N	00:55:00	SS1101/1	4
10093	SS1001/2	10092	535	3	542	0	542	248	0	0	20	2015-05-07 21:17:02.314748+00	2015-05-07 21:17:07.862191+00	00:55:00	SS1001/2	3
123	PN2	123	696	17	696	0	696	504	0	0	20	2015-05-07 21:09:46.485332+00	2015-05-07 22:40:29.53852+00	00:15:00	PN2	16
114	MH6	114	679	4	679	0	679	621	0	0	20	2015-05-07 21:07:42.405288+00	2015-05-07 21:44:08.651056+00	00:15:00	MH6	0
10100	CS1008/1	10100	463	26	500	0	500	200	0	0	20	2015-05-07 21:12:29.585127+00	\N	00:55:00	CS1008/1	11
10027	DN0405/1	10025	512	7	522	0	522	378	20	0	20	2015-05-07 21:17:50.375669+00	\N	00:50:00	DN0405/1	3
10086	SS0904/2	10085	510	6	528	0	528	372	0	0	20	2015-05-07 21:09:10.786675+00	\N	00:55:00	SS0904/2	6
117	PK2	117	1055	7	\N	\N	\N	\N	\N	\N	\N	\N	\N	00:06:00	PK2	2
127	PN6	127	713	4	747	0	747	453	0	0	20	2015-05-07 21:05:32.685761+00	2015-05-07 22:45:34.002484+00	00:16:00	PN6	1
10107	SS1102/1	10107	639	4	716	0	716	284	0	0	20	\N	\N	00:50:00	SS1102/1	1
10018	DN0307/1	10018	\N	\N	253	0	253	247	0	0	20	2015-05-07 21:12:37.614873+00	2015-05-07 21:12:39.588855+00	00:55:00	DN0307/1	\N
10017	DS0308/1	10017	\N	\N	76	0	76	124	0	0	20	2015-05-07 21:09:08.197673+00	2015-05-07 21:09:31.928977+00	00:55:00	DS0308/1	\N
10087	SS0905/1	10087	\N	\N	\N	\N	\N	\N	\N	\N	\N	2015-05-07 21:12:49.080461+00	\N	00:55:00	SS0905/1	\N
113	MH5	111	863	18	863	0	863	837	0	0	20	2015-05-07 21:08:38.829126+00	2015-05-07 22:48:00.115528+00	00:13:00	MH5	9
10065	CN0803/2	10062	\N	\N	\N	\N	\N	\N	\N	\N	\N	\N	\N	00:50:00	CN0803/2	\N
30005	Mobile Polling Station, Queensbury Way	30005	377	3	\N	\N	\N	\N	\N	\N	\N	2015-05-29 12:52:16.55274+00	\N	00:08:00	2	1
10095	CS1004/1	10095	707	47	\N	\N	\N	\N	\N	\N	\N	\N	\N	00:55:00	CS1004/1	1
10088	SS0905/2	10087	\N	\N	\N	\N	\N	\N	\N	\N	\N	\N	\N	00:55:00	SS0905/2	\N
10019	DN0309/1	10018	\N	\N	59	0	59	41	0	0	20	2015-05-07 21:14:30.157882+00	2015-05-07 21:14:35.680247+00	00:55:00	DN0309/1	\N
10063	CN0802/2	10062	494	3	516	0	516	484	0	0	20	2015-05-07 21:07:01.368569+00	\N	00:50:00	CN0802/2	1
10092	SS1001/1	10092	556	7	570	0	570	230	0	0	20	2015-05-07 21:17:52.436092+00	\N	00:55:00	SS1001/1	7
124	PN3	124	381	2	0	381	0	21	0	0	20	2015-05-07 21:10:52.201221+00	\N	00:16:00	PN3	0
10094	CN1005/1	10094	156	0	\N	\N	\N	\N	\N	\N	\N	\N	\N	00:55:00	CN1005/1	0
10112	SS1105/1	10112	289	3	294	0	294	106	0	0	20	2015-05-07 21:05:05.145339+00	\N	00:55:00	SS1105/1	1
116	PK1	116	751	9	\N	\N	\N	\N	\N	\N	\N	2015-05-07 07:06:38.657183+00	2015-05-07 07:06:49.970273+00	00:08:00	PK1	0
10004	DN0109/1	10004	93	6	96	1	95	104	0	0	0	2015-05-07 21:15:05.843241+00	\N	01:10:00	DN0109/1	6
10113	SS1106/1	10113	432	6	446	0	446	254	0	0	20	2015-05-07 21:45:47.7157+00	2015-05-07 21:45:34.503098+00	00:55:00	SS1106/1	3
10021	DN0401/1	10021	480	3	4800	0	0	0	0	0	0	\N	\N	00:50:00	DN0401/1	0
10009	DN0302/1	10009	612	14	612	0	612	388	0	0	0	\N	\N	00:50:00	DN0302/1	9
121	PK6	121	578	18	\N	\N	\N	\N	\N	\N	\N	2015-05-07 12:22:34.41993+00	2015-05-07 13:01:22.784388+00	00:04:00	PK6	18
10040	DN0505/1	10038	413	4	441	0	441	259	20	0	20	2015-05-07 21:15:12.536925+00	\N	00:50:00	DN0505/1	3
10003	DN0108/2	10002	429	6	429	1	428	371	0	0	20	2015-05-07 21:13:45.318833+00	\N	00:50:00	DN0108/2	1
131	SP1	131	231	0	232	0	0	0	0	0	0	2015-05-07 21:36:29.783227+00	2015-05-07 21:55:40.527829+00	00:06:00	SP1	0
10025	DN0404/1	10025	430	15	444	0	444	356	20	0	20	2015-05-07 21:15:15.556018+00	2015-05-07 21:15:52.278002+00	00:50:00	DN0404/1	8
10066	CN0805/1	10066	345	3	408	0	408	392	0	0	20	2015-05-07 21:13:45.82302+00	\N	00:50:00	CN0805/1	1
130	PN9	130	446	8	446	0	446	234	0	0	20	2015-05-07 21:36:12.348722+00	2015-05-07 22:04:00.831051+00	00:18:00	PN9	8
10020	DN0310/1	10018	\N	\N	582	0	582	518	0	0	20	2015-05-07 21:16:19.375336+00	\N	00:55:00	DN0310/1	\N
133	SP3	133	523	3	496	55	441	504	0	0	0	2015-05-07 21:05:35.696681+00	2015-05-07 21:05:38.583229+00	00:08:00	SP3	3
10096	CS1004/2	10095	697	6	\N	\N	\N	\N	\N	\N	\N	2015-05-07 21:01:34.039826+00	\N	00:55:00	CS1004/2	4
10062	CN0802/1	10062	542	9	565	0	565	435	0	0	20	2015-05-07 21:05:26.311707+00	2015-05-07 21:05:47.201042+00	00:50:00	CN0802/1	9
10005	DN0209/1	10005	491	3	513	0	513	287	0	0	20	\N	\N	01:10:00	DN0209/1	3
10114	SS1106/2	10113	354	2	364	0	364	336	0	0	20	\N	\N	00:55:00	SS1106/2	1
125	PN4	125	860	5	844	0	844	456	2	0	18	2015-05-07 21:07:43.932049+00	2015-05-07 21:07:45.533102+00	00:18:00	PN4	0
10091	SN1002/1	10091	103	1	8	0	8	92	0	0	20	2015-05-07 21:06:33.679894+00	2015-05-07 21:08:30.371252+00	00:55:00	SN1002/1	1
119	PK4	119	513	3	513	0	513	387	0	0	20	2015-05-07 21:02:13.750293+00	\N	00:09:00	PK4	3
120	PK5	120	756	1	\N	\N	\N	\N	\N	\N	\N	2015-05-07 12:32:58.439586+00	2015-05-07 12:34:18.830458+00	00:10:00	PK5	1
10035	DN0502/1	10033	516	0	\N	\N	\N	\N	\N	\N	\N	\N	\N	00:50:00	DN0502/1	0
10115	SS1107/1	10113	440	5	464	0	464	336	0	0	20	\N	\N	00:55:00	SS1107/1	4
10103	CS1010/1	10102	528	14	604	1	603	396	20	0	20	\N	\N	00:50:00	CS1010/1	3
10060	CN0704/2	10059	354	6	\N	\N	\N	\N	\N	\N	\N	\N	\N	00:55:00	CN0704/2	0
10071	CN0807/2	10068	251	0	454	1	453	346	0	0	20	\N	\N	00:50:00	CN0807/2	0
10059	CN0704/1	10059	304	2	490	0	490	310	0	0	20	2015-05-07 21:10:48.966112+00	\N	00:55:00	CN0704/1	2
10111	CS1104/2	10110	\N	\N	\N	\N	\N	\N	\N	\N	\N	\N	\N	00:50:00	CS1104/2	\N
10064	CN0803/1	10062	\N	\N	\N	\N	\N	\N	\N	\N	\N	\N	\N	00:50:00	CN0803/1	\N
10104	CS1010/2	10102	511	6	596	0	596	404	20	0	20	2015-05-07 21:11:06.947948+00	\N	00:50:00	CS1010/2	6
10117	CS1108/1	10117	384	4	384	1	383	217	0	0	20	2015-05-07 21:11:45.451901+00	2015-05-07 21:11:47.152301+00	00:55:00	CS1108/1	2
10143	SS1306/2	10142	404	4	577	0	577	323	20	0	20	\N	\N	00:45:00	SS1306/2	2
10055	CN0701/1	10055	636	30	671	0	671	329	0	0	20	2015-05-07 21:16:10.672357+00	\N	00:55:00	CN0701/1	20
10079	CS0804/1	10077	56	1	\N	\N	\N	\N	\N	\N	\N	\N	\N	00:50:00	CS0804/1	1
10144	SS1306/3	10142	374	17	554	0	554	346	0	0	20	\N	\N	00:45:00	SS1306/3	12
10056	CN0702/1	10055	692	0	722	0	722	378	0	0	20	2015-05-07 21:18:12.156939+00	\N	00:55:00	CN0702/1	0
10125	CS1205/1	10125	560	17	576	0	576	224	0	0	20	2015-05-07 21:01:58.978361+00	2015-05-07 21:02:16.373004+00	00:55:00	CS1205/1	17
10061	CN0801/1	10061	221	3	274	1	273	226	0	0	20	2015-05-07 21:03:33.396575+00	\N	00:50:00	CN0801/1	1
10057	CN0702/2	10055	762	0	795	0	795	305	0	0	20	2015-05-07 21:19:46.250497+00	\N	00:55:00	CN0702/2	0
10142	SS1306/1	10142	359	2	513	0	513	387	20	0	20	2015-05-07 21:20:16.33363+00	2015-05-07 21:09:04.159838+00	00:45:00	SS1306/1	1
30001	Mobile Polling Station, Upton Tavern Car Park	30001	1700	13	2133	0	2133	0	0	0	20	2015-05-07 21:16:09.571519+00	2015-05-07 21:21:31.845075+00	00:07:00	1	8
10133	SS1209/1	10133	300	1	308	0	308	292	0	0	20	2015-05-07 21:03:52.431787+00	\N	00:50:00	SS1209/1	1
10138	SS1303/1	10138	1054	6	572	0	572	328	0	0	20	2015-05-07 21:04:30.168583+00	2015-05-07 06:59:59.103154+00	00:45:00	SS1303/1	3
10089	SS0906/1	10087	\N	\N	\N	\N	\N	\N	\N	\N	\N	\N	\N	00:55:00	SS0906/1	\N
10124	CS1204/2	10123	\N	\N	\N	\N	\N	\N	\N	\N	\N	\N	\N	00:55:00	CS1204/2	\N
10090	SS0906/2	10087	\N	\N	\N	\N	\N	\N	\N	\N	\N	\N	\N	00:55:00	SS0906/2	\N
10126	CS1205/2	10125	551	13	564	0	564	236	20	0	20	2015-05-07 21:06:03.26496+00	\N	00:55:00	CS1205/2	13
10127	SS1206/1	10127	531	6	545	0	545	0	0	0	0	2015-05-07 21:06:00.861648+00	2015-05-07 21:06:44.00035+00	00:50:00	SS1206/1	1
10130	SS1207/2	10129	304	1	312	0	312	288	0	0	20	2015-05-07 21:06:44.528755+00	\N	00:50:00	SS1207/2	1
10116	SS1107/2	10113	432	3	445	0	445	355	0	0	20	\N	\N	00:55:00	SS1107/2	2
10128	SS1206/2	10127	540	3	551	0	551	0	0	0	20	2015-05-07 21:07:36.806817+00	\N	00:50:00	SS1206/2	2
10102	CS1009/1	10102	1183	8	470	0	470	230	20	0	20	\N	\N	00:50:00	CS1009/1	7
10070	CN0807/1	10068	220	2	416	0	416	384	0	0	20	2015-05-07 21:08:00.571281+00	2015-05-07 21:08:06.449925+00	00:50:00	CN0807/1	0
10123	CS1204/1	10123	\N	\N	\N	\N	\N	\N	\N	\N	\N	\N	\N	00:55:00	CS1204/1	\N
10134	SS1301/1	10134	\N	\N	370	0	370	230	0	0	20	2015-05-07 21:26:32.809833+00	2015-05-07 15:15:07.582977+00	00:45:00	SS1301/1	\N
10129	SS1207/1	10129	338	0	346	0	346	254	0	0	20	\N	\N	00:50:00	SS1207/1	0
10121	CS1203/1	10119	181	1	516	0	516	384	0	0	20	2015-05-07 21:26:32.984054+00	\N	00:55:00	CS1203/1	1
10109	SS1103/2	10107	459	3	513	0	513	187	0	0	20	2015-05-07 21:59:01.804138+00	2015-05-07 21:58:49.286314+00	00:50:00	SS1103/2	3
10120	CS1201/2	10119	129	2	386	1	385	314	0	0	20	\N	\N	00:55:00	CS1201/2	2
10141	SS1305/1	10138	\N	\N	\N	\N	\N	\N	\N	\N	\N	\N	\N	00:45:00	SS1305/1	\N
10136	SS1302/1	10136	343	6	410	0	410	390	0	0	0	2015-05-07 21:07:13.262658+00	2015-05-07 21:07:17.506125+00	00:45:00	SS1302/1	3
10139	SS1304/1	10138	\N	\N	\N	\N	\N	\N	\N	\N	\N	\N	\N	00:45:00	SS1304/1	\N
10131	SS1208/1	10131	377	9	389	0	389	511	0	0	20	\N	\N	00:45:00	SS1208/1	7
10122	CS1203/2	10119	157	2	503	1	502	397	0	0	20	2015-05-07 09:06:27.177607+00	2015-05-07 09:06:30.652723+00	00:55:00	CS1203/2	2
10140	SS1304/2	10138	\N	\N	\N	\N	\N	\N	\N	\N	\N	\N	\N	00:45:00	SS1304/2	\N
10137	SS1302/2	10136	360	5	414	0	414	286	0	0	0	2015-05-07 21:09:13.051142+00	\N	00:45:00	SS1302/2	5
10119	CS1201/1	10119	124	9	380	0	380	320	0	0	20	\N	\N	00:55:00	CS1201/1	9
10132	SS1208/2	10131	347	0	364	1	363	536	0	0	20	2015-05-07 21:11:07.943786+00	\N	00:45:00	SS1208/2	0
10118	CN1202/1	10118	1	0	10	0	10	90	0	0	20	\N	\N	00:55:00	CN1202/1	0
10108	SS1103/1	10107	354	2	411	0	411	289	0	0	20	\N	\N	00:50:00	SS1103/1	1
10145	SS1307/1	10142	365	18	456	1	455	344	0	0	20	\N	\N	00:45:00	SS1307/1	18
10146	SS1307/2	10142	422	1	543	0	543	257	0	0	20	\N	\N	00:45:00	SS1307/2	0
10135	SS1301/2	10134	\N	\N	511	0	511	389	0	0	20	2015-05-07 21:20:02.16704+00	2015-05-07 21:21:02.876239+00	00:45:00	SS1301/2	\N
\.


--
-- Name: polling_station_id_seq; Type: SEQUENCE SET; Schema: slammer; Owner: slammer
--

SELECT pg_catalog.setval('"polling_station_id_seq"', 4, true);


--
-- Data for Name: realm_auth; Type: TABLE DATA; Schema: slammer; Owner: slammer
--

COPY "realm_auth" ("realm", "role", "updated_on") FROM stdin;
\.


--
-- Data for Name: realms; Type: TABLE DATA; Schema: slammer; Owner: slammer
--

COPY "realms" ("id", "name", "priority", "methods", "url_patterns", "updated_on") FROM stdin;
\.


--
-- Name: realms_id_seq; Type: SEQUENCE SET; Schema: slammer; Owner: slammer
--

SELECT pg_catalog.setval('"realms_id_seq"', 1, false);


--
-- Data for Name: role; Type: TABLE DATA; Schema: slammer; Owner: slammer
--

COPY "role" ("id", "bitmask", "title", "created_on", "updated_on") FROM stdin;
1	2	user	2011-08-01 10:11:00+00	2011-08-01 10:11:00+00
2	4	polling station inspector	2011-08-01 10:11:00+00	2011-08-01 10:11:00+00
3	8	full dashboard user	2011-08-01 10:11:00+00	2011-08-01 10:11:00+00
4	8	overview dashboard user	2011-08-01 10:11:00+00	2011-08-01 10:11:00+00
\.


--
-- Name: role_id_seq; Type: SEQUENCE SET; Schema: slammer; Owner: slammer
--

SELECT pg_catalog.setval('"role_id_seq"', 1, false);


--
-- Name: seq_id_users; Type: SEQUENCE SET; Schema: slammer; Owner: slammer
--

SELECT pg_catalog.setval('"seq_id_users"', 91, true);


--
-- Data for Name: sessions; Type: TABLE DATA; Schema: slammer; Owner: slammer
--

COPY "sessions" ("id", "user_id", "created_on", "expires_on", "updated_on", "origin", "agent") FROM stdin;
g33uad8n9fzc4aur45o8rruh	10024	2015-12-09 15:19:23+00	2016-01-08 20:36:08+00	2015-12-09 20:36:08.038253+00	86.1.56.161	Mozilla/5.0 (Linux; Android 5.0.2; SM-T705 Build/LRX22G; wv) AppleWebKit/537.36 (KHTML, like Gecko) Version/4.0 Chrome/46.0.2490.76 Safari/537.36
17nrcovutdqbhtae3v6sxqz3	20001	2015-11-10 12:03:17+00	2016-01-21 15:50:16+00	2015-12-22 15:50:16.714312+00	82.132.234.126	Mozilla/5.0 (Linux; Android 4.4.2; SM-T705 Build/KOT49H) AppleWebKit/537.36 (KHTML, like Gecko) Version/4.0 Chrome/30.0.0.0 Safari/537.36
mv5ssot15l3pg3vau10srds3	15	2015-12-22 09:35:54+00	2016-01-22 02:21:51+00	2015-12-23 02:21:51.291394+00	59.163.249.17	Mozilla/5.0 (Macintosh; Intel Mac OS X 10_8_5) AppleWebKit/537.36 (KHTML, like Gecko) Chrome/47.0.2526.106 Safari/537.36
jl0lgfvf4vlm3oz1k5ylnh3t	15	2016-01-04 04:50:26+00	2016-02-03 08:40:54+00	2016-01-04 08:40:54.163263+00	59.163.249.17	Mozilla/5.0 (Macintosh; Intel Mac OS X 10_8_5) AppleWebKit/537.36 (KHTML, like Gecko) Chrome/47.0.2526.106 Safari/537.36
5foo0euoby59yndgfsk5sgaf	19000	2015-12-09 15:49:37+00	2016-01-08 16:37:35+00	2015-12-09 16:37:35.882586+00	86.1.56.161	Mozilla/5.0 (Windows NT 6.3; WOW64) AppleWebKit/537.36 (KHTML, like Gecko) Chrome/46.0.2490.86 Safari/537.36
hagi7ok9ky6a7ec6yoxxr52v	15	2015-12-21 07:40:26+00	2016-01-21 09:34:48+00	2015-12-22 09:34:48.278844+00	59.163.249.17	Mozilla/5.0 (Macintosh; Intel Mac OS X 10_8_5) AppleWebKit/537.36 (KHTML, like Gecko) Chrome/47.0.2526.106 Safari/537.36
jvf2u0pdjizrc959cx8t6mrx	19000	2015-12-07 15:55:19+00	2016-01-07 11:04:37+00	2015-12-08 11:04:37.969723+00	80.95.188.228	Mozilla/5.0 (Linux; Android 5.0.2; SM-T705 Build/LRX22G) AppleWebKit/537.36 (KHTML, like Gecko) Chrome/47.0.2526.76 Safari/537.36
hc15tghbtm4nwf030imlph5f	15	2015-12-30 05:19:54+00	2016-01-29 05:19:54+00	\N	59.163.249.17	Mozilla/5.0 (Macintosh; Intel Mac OS X 10_8_5) AppleWebKit/537.36 (KHTML, like Gecko) Chrome/47.0.2526.106 Safari/537.36
jb91bkibf3avji71y73xzkh1	15	2015-12-29 10:04:13+00	2016-01-29 07:19:56+00	2015-12-30 07:19:56.635418+00	59.163.249.17	Mozilla/5.0 (Macintosh; Intel Mac OS X 10_8_5) AppleWebKit/537.36 (KHTML, like Gecko) Chrome/47.0.2526.106 Safari/537.36
tv9v88gmvzv3iw1gxjcn4jfk	14	2015-12-16 11:47:17+00	2016-01-15 11:51:48+00	2015-12-16 11:51:48.864581+00	77.102.239.210	Mozilla/5.0 (Macintosh; Intel Mac OS X 10_11_2) AppleWebKit/537.36 (KHTML, like Gecko) Chrome/47.0.2526.73 Safari/537.36
3ot1iftqddvxq7iol6gsfspl	15	2015-12-23 02:22:03+00	2016-01-22 05:12:45+00	2015-12-23 05:12:45.806567+00	112.134.233.9	Mozilla/5.0 (Macintosh; Intel Mac OS X 10_8_5) AppleWebKit/537.36 (KHTML, like Gecko) Chrome/47.0.2526.106 Safari/537.36
miljj1lki982xjofis70xf0t	19000	2015-12-18 12:34:58+00	2016-01-17 12:41:21+00	2015-12-18 12:41:21.173201+00	80.95.188.228	Mozilla/5.0 (Windows NT 6.3; WOW64) AppleWebKit/537.36 (KHTML, like Gecko) Chrome/47.0.2526.106 Safari/537.36
om7gufsfus3r9red0ijexg1o	15	2015-12-23 06:13:20+00	2016-01-22 06:26:41+00	2015-12-23 06:26:41.173257+00	59.163.249.17	Mozilla/5.0 (Windows NT 10.0; WOW64) AppleWebKit/537.36 (KHTML, like Gecko) Chrome/47.0.2526.106 Safari/537.36
bgbm2hn9hcv1kjg6axsi30j0	14	2015-12-23 06:29:21+00	2016-01-22 06:29:21+00	\N	59.163.249.17	Mozilla/5.0 (Windows NT 10.0; WOW64) AppleWebKit/537.36 (KHTML, like Gecko) Chrome/47.0.2526.106 Safari/537.36
jb9p96kuuryl6atxps85f9id	15	2015-12-30 07:21:14+00	2016-01-29 10:41:18+00	2015-12-30 10:41:18.606192+00	59.163.249.17	Mozilla/5.0 (Macintosh; Intel Mac OS X 10_8_5) AppleWebKit/537.36 (KHTML, like Gecko) Chrome/47.0.2526.106 Safari/537.36
u2si58j25sslttrdbirpvl35	10001	2015-11-25 14:38:41+00	2016-01-07 09:25:59+00	2015-12-08 09:25:59.307994+00	80.95.188.228	Mozilla/5.0 (Linux; Android 4.4.2; CanvassTab(1.0.4) Build/KOT49H) AppleWebKit/537.36 (KHTML, like Gecko) Version/4.0 Chrome/30.0.0.0 Safari/537.36
f36j7jfeam3v3omcak0pgk51	19000	2015-12-08 12:41:25+00	2016-01-07 12:41:25+00	\N	80.95.188.228	Mozilla/5.0 (Linux; Android 5.0.2; SM-T705 Build/LRX22G; wv) AppleWebKit/537.36 (KHTML, like Gecko) Version/4.0 Chrome/46.0.2490.76 Safari/537.36
q3zfyjohorvysxxn2m2bje49	15	2015-12-16 11:52:18+00	2016-01-15 11:53:48+00	2015-12-16 11:53:48.410229+00	77.102.239.210	Mozilla/5.0 (Macintosh; Intel Mac OS X 10_11_2) AppleWebKit/537.36 (KHTML, like Gecko) Chrome/47.0.2526.73 Safari/537.36
nj72w8d4jluhf2nxgw36nthh	14	2015-12-21 05:23:33+00	2016-01-20 07:39:54+00	2015-12-21 07:39:54.895363+00	59.163.249.17	Mozilla/5.0 (Macintosh; Intel Mac OS X 10_8_5) AppleWebKit/537.36 (KHTML, like Gecko) Chrome/47.0.2526.106 Safari/537.36
ejtkyp1t079b1b8koolt7nq5	15	2015-12-30 10:41:32+00	2016-01-30 09:29:57+00	2015-12-31 09:29:57.781879+00	59.163.249.17	Mozilla/5.0 (Macintosh; Intel Mac OS X 10_8_5) AppleWebKit/537.36 (KHTML, like Gecko) Chrome/47.0.2526.106 Safari/537.36
iizmece602xob3dao1q5hk42	15	2015-12-23 05:12:47+00	2016-01-28 10:02:48+00	2015-12-29 10:02:48.153774+00	59.163.249.17	Mozilla/5.0 (Macintosh; Intel Mac OS X 10_8_5) AppleWebKit/537.36 (KHTML, like Gecko) Chrome/47.0.2526.106 Safari/537.36
i8eb6kywpjrce7bigrqa95wk	14	2015-12-23 06:28:33+00	2016-01-22 06:28:33+00	\N	59.163.249.17	Mozilla/5.0 (Windows NT 10.0; WOW64) AppleWebKit/537.36 (KHTML, like Gecko) Chrome/47.0.2526.106 Safari/537.36
1i239mer6b2bbbu2u35dvgey	14	2015-12-23 06:28:38+00	2016-01-22 06:28:38+00	\N	59.163.249.17	Mozilla/5.0 (Windows NT 10.0; WOW64) AppleWebKit/537.36 (KHTML, like Gecko) Chrome/47.0.2526.106 Safari/537.36
7y6uoyd9jon5152yudahgpqh	14	2015-12-23 06:28:44+00	2016-01-22 06:28:44+00	\N	59.163.249.17	Mozilla/5.0 (Windows NT 10.0; WOW64) AppleWebKit/537.36 (KHTML, like Gecko) Chrome/47.0.2526.106 Safari/537.36
6jcbb26ajlyjmnsjh204b3c0	14	2016-01-02 10:08:51+00	2016-02-01 10:08:51+00	\N	123.231.121.241	Mozilla/5.0 (Windows NT 10.0; WOW64) AppleWebKit/537.36 (KHTML, like Gecko) Chrome/47.0.2526.106 Safari/537.36
97klyjz3vykixu4hil47bvtj	14	2015-12-23 06:12:24+00	2016-01-22 06:12:24+00	\N	59.163.249.17	Mozilla/5.0 (Windows NT 10.0; WOW64) AppleWebKit/537.36 (KHTML, like Gecko) Chrome/47.0.2526.106 Safari/537.36
3c0cufm59rp3iiko94qwda6e	15	2015-12-23 09:39:27+00	2016-01-22 10:20:02+00	2015-12-23 10:20:02.038605+00	59.163.249.17	Mozilla/5.0 (Windows NT 6.3; WOW64; rv:43.0) Gecko/20100101 Firefox/43.0
g50nf89matyzem1kswexvywe	15	2016-01-02 10:09:48+00	2016-02-01 15:07:07+00	2016-01-02 15:07:07.293598+00	123.231.121.241	Mozilla/5.0 (Windows NT 10.0; WOW64) AppleWebKit/537.36 (KHTML, like Gecko) Chrome/47.0.2526.106 Safari/537.36
39fp3w3kb429dhw6tdjg8fny	14	2015-12-17 08:42:08+00	2016-01-20 05:20:56+00	2015-12-21 05:20:56.830276+00	59.163.249.18	Mozilla/5.0 (Macintosh; Intel Mac OS X 10_8_5) AppleWebKit/537.36 (KHTML, like Gecko) Chrome/47.0.2526.80 Safari/537.36
g8lylia6vyy64eje1iumrs7x	15	2015-12-21 05:21:57+00	2016-01-20 05:23:24+00	2015-12-21 05:23:24.96052+00	59.163.249.17	Mozilla/5.0 (Macintosh; Intel Mac OS X 10_8_5) AppleWebKit/537.36 (KHTML, like Gecko) Chrome/47.0.2526.106 Safari/537.36
\.


--
-- Data for Name: station_setup_list; Type: TABLE DATA; Schema: slammer; Owner: slammer
--

COPY "station_setup_list" ("id", "council_id", "text", "order_id", "status") FROM stdin;
1	1	Open Station	10	f
2	1	Polling Boxes Arrived	1	f
3	1	Polling Staff Arrived	2	f
4	1	All Ballot Books Arrived	3	f
5	1	All Booths Ready	4	f
6	1	Signage to Polling Station Visible	5	f
7	1	Polling Station Accessible to all voters	6	f
8	1	Low level Booths and ballot boxes installed	8	f
9	1	Large print ballot papers clearly visible	7	f
10	1	Hand held samples available	9	f
13	101	Polling Staff Arrived	2	f
15	101	All Booths Ready	4	f
20	101	Hand held samples available	9	f
17	101	Polling Station Accessible to all voters	6	f
12	101	Polling Boxes Arrived	1	f
14	101	All Ballot Books Arrived	3	f
16	101	Signage to Polling Station Visible	5	f
19	101	Large print ballot papers clearly visible	8	f
18	101	Low level Booths and ballot boxes installed	7	f
59	1000001	Large print ballot papers clearly visible	8	f
57	1000001	Polling Station Accessible to all voters	6	f
54	1000001	All Ballot Books Arrived	3	f
56	1000001	Signage to Polling Station Visible	5	f
55	1000001	All Booths Ready	4	f
52	1000001	Polling Boxes Arrived	1	f
58	1000001	Low level Booths and ballot boxes installed	7	f
60	1000001	Hand held samples available	9	f
53	1000001	Polling Staff Arrived	2	f
28	10001	Low level Booths and ballot boxes installed	7	f
26	10001	Signage to Polling Station Visible	5	f
24	10001	All Ballot Books Arrived	3	f
30	10001	Hand held samples available	9	f
22	10001	Polling Boxes Arrived	1	f
27	10001	Polling Station Accessible to all voters	6	f
29	10001	Large print ballot papers clearly visible	8	f
25	10001	All Booths Ready	4	f
23	10001	Polling Staff Arrived	2	f
37	20001	Polling Station Accessible to all voters	6	f
34	20001	All Ballot Books Arrived	3	f
39	20001	Large print ballot papers clearly visible	8	f
32	20001	Polling Boxes Arrived	1	f
40	20001	Hand held samples available	9	f
36	20001	Signage to Polling Station Visible	5	f
35	20001	All Booths Ready	4	f
38	20001	Low level Booths and ballot boxes installed	7	f
33	20001	Polling Staff Arrived	2	f
48	30001	Low level Booths and ballot boxes installed	7	f
46	30001	Signage to Polling Station Visible	5	f
50	30001	Hand held samples available	9	f
44	30001	All Ballot Books Arrived	3	f
47	30001	Polling Station Accessible to all voters	6	f
42	30001	Polling Boxes Arrived	1	f
45	30001	All Booths Ready	4	f
43	30001	Polling Staff Arrived	2	f
49	30001	Large print ballot papers clearly visible	8	f
40001	40001	\tPolling Boxes Arrived\t	1	f
40002	40001	\tPolling Staff Arrived\t	2	f
40003	40001	\tAll Ballot Books Arrived\t	3	f
40004	40001	\tAll Booths Ready\t	4	f
40005	40001	\tSignage to Polling Station Visible\t	5	f
40006	40001	\tPolling Station Accessible to all voters\t	6	f
40007	40001	\tLow level Booths and ballot boxes installed\t	7	f
40008	40001	\tLarge print ballot papers clearly visible\t	8	f
40009	40001	\tHand held samples available\t	9	f
1010001	1010001	Polling Boxes Arrived	1	f
1010002	1010001	Polling Staff Arrived	2	f
1010003	1010001	All Ballot Books Arrived	3	f
1010004	1010001	All Booths Ready	4	f
1010005	1010001	Signage to Polling Station Visible	5	f
1010006	1010001	Polling Station Accessible to all voters	6	f
1010007	1010001	Low level Booths and ballot boxes installed	7	f
1010008	1010001	Large print ballot papers clearly visible	8	f
1010009	1010001	Hand held samples available	9	f
\.


--
-- Name: station_setup_list_id_seq; Type: SEQUENCE SET; Schema: slammer; Owner: slammer
--

SELECT pg_catalog.setval('"station_setup_list_id_seq"', 3, true);


--
-- Data for Name: station_setup_status; Type: TABLE DATA; Schema: slammer; Owner: slammer
--

COPY "station_setup_status" ("id", "station_id", "station_setup_list_id", "status") FROM stdin;
1	1	1	f
2	1	2	f
3	1	3	f
4	1	4	f
5	1	5	f
6	1	6	f
7	1	7	f
8	1	8	f
9	1	9	f
10	1	10	f
21	3	1	f
22	3	2	f
23	3	3	f
24	3	4	f
25	3	5	f
26	3	6	f
27	3	7	f
28	3	8	f
29	3	9	f
30	3	10	f
31	4	1	f
32	4	2	f
33	4	3	f
34	4	4	f
35	4	5	f
36	4	6	f
37	4	7	f
38	4	8	f
39	4	9	f
40	4	10	f
10278	10028	19	t
1000010	1000001	60	t
111	102	12	t
117	102	13	t
113	102	14	t
52	6	2	t
53	6	3	f
54	6	4	f
55	6	5	f
56	6	6	f
57	6	7	f
59	6	9	f
58	6	8	f
60	6	10	f
51	6	1	f
42	5	2	f
43	5	3	f
44	5	4	f
45	5	5	f
46	5	6	f
47	5	7	f
49	5	9	f
48	5	8	f
50	5	10	f
41	5	1	f
12	2	2	t
13	2	3	f
14	2	4	f
15	2	5	f
16	2	6	f
17	2	7	f
19	2	9	f
18	2	8	f
20	2	10	f
11	2	1	f
61	7	2	t
67	7	3	f
63	7	4	t
69	7	5	f
64	7	6	f
68	7	7	f
62	7	9	f
66	7	8	f
70	7	10	f
65	7	1	f
10279	10028	20	t
143	105	14	t
146	105	18	t
10264	10027	15	t
10265	10027	16	t
10266	10027	17	t
10267	10027	18	t
10268	10027	19	t
10269	10027	20	t
40182	40019	40003	t
11006	10101	17	t
118	102	17	t
40061	40007	40002	f
40070	40007	1	f
115	102	1	t
10580	10058	1	f
10577	10058	18	t
10578	10058	19	t
10579	10058	20	t
10280	10028	1	f
10270	10027	1	f
121	103	12	t
156	106	18	t
10431	10044	12	t
10439	10044	20	t
131	104	12	t
137	104	13	t
133	104	14	t
139	104	15	t
134	104	16	t
140	104	20	f
10271	10028	12	t
10272	10028	13	t
10273	10028	14	t
10274	10028	15	t
10275	10028	16	t
10276	10028	17	t
10277	10028	18	t
124	103	16	t
126	103	18	t
11414	10143	15	t
11415	10143	16	t
11416	10143	17	t
11417	10143	18	t
11418	10143	19	t
10706	10071	17	t
10591	10060	12	t
10592	10060	13	t
10593	10060	14	t
10594	10060	15	t
10595	10060	16	t
40042	40005	40003	t
280	118	20	t
40021	40003	40002	f
40022	40003	40003	f
40023	40003	40004	f
40024	40003	40005	f
40025	40003	40006	f
40026	40003	40007	f
40027	40003	40008	f
40028	40003	40009	f
40029	40003	40010	f
40030	40003	1	f
40039	40004	40010	f
1000017	1000002	53	t
1000013	1000002	54	f
1000019	1000002	55	f
1000014	1000002	56	t
1000018	1000002	57	f
1000016	1000002	58	f
1000012	1000002	59	f
40049	40005	40010	f
40059	40006	40010	f
373	128	14	t
379	128	15	t
40069	40007	40010	f
40079	40008	40010	f
40089	40009	40010	f
40099	40010	40010	f
40109	40011	40010	f
40119	40012	40010	f
40129	40013	40010	f
40131	40014	40002	f
40132	40014	40003	f
40133	40014	40004	f
40134	40014	40005	f
40135	40014	40006	f
40136	40014	40007	f
40137	40014	40008	f
40138	40014	40009	f
40139	40014	40010	f
40140	40014	1	f
40149	40015	40010	f
40159	40016	40010	f
40161	40017	40002	f
40162	40017	40003	f
40163	40017	40004	f
40164	40017	40005	f
40165	40017	40006	f
40166	40017	40007	f
40167	40017	40008	f
40168	40017	40009	f
40169	40017	40010	f
40170	40017	1	f
40171	40018	40002	f
40172	40018	40003	f
40173	40018	40004	f
40174	40018	40005	f
40175	40018	40006	f
40176	40018	40007	f
40177	40018	40008	f
40178	40018	40009	f
40179	40018	40010	f
10301	10031	12	t
40081	40009	40002	t
40082	40009	40003	t
40083	40009	40004	t
40084	40009	40005	t
40085	40009	40006	t
40086	40009	40007	t
40087	40009	40008	t
40088	40009	40009	t
10300	10030	1	f
10611	10062	12	t
10619	10062	20	t
40111	40012	40002	t
40112	40012	40003	t
40113	40012	40004	t
40114	40012	40005	t
40115	40012	40006	t
40116	40012	40007	t
40117	40012	40008	t
40118	40012	40009	t
40100	40010	1	f
10602	10061	13	t
11101	10112	12	t
10969	10097	20	f
11109	10112	20	t
10961	10097	12	t
10603	10061	14	t
10604	10061	15	t
10605	10061	16	t
10606	10061	17	t
10607	10061	18	t
10608	10061	19	t
10609	10061	20	t
40120	40012	1	f
40091	40010	40002	t
10931	10094	12	t
10932	10094	13	t
10719	10072	20	t
10939	10094	20	t
10281	10029	12	t
10282	10029	13	t
10283	10029	14	t
10284	10029	15	t
10285	10029	16	t
40104	40011	40005	t
10286	10029	17	t
10287	10029	18	t
10288	10029	19	t
40105	40011	40006	t
10289	10029	20	t
10291	10030	12	t
40107	40011	40008	t
40108	40011	40009	t
10711	10072	12	t
10292	10030	13	t
10293	10030	14	t
10294	10030	15	t
10597	10060	18	t
10473	10048	14	t
10295	10030	16	t
10296	10030	17	t
10297	10030	18	t
10298	10030	19	t
10299	10030	20	t
10290	10029	1	f
10601	10061	12	t
40092	40010	40003	t
40093	40010	40004	t
40094	40010	40005	t
10598	10060	19	t
10599	10060	20	t
616	152	18	t
40044	40005	40005	t
40095	40010	40006	t
40096	40010	40007	t
40097	40010	40008	t
40098	40010	40009	t
40090	40009	1	f
10023	10003	14	t
40045	40005	40006	t
40046	40005	40007	t
10610	10061	1	f
40043	40005	40004	t
10631	10064	12	f
10632	10064	13	f
10633	10064	14	f
10634	10064	15	f
10635	10064	16	f
10636	10064	17	f
10637	10064	18	f
10638	10064	19	f
10639	10064	20	f
10640	10064	1	f
10641	10065	12	f
10642	10065	13	f
10643	10065	14	f
10644	10065	15	f
10645	10065	16	f
10646	10065	17	f
10647	10065	18	f
10648	10065	19	f
10649	10065	20	f
10650	10065	1	f
10661	10067	12	f
10662	10067	13	f
10663	10067	14	f
10664	10067	15	f
10665	10067	16	f
40180	40018	1	f
40189	40019	40010	f
40063	40007	40004	f
40064	40007	40005	f
40065	40007	40006	f
40066	40007	40007	f
40067	40007	40008	f
40068	40007	40009	f
1000038	1000004	57	t
1000036	1000004	58	t
1000031	1000004	52	t
1000032	1000004	59	f
1000034	1000004	56	t
1000039	1000004	55	t
1000037	1000004	53	t
10544	10055	15	t
1000045	1000005	1	f
10976	10098	17	t
10555	10056	16	t
1000033	1000004	54	t
1000035	1000004	1	t
40141	40015	40002	t
1000040	1000004	60	t
40142	40015	40003	t
40143	40015	40004	t
40144	40015	40005	t
40145	40015	40006	t
40146	40015	40007	t
40147	40015	40008	t
40148	40015	40009	t
40040	40004	1	f
10734	10074	15	t
40160	40016	1	f
40101	40011	40002	t
10320	10032	1	f
40102	40011	40003	t
11410	10142	1	f
40191	40020	40002	t
40192	40020	40003	t
40193	40020	40004	t
40194	40020	40005	t
40195	40020	40006	t
10303	10031	14	t
10304	10031	15	t
10305	10031	16	t
10306	10031	17	t
10307	10031	18	t
10308	10031	19	t
10309	10031	20	t
40150	40015	1	f
40181	40019	40002	t
40151	40016	40002	t
40152	40016	40003	t
40153	40016	40004	t
40154	40016	40005	t
40155	40016	40006	t
40156	40016	40007	f
40157	40016	40008	t
40158	40016	40009	t
40110	40011	1	f
1000048	1000005	57	t
10302	10031	13	t
40183	40019	40004	t
40184	40019	40005	t
1000046	1000005	58	t
40185	40019	40006	t
40186	40019	40007	t
40187	40019	40008	t
40188	40019	40009	t
40190	40019	1	t
40121	40013	40002	t
40122	40013	40003	t
40123	40013	40004	t
40124	40013	40005	t
40125	40013	40006	t
40126	40013	40007	t
40127	40013	40008	t
40128	40013	40009	t
10950	10095	1	f
10321	10033	12	f
10322	10033	13	f
10323	10033	14	f
1000041	1000005	52	t
10312	10032	13	t
10324	10033	15	f
10325	10033	16	f
10326	10033	17	f
10327	10033	18	f
10328	10033	19	f
10313	10032	14	t
10329	10033	20	f
10331	10034	12	f
1000042	1000005	59	f
10332	10034	13	f
10333	10034	14	f
1000044	1000005	56	t
10314	10032	15	t
10334	10034	15	f
40130	40013	1	t
10685	10069	16	t
10315	10032	16	t
10330	10033	1	f
1000058	1000006	57	t
10686	10069	17	t
10316	10032	17	t
10317	10032	18	t
1000056	1000006	58	t
10318	10032	19	t
10319	10032	20	t
40080	40008	1	f
1000049	1000005	55	t
10687	10069	18	t
10688	10069	19	t
1000047	1000005	53	t
10311	10032	12	t
40071	40008	40002	t
1000043	1000005	54	t
40072	40008	40003	t
40073	40008	40004	t
40074	40008	40005	t
40075	40008	40006	t
40076	40008	40007	t
40077	40008	40008	t
40078	40008	40009	t
1000050	1000005	60	t
525	143	1	f
1000051	1000006	52	t
10596	10060	17	t
161	107	12	t
10513	10052	14	t
1000052	1000006	59	f
10514	10052	15	t
10515	10052	16	t
10516	10052	17	t
521	143	12	f
527	143	13	f
523	143	14	f
1000054	1000006	56	t
526	143	18	f
1000059	1000006	55	t
40053	40006	40004	t
1000057	1000006	53	t
40055	40006	40006	t
40056	40006	40007	t
40057	40006	40008	t
40058	40006	40009	t
1000053	1000006	54	t
40060	40006	1	t
40031	40004	40002	t
40051	40006	40002	t
40052	40006	40003	t
1000055	1000006	1	t
1000060	1000006	60	t
1000068	1000007	57	t
1000066	1000007	58	t
1000061	1000007	52	t
1000062	1000007	59	f
1000064	1000007	56	t
1000069	1000007	55	t
1000067	1000007	53	t
1000063	1000007	54	t
40054	40006	40005	t
40032	40004	40003	t
40035	40004	40006	t
40036	40004	40007	t
40037	40004	40008	t
40038	40004	40009	t
10630	10063	1	f
298	120	17	t
176	108	18	t
180	108	20	f
278	118	17	t
10690	10069	1	f
10620	10062	1	f
541	145	12	t
548	145	17	t
234	114	16	t
10689	10069	20	t
546	145	18	t
550	145	20	t
10660	10066	1	f
335	124	1	f
247	115	13	t
243	115	14	t
10691	10070	12	t
10692	10070	13	t
10693	10070	14	t
10694	10070	15	t
10805	10081	16	t
194	110	16	t
451	136	12	t
545	145	1	f
10760	10076	1	f
10930	10093	1	f
327	123	13	t
323	123	14	t
10335	10034	16	f
329	123	15	t
20015	20002	1	t
10922	10093	13	t
10923	10093	14	t
10924	10093	15	t
10336	10034	17	f
10925	10093	16	t
10926	10093	17	t
10337	10034	18	f
10927	10093	18	t
10338	10034	19	f
10339	10034	20	f
10340	10034	1	f
10341	10035	12	f
354	126	16	t
40062	40007	40003	f
331	124	12	f
337	124	13	f
10928	10093	19	t
333	124	14	f
339	124	15	f
213	112	14	f
10612	10062	13	t
10613	10062	14	t
10614	10062	15	t
10615	10062	16	t
10616	10062	17	t
10617	10062	18	t
10618	10062	19	t
338	124	17	f
10987	10099	18	t
10621	10063	12	t
10622	10063	13	t
10623	10063	14	t
1000065	1000007	1	t
1000070	1000007	60	t
10624	10063	15	t
10625	10063	16	t
10626	10063	17	t
10627	10063	18	t
10628	10063	19	t
10629	10063	20	t
223	113	14	t
229	113	15	t
224	113	16	t
219	112	15	f
214	112	16	f
336	124	18	f
220	112	20	f
203	111	14	t
169	107	15	t
166	107	18	t
10342	10035	13	f
10343	10035	14	f
10344	10035	15	f
10345	10035	16	f
10346	10035	17	f
10347	10035	18	f
10348	10035	19	f
10349	10035	20	f
10350	10035	1	f
209	111	15	t
204	111	16	t
208	111	17	t
10929	10093	20	t
170	107	20	t
603	151	14	t
293	120	14	t
299	120	15	t
210	111	20	t
283	119	14	t
289	119	15	t
317	122	13	t
313	122	14	t
320	122	20	t
10651	10066	12	t
10652	10066	13	t
10653	10066	14	t
10654	10066	15	t
10655	10066	16	t
10656	10066	17	t
10657	10066	18	t
10658	10066	19	t
10659	10066	20	t
253	116	14	t
609	151	15	t
604	151	16	t
608	151	17	t
606	151	18	t
602	151	19	t
610	151	20	t
605	151	1	t
11085	10109	16	t
261	117	12	t
263	117	14	t
259	116	15	t
230	113	20	t
303	121	14	t
309	121	15	t
254	116	16	t
10076	10008	17	t
10523	10053	14	t
173	108	14	t
179	108	15	t
269	117	15	t
264	117	16	t
268	117	17	t
233	114	14	t
239	114	15	t
174	108	16	t
178	108	17	t
11116	10113	17	t
1000011	1000002	52	f
1000020	1000002	60	t
1000015	1000002	1	t
10484	10049	15	t
20051	20006	22	t
20057	20006	23	t
20053	20006	24	t
20059	20006	25	t
20054	20006	26	t
20058	20006	27	t
20056	20006	28	t
20052	20006	29	t
20060	20006	30	t
10541	10055	12	t
10542	10055	13	t
10543	10055	14	t
10545	10055	16	t
10546	10055	17	t
20001	20001	22	t
20007	20001	23	t
20061	20007	22	t
20021	20003	22	f
20027	20003	23	t
20003	20001	24	t
20009	20001	25	t
20023	20003	24	t
20029	20003	25	t
20024	20003	26	t
20028	20003	27	t
20026	20003	28	t
20022	20003	29	t
20030	20003	30	f
20004	20001	26	t
20006	20001	28	t
20002	20001	29	f
20011	20002	22	t
20017	20002	23	f
20013	20002	24	t
20019	20002	25	t
20014	20002	26	t
20018	20002	27	t
20016	20002	28	t
20012	20002	29	t
20020	20002	30	t
10583	10059	14	t
10584	10059	15	t
10585	10059	16	t
10586	10059	17	t
10587	10059	18	t
10588	10059	19	t
20010	20001	30	t
153	106	14	t
10589	10059	20	t
232	114	19	t
20037	20004	23	t
20033	20004	24	t
20039	20004	25	t
20034	20004	26	t
20038	20004	27	t
20036	20004	28	t
20032	20004	29	t
20040	20004	30	t
288	119	17	t
252	116	19	t
10472	10048	13	t
10474	10048	15	t
10475	10048	16	t
10476	10048	17	t
10477	10048	18	t
10478	10048	19	t
10600	10060	1	t
612	152	19	t
615	152	1	t
10773	10078	14	t
10774	10078	15	t
10775	10078	16	t
10776	10078	17	t
10777	10078	18	t
10778	10078	19	t
10779	10078	20	t
163	107	14	t
10517	10052	18	t
262	117	19	t
20043	20005	24	t
20049	20005	25	t
477	138	13	t
473	138	14	t
501	141	12	t
507	141	13	t
503	141	14	t
10480	10048	1	f
10590	10059	1	f
11160	10117	1	f
10670	10067	1	f
10090	10009	1	f
10547	10055	18	t
10548	10055	19	t
10549	10055	20	t
10551	10056	12	t
10552	10056	13	t
10553	10056	14	t
10554	10056	15	t
10556	10056	17	t
10557	10056	18	t
10558	10056	19	t
10559	10056	20	t
551	146	12	f
561	147	12	t
460	136	20	t
464	137	16	t
468	137	17	t
470	137	20	t
10766	10077	17	t
10771	10078	12	t
10772	10078	13	t
181	109	12	t
10141	10015	12	t
10143	10015	14	t
10149	10015	20	t
10152	10016	13	t
10527	10053	18	t
444	135	16	t
448	135	17	t
450	135	20	t
40106	40011	40007	t
30001	30001	22	t
30007	30001	23	t
30003	30001	24	t
30009	30001	25	t
10518	10052	19	t
30004	30001	26	t
30008	30001	27	t
30006	30001	28	t
30002	30001	29	t
30010	30001	30	t
30011	30005	22	t
30017	30005	23	t
30013	30005	24	t
30019	30005	25	t
30014	30005	26	t
10519	10052	20	t
11329	10134	20	t
529	143	15	f
524	143	16	f
530	143	20	f
11161	10118	12	t
11162	10118	13	t
11163	10118	14	t
30018	30005	27	t
11164	10118	15	t
30016	30005	28	t
30012	30005	29	t
30020	30005	30	t
30015	30005	1	t
11165	10118	16	t
191	110	12	t
197	110	13	t
10351	10036	12	t
351	126	12	t
357	126	13	t
359	126	15	t
10061	10007	12	t
11166	10118	17	t
404	131	16	t
408	131	17	t
410	131	20	t
11167	10118	18	t
11168	10118	19	t
11169	10118	20	t
11084	10109	15	t
571	148	12	t
384	129	16	t
388	129	17	t
368	127	17	t
366	127	18	t
362	127	19	t
10426	10043	17	t
394	130	16	t
398	130	17	t
434	134	16	t
438	134	17	t
440	134	20	t
504	141	16	t
508	141	17	t
510	141	20	f
10871	10088	12	t
10872	10088	13	t
10873	10088	14	t
10874	10088	15	t
10875	10088	16	t
10876	10088	17	t
10877	10088	18	t
10878	10088	19	t
10879	10088	20	t
276	118	18	t
30005	30001	1	f
11170	10118	1	f
10520	10052	1	f
375	128	1	f
10550	10055	1	f
10560	10056	1	f
10696	10070	17	t
10697	10070	18	t
10109	10011	20	t
10698	10070	19	t
10699	10070	20	t
10964	10097	15	t
10126	10013	17	t
10082	10009	13	t
10083	10009	14	t
10084	10009	15	t
10028	10003	19	t
10701	10071	12	t
10702	10071	13	t
10703	10071	14	t
10704	10071	15	t
183	109	14	t
186	109	18	t
10881	10089	12	t
10140	10014	1	f
10700	10070	1	f
205	111	1	f
10080	10008	1	f
11227	10124	18	f
10861	10087	12	t
547	145	13	t
10770	10077	1	f
543	145	14	t
11291	10131	12	t
10737	10074	18	t
10738	10074	19	t
10739	10074	20	t
10010	10001	1	t
10810	10081	1	f
10901	10091	12	t
10902	10091	13	t
10903	10091	14	t
226	113	18	t
11231	10125	12	t
11239	10125	20	t
308	121	17	t
306	121	18	t
246	115	18	t
236	114	18	t
193	110	14	t
199	110	15	t
198	110	17	t
196	110	18	t
549	145	15	t
10718	10072	19	t
11250	10126	1	f
567	147	13	t
353	126	14	t
216	112	18	f
206	111	18	t
286	119	18	t
544	145	16	t
542	145	19	t
386	129	18	t
10780	10078	1	f
10740	10074	1	f
563	147	14	t
569	147	15	t
328	123	17	t
564	147	16	t
326	123	18	t
11188	10120	19	t
10882	10089	13	t
10883	10089	14	t
10884	10089	15	t
562	147	19	t
570	147	20	t
10801	10081	12	t
10885	10089	16	t
10802	10081	13	t
10803	10081	14	t
10804	10081	15	t
10806	10081	17	t
10807	10081	18	t
10808	10081	19	t
10886	10089	17	t
10809	10081	20	t
10887	10089	18	t
10888	10089	19	t
10889	10089	20	t
10890	10089	1	t
256	116	18	f
591	150	12	t
597	150	13	t
593	150	14	t
599	150	15	t
594	150	16	t
592	150	19	t
600	150	20	t
457	136	13	t
453	136	14	t
459	136	15	t
454	136	16	t
10761	10077	12	t
10762	10077	13	t
10763	10077	14	t
10764	10077	15	t
10765	10077	16	t
10767	10077	18	t
10768	10077	19	t
10769	10077	20	t
528	143	17	f
601	151	12	t
607	151	13	t
266	117	18	t
577	148	13	t
573	148	14	t
579	148	15	t
574	148	16	t
576	148	18	t
572	148	19	t
580	148	20	t
11263	10128	14	t
10891	10090	12	t
10892	10090	13	t
10893	10090	14	t
10894	10090	15	t
10895	10090	16	t
10896	10090	17	t
10897	10090	18	t
10898	10090	19	t
10899	10090	20	t
10900	10090	1	t
296	120	18	t
277	118	13	t
486	139	18	t
10441	10045	12	t
10443	10045	14	t
10444	10045	15	t
10445	10045	16	t
10446	10045	17	t
10447	10045	18	t
10448	10045	19	t
11055	10106	16	t
11056	10106	17	t
11057	10106	18	t
11058	10106	19	t
11059	10106	20	t
40001	40001	40002	t
343	125	14	t
349	125	15	t
344	125	16	t
348	125	17	t
346	125	18	t
342	125	19	t
350	125	20	t
361	127	12	t
369	127	15	t
436	134	18	t
10491	10050	12	t
10492	10050	13	t
10493	10050	14	t
10494	10050	15	t
10495	10050	16	t
10496	10050	17	t
10498	10050	19	t
10499	10050	20	f
10880	10088	1	t
11264	10128	15	t
11265	10128	16	t
11266	10128	17	t
11267	10128	18	t
11268	10128	19	t
11269	10128	20	t
11270	10128	1	f
345	125	1	f
10500	10050	1	f
11060	10106	1	f
10370	10037	1	f
10450	10045	1	f
10381	10039	12	t
10179	10018	20	f
10382	10039	13	t
10180	10018	1	f
10369	10037	20	t
10260	10026	1	f
10449	10045	20	t
40002	40001	40003	t
40003	40001	40004	t
40004	40001	40005	t
40005	40001	40006	t
40006	40001	40007	t
20071	20008	22	t
20077	20008	23	t
20073	20008	24	t
20079	20008	25	t
20074	20008	26	t
20078	20008	27	t
20076	20008	28	t
20072	20008	29	t
20080	20008	30	f
10383	10039	14	t
10384	10039	15	t
20067	20007	23	t
20063	20007	24	t
20069	20007	25	t
10385	10039	16	t
20064	20007	26	t
20068	20007	27	t
20066	20007	28	t
40009	40001	40010	f
40019	40002	40010	f
452	136	19	t
374	128	16	t
462	137	19	t
512	142	19	f
40007	40001	40008	t
10171	10018	12	f
10172	10018	13	f
10173	10018	14	f
10174	10018	15	f
10175	10018	16	f
10176	10018	17	f
10177	10018	18	f
10178	10018	19	f
442	135	19	t
20031	20004	22	t
20081	20009	22	t
20087	20009	23	t
20083	20009	24	t
20089	20009	25	t
352	126	19	t
20091	20010	22	t
20097	20010	23	t
20093	20010	24	t
20099	20010	25	t
20094	20010	26	t
20098	20010	27	t
20096	20010	28	t
20092	20010	29	t
20100	20010	30	t
10361	10037	12	t
10362	10037	13	t
10363	10037	14	t
40008	40001	40009	t
20062	20007	29	t
10364	10037	15	t
10365	10037	16	t
10366	10037	17	t
10367	10037	18	t
10368	10037	19	t
40010	40001	1	t
422	133	19	t
1000021	1000003	52	t
1000027	1000003	53	t
1000023	1000003	54	t
1000029	1000003	55	t
1000024	1000003	56	t
1000028	1000003	57	f
1000026	1000003	58	f
1000022	1000003	59	f
1000030	1000003	60	t
20008	20001	27	t
402	131	19	t
522	143	19	f
40011	40002	40002	t
40012	40002	40003	t
40013	40002	40004	t
40014	40002	40005	t
40015	40002	40006	t
40016	40002	40007	f
40017	40002	40008	t
40018	40002	40009	t
1000025	1000003	1	f
40020	40002	1	t
531	144	12	t
537	144	13	t
533	144	14	t
539	144	15	t
534	144	16	t
538	144	17	t
536	144	18	t
532	144	19	t
540	144	20	t
535	144	1	t
20041	20005	22	t
20047	20005	23	t
20044	20005	26	t
20048	20005	27	t
20046	20005	28	t
20042	20005	29	t
20050	20005	30	t
439	134	15	t
432	134	19	t
502	141	19	t
294	120	16	t
292	120	19	t
300	120	20	t
295	120	1	t
40103	40011	40004	t
20084	20009	26	t
20088	20009	27	t
20086	20009	28	t
20082	20009	29	t
11311	10133	12	t
381	129	12	t
387	129	13	t
383	129	14	t
389	129	15	t
382	129	19	t
390	129	20	t
10831	10084	12	t
10832	10084	13	t
10833	10084	14	t
10834	10084	15	t
10835	10084	16	t
10836	10084	17	t
10837	10084	18	t
10838	10084	19	t
10839	10084	20	t
385	129	1	f
10460	10046	1	f
10020	10002	1	f
10840	10084	1	f
10451	10046	12	t
10452	10046	13	t
10453	10046	14	t
10454	10046	15	t
10455	10046	16	t
10456	10046	17	t
10457	10046	18	t
10458	10046	19	t
10459	10046	20	t
10013	10002	14	t
10014	10002	15	t
10015	10002	16	t
10016	10002	17	t
10017	10002	18	t
10019	10002	20	t
347	125	13	t
20070	20007	30	t
114	102	16	t
20025	20003	1	f
20045	20005	1	f
20035	20004	1	f
20095	20010	1	f
20055	20006	1	f
40199	40020	40010	f
20085	20009	1	f
40200	40020	1	f
20065	20007	1	f
40196	40020	40007	t
40197	40020	40008	t
40198	40020	40009	t
20090	20009	30	t
10062	10007	13	t
20075	20008	1	t
10467	10047	18	t
10992	10100	13	t
321	123	12	t
324	123	16	t
437	134	13	t
433	134	14	t
10310	10031	1	f
11180	10119	1	f
10750	10075	1	f
435	134	1	f
20005	20001	1	t
10246	10025	17	t
11171	10119	12	t
11172	10119	13	t
10262	10027	13	t
10011	10002	12	t
10012	10002	13	t
11173	10119	14	t
11201	10122	12	t
11202	10122	13	t
11203	10122	14	t
11204	10122	15	t
11205	10122	16	t
11206	10122	17	t
11208	10122	19	t
11209	10122	20	t
10421	10043	12	t
10425	10043	16	t
393	130	14	t
399	130	15	t
396	130	18	t
392	130	19	t
400	130	20	t
40041	40005	40002	t
40047	40005	40008	t
40048	40005	40009	t
40050	40005	1	t
10360	10036	1	f
10980	10098	1	f
11120	10113	1	f
11210	10122	1	f
395	130	1	f
11230	10124	1	f
10813	10082	14	t
10033	10004	14	t
10034	10004	15	t
10035	10004	16	t
10036	10004	17	t
10037	10004	18	t
10038	10004	19	t
10039	10004	20	t
10081	10009	12	t
10487	10049	18	t
10869	10087	20	t
11189	10120	20	t
11191	10121	12	t
11192	10121	13	t
11193	10121	14	t
11194	10121	15	t
11195	10121	16	t
11196	10121	17	t
11197	10121	18	t
11198	10121	19	t
11199	10121	20	t
11207	10122	18	t
10501	10051	12	t
10502	10051	13	t
10503	10051	14	t
10504	10051	15	t
10505	10051	16	t
10506	10051	17	t
10507	10051	18	t
10508	10051	19	t
10509	10051	20	t
10497	10050	18	t
10130	10013	1	f
11190	10120	1	f
10510	10051	1	f
10040	10004	1	f
11200	10121	1	f
1000001	1000001	52	t
11300	10131	1	f
341	125	12	t
287	119	13	t
11392	10141	13	f
11393	10141	14	f
11394	10141	15	f
11395	10141	16	f
11396	10141	17	f
11397	10141	18	f
11398	10141	19	f
11399	10141	20	f
217	112	13	f
141	105	12	t
147	105	13	t
149	105	15	t
144	105	16	t
10538	10054	19	t
11292	10131	13	t
11293	10131	14	t
11294	10131	15	f
128	103	17	t
10571	10058	12	t
10572	10058	13	t
10573	10058	14	t
10574	10058	15	t
10575	10058	16	t
11295	10131	16	t
11296	10131	17	t
11297	10131	18	t
11298	10131	19	t
11299	10131	20	t
10540	10054	1	f
311	122	12	t
319	122	15	t
10561	10057	12	t
10562	10057	13	t
10563	10057	14	t
10564	10057	15	t
122	103	19	t
431	134	12	t
148	105	17	t
10539	10054	20	t
11422	10144	13	t
11423	10144	14	t
11323	10134	14	t
11419	10143	20	t
267	117	13	t
10570	10057	1	f
112	102	19	t
11430	10144	1	f
421	133	12	t
314	122	16	t
491	140	12	t
142	105	19	t
120	102	20	t
424	133	16	t
401	131	12	t
11034	10104	15	t
116	102	18	t
150	105	20	t
10565	10057	16	t
130	103	20	t
11340	10135	1	f
11420	10143	1	f
10576	10058	17	t
119	102	15	t
241	115	12	t
244	115	16	t
248	115	17	t
250	115	20	t
271	118	12	t
11065	10107	16	t
145	105	1	t
11424	10144	15	t
478	138	17	t
11425	10144	16	t
207	111	13	t
11324	10134	15	t
11426	10144	17	t
11427	10144	18	t
11428	10144	19	t
11429	10144	20	t
471	138	12	t
11449	10146	20	t
10566	10057	17	t
10567	10057	18	t
10568	10057	19	t
10569	10057	20	t
11450	10146	1	f
227	113	13	t
11232	10125	13	t
307	121	13	t
257	116	13	t
11325	10134	16	t
10727	10073	18	t
177	108	13	t
10536	10054	17	t
481	139	12	t
11421	10144	12	t
461	137	12	t
127	103	13	t
123	103	14	t
129	103	15	t
10537	10054	18	t
441	135	12	t
237	114	13	t
11440	10145	1	f
11431	10145	12	t
11432	10145	13	t
11433	10145	14	t
11434	10145	15	t
11435	10145	16	t
11436	10145	17	t
11437	10145	18	t
11438	10145	19	t
11439	10145	20	t
125	103	1	f
620	152	20	t
11441	10146	12	t
11442	10146	13	t
11443	10146	14	t
11444	10146	15	t
11445	10146	16	t
11446	10146	17	t
11447	10146	18	t
11448	10146	19	t
187	109	13	t
167	107	13	t
297	120	13	t
11321	10134	12	t
11322	10134	13	t
11326	10134	17	t
11327	10134	18	t
11328	10134	19	t
568	147	17	t
272	118	19	t
557	146	13	f
553	146	14	f
559	146	15	f
554	146	16	f
558	146	17	f
556	146	18	f
552	146	19	f
560	146	20	f
242	115	19	t
282	119	19	t
517	142	13	f
290	119	20	t
318	122	17	t
228	113	17	t
222	113	19	t
151	106	12	t
157	106	13	t
159	106	15	t
154	106	16	t
158	106	17	t
152	106	19	t
160	106	20	t
155	106	1	t
304	121	16	t
302	121	19	t
310	121	20	t
497	140	13	t
493	140	14	t
499	140	15	t
494	140	16	t
498	140	17	t
500	140	20	t
483	139	14	t
484	139	16	t
488	139	17	t
447	135	13	t
487	139	13	t
443	135	14	t
240	114	20	t
449	135	15	t
192	110	19	t
446	135	18	t
417	132	13	t
413	132	14	t
419	132	15	t
414	132	16	t
418	132	17	t
416	132	18	t
412	132	19	t
420	132	20	t
245	115	1	f
238	114	17	t
270	117	20	t
578	148	17	t
322	123	19	t
330	123	20	t
185	109	1	f
358	126	17	t
356	126	18	t
218	112	17	f
212	112	19	f
202	111	19	t
284	119	16	t
316	122	18	t
312	122	19	t
275	118	1	f
172	108	19	t
596	150	18	t
415	132	1	f
458	136	17	t
258	116	17	t
260	116	20	f
509	141	15	t
427	133	13	t
423	133	14	t
428	133	17	t
426	133	18	t
430	133	20	t
581	149	12	t
587	149	13	t
583	149	14	t
589	149	15	t
584	149	16	t
588	149	17	t
586	149	18	t
582	149	19	t
590	149	20	t
407	131	13	t
403	131	14	t
406	131	18	t
474	138	16	t
365	127	1	f
566	147	18	t
598	150	17	t
456	136	18	t
315	122	1	f
367	127	13	t
363	127	14	t
364	127	16	t
370	127	20	t
455	136	1	f
397	130	13	t
378	128	17	t
376	128	18	t
372	128	19	t
380	128	20	t
467	137	13	t
463	137	14	t
469	137	15	t
466	137	18	t
334	124	16	f
332	124	19	f
340	124	20	f
611	152	12	t
617	152	13	t
613	152	14	t
619	152	15	t
614	152	16	t
618	152	17	t
175	108	1	f
506	141	18	t
595	150	1	f
107	101	13	t
103	101	14	t
109	101	15	t
273	118	14	t
104	101	16	t
108	101	17	t
106	101	18	t
102	101	19	t
110	101	20	t
105	101	1	t
555	146	1	f
10666	10067	17	f
10667	10067	18	f
10668	10067	19	f
10669	10067	20	f
10387	10039	18	t
135	104	1	f
10791	10080	12	t
10781	10079	12	f
10782	10079	13	f
10783	10079	14	f
10784	10079	15	f
10785	10079	16	f
10786	10079	17	f
10787	10079	18	f
10788	10079	19	f
10789	10079	20	f
10790	10079	1	f
249	115	15	t
274	118	16	t
10793	10080	14	t
513	142	14	t
519	142	15	f
514	142	16	f
518	142	17	f
516	142	18	f
520	142	20	f
515	142	1	f
485	139	1	f
511	142	12	t
429	133	15	t
221	113	12	t
495	140	1	f
10751	10076	12	t
10752	10076	13	t
10753	10076	14	t
10754	10076	15	t
10755	10076	16	t
10756	10076	17	t
10757	10076	18	t
10758	10076	19	t
10759	10076	20	t
301	121	12	t
305	121	1	t
496	140	18	t
492	140	19	t
465	137	1	f
482	139	19	t
490	139	20	f
10680	10068	1	f
10524	10053	15	t
489	139	15	t
10525	10053	16	t
10526	10053	17	t
10528	10053	19	t
10529	10053	20	t
445	135	1	f
165	107	1	f
10522	10053	13	t
200	110	20	t
405	131	1	f
411	132	12	t
231	114	12	t
10710	10071	1	f
265	117	1	t
10530	10053	1	f
479	138	15	t
10681	10069	12	t
138	104	17	t
136	104	18	t
132	104	19	t
285	119	1	f
360	126	20	t
425	133	1	f
211	112	12	f
355	126	1	f
201	111	12	t
281	119	12	t
575	148	1	f
279	118	15	t
184	109	16	t
188	109	17	t
182	109	19	t
190	109	20	t
164	107	16	t
168	107	17	t
171	108	12	t
251	116	12	t
255	116	1	t
189	109	15	t
10018	10002	19	t
505	141	1	f
10671	10068	12	t
10672	10068	13	t
10674	10068	15	t
10675	10068	16	t
10677	10068	18	t
10678	10068	19	t
10679	10068	20	t
215	112	1	f
325	123	1	f
409	131	15	t
195	110	1	f
10682	10069	13	t
10683	10069	14	t
10684	10069	15	t
235	114	1	f
10581	10059	12	t
10582	10059	13	t
225	113	1	f
565	147	1	f
291	120	12	t
585	149	1	f
10705	10071	16	t
10707	10071	18	t
10708	10071	19	t
10709	10071	20	t
371	128	12	t
391	130	12	t
162	107	19	t
377	128	13	t
10386	10039	17	t
10388	10039	19	t
11074	10108	15	t
10863	10087	14	t
10864	10087	15	t
10865	10087	16	t
10866	10087	17	t
10844	10085	15	t
10867	10087	18	t
10868	10087	19	t
10870	10087	1	t
10853	10086	14	f
10854	10086	15	f
10855	10086	16	f
10856	10086	17	f
10857	10086	18	f
10858	10086	19	f
10859	10086	20	f
10851	10086	12	f
476	138	18	t
10862	10087	13	t
472	138	19	t
480	138	20	t
475	138	1	t
10852	10086	13	f
10845	10085	16	t
10846	10085	17	t
10848	10085	19	t
10849	10085	20	t
10860	10086	1	f
10911	10092	12	t
10912	10092	13	t
10712	10072	13	t
10842	10085	13	t
10811	10082	12	t
10933	10094	14	t
10468	10047	19	t
10822	10083	13	t
10823	10083	14	t
10824	10083	15	t
10825	10083	16	t
10826	10083	17	t
10827	10083	18	t
10828	10083	19	t
10829	10083	20	t
10920	10092	1	f
10731	10074	12	t
10821	10083	12	t
10732	10074	13	t
10733	10074	14	t
10735	10074	16	t
10736	10074	17	t
10904	10091	15	t
10905	10091	16	t
10906	10091	17	t
10907	10091	18	t
10908	10091	19	t
10909	10091	20	t
10820	10082	1	f
10742	10075	13	t
11363	10138	14	t
10743	10075	14	t
10744	10075	15	t
10745	10075	16	t
10746	10075	17	t
10747	10075	18	t
10748	10075	19	t
10749	10075	20	t
10843	10085	14	t
11011	10102	12	t
10741	10075	12	t
10841	10085	12	t
10934	10094	15	t
10935	10094	16	t
10936	10094	17	t
10937	10094	18	t
10521	10053	12	t
10713	10072	14	t
10714	10072	15	t
10715	10072	16	t
10716	10072	17	t
10717	10072	18	t
10730	10073	1	f
10352	10036	13	t
10353	10036	14	t
10354	10036	15	t
10355	10036	16	t
10356	10036	17	t
10357	10036	18	t
10358	10036	19	t
10359	10036	20	t
10910	10091	1	f
10850	10085	1	f
10442	10045	13	t
10463	10047	14	t
10812	10082	13	t
10814	10082	15	t
10815	10082	16	t
10816	10082	17	t
10817	10082	18	t
10818	10082	19	t
10819	10082	20	t
11050	10105	1	f
10371	10038	12	t
10372	10038	13	t
10373	10038	14	t
10374	10038	15	t
10375	10038	16	t
10376	10038	17	t
10377	10038	18	t
10378	10038	19	t
10379	10038	20	t
10830	10083	1	f
10721	10073	12	t
10722	10073	13	t
10723	10073	14	t
10724	10073	15	t
10725	10073	16	t
10726	10073	17	t
10728	10073	19	t
10729	10073	20	t
10847	10085	18	t
10913	10092	14	t
10914	10092	15	t
10915	10092	16	t
10916	10092	17	t
10917	10092	18	t
10918	10092	19	t
10919	10092	20	t
10720	10072	1	f
10921	10093	12	t
11451	10110	12	t
11452	10110	13	t
11453	10110	14	t
11454	10110	15	t
11455	10110	16	t
11456	10110	17	t
11062	10107	13	t
10951	10096	12	f
10941	10095	12	f
10942	10095	13	f
10943	10095	14	f
10944	10095	15	f
10945	10095	16	f
10946	10095	17	f
10947	10095	18	f
10948	10095	19	f
10949	10095	20	f
10952	10096	13	f
10953	10096	14	f
10954	10096	15	f
10955	10096	16	f
10956	10096	17	f
10957	10096	18	f
10958	10096	19	f
10959	10096	20	f
10960	10096	1	f
11061	10107	12	t
11063	10107	14	t
11064	10107	15	t
11066	10107	17	t
11067	10107	18	t
11068	10107	19	t
11069	10107	20	t
11091	10111	12	f
11092	10111	13	f
11093	10111	14	f
11094	10111	15	f
11095	10111	16	f
11096	10111	17	f
11097	10111	18	f
11098	10111	19	f
11099	10111	20	f
11100	10111	1	f
11140	10115	1	f
11121	10114	12	t
11122	10114	13	t
11123	10114	14	t
11124	10114	15	t
11125	10114	16	t
11126	10114	17	t
11127	10114	18	t
10971	10098	12	t
10972	10098	13	t
10973	10098	14	t
10974	10098	15	t
10975	10098	16	t
10977	10098	18	t
10978	10098	19	t
10979	10098	20	f
10970	10097	1	f
10981	10099	12	t
10982	10099	13	t
10983	10099	14	t
10984	10099	15	t
10985	10099	16	t
10986	10099	17	t
10988	10099	19	t
10989	10099	20	t
11150	10116	1	f
11012	10102	13	t
11013	10102	14	t
11014	10102	15	t
11015	10102	16	t
11016	10102	17	t
11017	10102	18	t
11018	10102	19	t
11019	10102	20	t
11070	10107	1	f
10965	10097	16	t
10966	10097	17	t
10967	10097	18	t
10968	10097	19	f
11130	10114	1	f
11021	10103	12	t
11022	10103	13	t
10962	10097	13	t
10963	10097	14	t
11024	10103	15	t
11025	10103	16	t
11026	10103	17	t
11027	10103	18	t
11028	10103	19	t
11029	10103	20	t
11040	10104	1	f
11031	10104	12	t
11032	10104	13	t
11033	10104	14	t
11035	10104	16	t
11036	10104	17	t
11037	10104	18	t
11038	10104	19	t
11039	10104	20	t
11000	10100	1	f
10938	10094	19	t
10940	10094	1	t
11041	10105	12	t
11042	10105	13	t
11043	10105	14	t
11044	10105	15	t
11045	10105	16	t
11046	10105	17	t
11047	10105	18	t
11048	10105	19	t
11049	10105	20	t
11052	10106	13	t
11053	10106	14	t
11054	10106	15	t
10991	10100	12	t
11051	10106	12	t
10993	10100	14	t
10994	10100	15	t
10995	10100	16	t
10996	10100	17	t
10997	10100	18	t
10998	10100	19	t
10999	10100	20	t
11010	10101	1	f
11001	10101	12	t
11002	10101	13	t
11003	10101	14	t
11004	10101	15	t
11005	10101	16	t
11007	10101	18	t
11008	10101	19	t
11009	10101	20	t
11128	10114	19	t
11129	10114	20	t
10990	10099	1	f
11131	10115	12	t
11132	10115	13	t
11133	10115	14	t
11134	10115	15	t
11135	10115	16	t
11136	10115	17	t
11137	10115	18	t
11138	10115	19	t
11139	10115	20	t
11030	10103	1	f
11141	10116	12	t
11142	10116	13	t
11143	10116	14	t
11144	10116	15	t
11145	10116	16	t
11146	10116	17	t
11147	10116	18	t
11148	10116	19	t
11149	10116	20	t
11020	10102	1	f
11254	10127	15	t
11212	10123	13	f
11213	10123	14	f
11214	10123	15	f
11215	10123	16	f
11216	10123	17	f
11217	10123	18	f
11218	10123	19	f
11219	10123	20	f
11220	10123	1	f
11080	10108	1	f
11211	10123	12	f
11221	10124	12	f
11222	10124	13	f
11223	10124	14	f
11224	10124	15	f
11225	10124	16	f
11226	10124	17	f
11228	10124	19	f
11229	10124	20	f
11282	10130	13	f
11283	10130	14	f
11284	10130	15	f
11285	10130	16	f
11286	10130	17	f
11287	10130	18	f
11288	10130	19	f
11289	10130	20	f
11256	10127	17	t
11257	10127	18	t
11258	10127	19	t
11259	10127	20	t
11290	10130	1	f
11261	10128	12	t
11262	10128	13	t
11302	10132	13	t
11088	10109	19	t
11081	10109	12	t
11111	10113	12	t
11151	10117	12	t
11075	10108	16	t
11076	10108	17	t
11086	10109	17	t
11077	10108	18	t
11078	10108	19	t
11087	10109	18	t
11255	10127	16	t
11089	10109	20	t
10410	10041	1	f
11301	10132	12	t
11079	10108	20	t
11082	10109	13	t
11071	10108	12	t
11112	10113	13	t
11303	10132	14	t
11252	10127	13	t
11304	10132	15	t
11305	10132	16	t
11306	10132	17	t
11307	10132	18	t
11174	10119	15	t
11175	10119	16	t
10401	10041	12	t
10402	10041	13	t
10403	10041	14	t
10404	10041	15	t
10405	10041	16	t
10406	10041	17	t
10407	10041	18	t
10408	10041	19	t
10409	10041	20	t
10420	10042	1	f
10411	10042	12	t
10412	10042	13	t
10413	10042	14	t
10414	10042	15	t
10415	10042	16	t
10416	10042	17	t
10417	10042	18	t
10418	10042	19	t
10419	10042	20	t
10423	10043	14	t
10424	10043	15	t
11251	10127	12	t
11253	10127	14	t
11102	10112	13	t
10422	10043	13	t
11103	10112	14	t
11104	10112	15	t
11105	10112	16	t
11106	10112	17	t
11107	10112	18	t
11108	10112	19	t
11260	10127	1	f
11023	10103	14	t
11152	10117	13	t
11153	10117	14	t
11154	10117	15	t
11155	10117	16	t
11156	10117	17	t
11157	10117	18	t
11158	10117	19	t
11159	10117	20	t
11271	10129	12	t
11272	10129	13	t
11273	10129	14	t
11274	10129	15	t
11275	10129	16	t
11276	10129	17	t
11277	10129	18	t
10391	10040	12	t
10392	10040	13	t
10393	10040	14	t
10394	10040	15	t
10395	10040	16	t
10396	10040	17	t
10397	10040	18	t
10398	10040	19	t
10399	10040	20	t
11073	10108	14	t
11090	10109	1	f
11113	10113	14	t
11114	10113	15	t
11115	10113	16	t
11117	10113	18	t
11118	10113	19	t
11119	10113	20	t
11110	10112	1	f
11072	10108	13	t
11083	10109	14	t
11176	10119	17	t
11177	10119	18	t
11178	10119	19	t
11179	10119	20	t
10390	10039	1	f
11181	10120	12	t
11182	10120	13	t
11183	10120	14	t
11184	10120	15	t
11185	10120	16	t
11186	10120	17	t
11187	10120	18	t
10091	10010	12	t
10092	10010	13	t
10093	10010	14	t
10094	10010	15	t
10095	10010	16	t
10096	10010	17	t
10097	10010	18	t
10098	10010	19	t
10099	10010	20	t
10041	10005	12	t
10464	10047	15	t
10042	10005	13	t
10043	10005	14	t
10044	10005	15	t
10045	10005	16	t
10046	10005	17	t
10047	10005	18	t
10048	10005	19	t
10049	10005	20	t
10380	10038	1	f
10051	10006	12	t
10052	10006	13	t
10053	10006	14	t
10054	10006	15	t
10055	10006	16	t
10056	10006	17	t
10057	10006	18	t
10058	10006	19	f
10059	10006	20	t
10400	10040	1	f
40033	40004	40004	t
40034	40004	40005	t
10427	10043	18	t
10428	10043	19	f
10429	10043	20	t
10050	10005	1	f
10060	10006	1	f
10440	10044	1	f
10110	10011	1	f
10170	10017	1	f
10120	10012	1	f
10190	10019	1	f
10465	10047	16	t
10466	10047	17	t
10071	10008	12	t
10072	10008	13	t
10102	10011	13	t
10462	10047	13	t
10103	10011	14	t
10104	10011	15	t
10105	10011	16	t
10106	10011	17	t
10107	10011	18	t
10108	10011	19	t
10100	10010	1	f
10073	10008	14	t
10112	10012	13	t
10113	10012	14	t
10114	10012	15	t
10115	10012	16	t
10116	10012	17	t
10117	10012	18	t
10118	10012	19	t
10119	10012	20	t
10070	10007	1	f
10101	10011	12	t
10111	10012	12	t
10074	10008	15	t
10075	10008	16	t
10077	10008	18	t
10078	10008	19	t
10079	10008	20	t
10031	10004	12	t
10032	10004	13	t
10161	10017	12	f
10162	10017	13	f
10163	10017	14	f
10164	10017	15	f
10165	10017	16	f
10166	10017	17	f
10167	10017	18	f
10168	10017	19	f
10169	10017	20	f
10430	10043	1	f
10085	10009	16	t
10086	10009	17	t
10087	10009	18	t
10088	10009	19	t
10089	10009	20	t
10181	10019	12	f
10182	10019	13	f
10183	10019	14	f
10184	10019	15	f
10185	10019	16	f
10186	10019	17	f
10187	10019	18	f
10188	10019	19	f
10189	10019	20	f
10191	10020	12	f
10192	10020	13	f
10432	10044	13	t
10063	10007	14	t
10064	10007	15	t
10065	10007	16	t
10066	10007	17	t
10067	10007	18	t
10068	10007	19	t
10069	10007	20	t
10461	10047	12	t
10433	10044	14	t
10434	10044	15	t
10435	10044	16	t
10436	10044	17	t
10437	10044	18	t
10438	10044	19	t
10151	10016	12	t
10153	10016	14	t
10154	10016	15	t
10155	10016	16	t
10156	10016	17	t
10157	10016	18	t
10158	10016	19	t
10159	10016	20	t
10121	10013	12	t
10122	10013	13	t
10123	10013	14	t
10124	10013	15	t
10125	10013	16	t
10127	10013	18	t
10132	10014	13	t
10133	10014	14	t
10134	10014	15	t
10135	10014	16	t
10136	10014	17	t
10137	10014	18	t
10138	10014	19	t
10139	10014	20	t
10001	10001	12	t
10002	10001	13	t
10003	10001	14	t
10004	10001	15	t
10005	10001	16	t
10006	10001	17	t
10007	10001	18	t
10008	10001	19	t
10009	10001	20	t
10389	10039	20	t
10695	10070	16	t
11411	10143	12	t
10231	10024	12	t
10232	10024	13	t
10233	10024	14	t
10234	10024	15	f
10235	10024	16	t
10236	10024	17	f
10237	10024	18	t
10238	10024	19	f
10239	10024	20	t
11412	10143	13	t
11413	10143	14	t
10201	10021	12	t
10240	10024	1	f
11281	10130	12	f
11374	10139	15	f
11375	10139	16	f
11376	10139	17	f
11377	10139	18	f
11378	10139	19	f
11379	10139	20	f
11381	10140	12	f
11382	10140	13	f
11383	10140	14	f
11384	10140	15	f
11385	10140	16	f
11386	10140	17	f
11387	10140	18	f
11388	10140	19	f
11389	10140	20	f
11390	10140	1	f
11391	10141	12	f
11400	10141	1	f
10203	10021	14	t
10204	10021	15	t
10205	10021	16	t
10206	10021	17	t
10207	10021	18	t
10208	10021	19	t
10209	10021	20	t
10150	10015	1	f
10511	10052	12	t
10241	10025	12	t
10261	10027	12	t
10479	10048	20	t
10470	10047	1	t
10482	10049	13	t
10483	10049	14	t
10485	10049	16	t
10486	10049	17	t
10488	10049	19	t
10489	10049	20	t
10210	10021	1	f
10531	10054	12	t
10532	10054	13	t
10144	10015	15	t
10145	10015	16	t
10146	10015	17	t
10147	10015	18	t
10148	10015	19	t
10160	10016	1	f
10222	10023	13	t
10193	10020	14	f
10194	10020	15	f
10195	10020	16	f
10196	10020	17	f
10197	10020	18	f
10198	10020	19	f
10199	10020	20	f
10142	10015	13	t
10223	10023	14	t
10224	10023	15	t
10225	10023	16	t
10226	10023	17	t
10227	10023	18	t
10228	10023	19	t
10229	10023	20	t
10250	10025	1	f
10533	10054	14	t
10490	10049	1	f
10128	10013	19	t
10129	10013	20	t
11241	10126	12	t
11242	10126	13	t
11243	10126	14	t
11244	10126	15	t
11245	10126	16	t
11246	10126	17	t
11247	10126	18	t
11248	10126	19	t
11249	10126	20	t
10131	10014	12	t
10221	10023	12	t
10534	10054	15	t
10535	10054	16	t
11341	10136	12	t
10202	10021	13	t
10512	10052	13	t
10242	10025	13	t
10243	10025	14	t
10244	10025	15	t
10245	10025	16	t
10247	10025	18	t
10248	10025	19	t
10249	10025	20	t
10200	10020	1	f
10251	10026	12	t
10252	10026	13	t
10253	10026	14	t
10254	10026	15	t
10255	10026	16	t
10256	10026	17	t
10257	10026	18	t
10258	10026	19	t
10259	10026	20	t
10469	10047	20	t
10263	10027	14	t
10471	10048	12	t
10230	10023	1	f
10481	10049	12	t
10673	10068	14	t
10676	10068	17	t
10022	10003	13	t
10024	10003	15	t
10025	10003	16	t
10026	10003	17	t
1010094	1010010	1010005	t
1010095	1010010	1010006	t
1010096	1010010	1010007	t
11351	10137	12	t
11352	10137	13	t
11353	10137	14	t
11354	10137	15	t
11355	10137	16	t
11356	10137	17	t
11357	10137	18	t
11358	10137	19	t
11359	10137	20	f
1010097	1010010	1010008	t
11457	10110	18	t
11458	10110	19	t
11459	10110	20	t
10021	10003	12	t
10027	10003	18	t
10029	10003	20	t
11308	10132	19	t
11309	10132	20	t
1010098	1010010	1010009	f
10211	10022	12	t
10212	10022	13	t
10213	10022	14	t
10214	10022	15	t
10215	10022	16	t
10216	10022	17	t
10217	10022	18	t
10218	10022	19	t
10219	10022	20	f
1010100	1010010	1	t
11460	10110	1	f
10220	10022	1	f
11360	10137	1	f
11310	10132	1	f
10030	10003	1	f
1010009	1010001	1010010	f
1010011	1010002	1010002	f
1010012	1010002	1010003	f
1010013	1010002	1010004	f
1010014	1010002	1010005	f
1010015	1010002	1010006	f
1010016	1010002	1010007	f
1010017	1010002	1010008	f
1010018	1010002	1010009	f
1010019	1010002	1010010	f
1010020	1010002	1	f
1010021	1010003	1010002	f
1010022	1010003	1010003	f
1010023	1010003	1010004	f
1010024	1010003	1010005	f
1010025	1010003	1010006	f
1010026	1010003	1010007	f
1010027	1010003	1010008	f
1010028	1010003	1010009	f
1010029	1010003	1010010	f
1010030	1010003	1	f
1010031	1010004	1010002	f
1010032	1010004	1010003	f
1010033	1010004	1010004	f
1010034	1010004	1010005	f
1010035	1010004	1010006	f
1010036	1010004	1010007	f
1010037	1010004	1010008	f
1010038	1010004	1010009	f
1010039	1010004	1010010	f
1010040	1010004	1	f
1010041	1010005	1010002	f
1010042	1010005	1010003	f
1010043	1010005	1010004	f
1010044	1010005	1010005	f
1010045	1010005	1010006	f
1010046	1010005	1010007	f
1010047	1010005	1010008	f
1010048	1010005	1010009	f
1010049	1010005	1010010	f
1010050	1010005	1	f
1010051	1010006	1010002	f
1010052	1010006	1010003	f
1010053	1010006	1010004	f
1010054	1010006	1010005	f
1010055	1010006	1010006	f
1010056	1010006	1010007	f
1010057	1010006	1010008	f
1010058	1010006	1010009	f
1010059	1010006	1010010	f
1010060	1010006	1	f
1010061	1010007	1010002	f
1010062	1010007	1010003	f
1010063	1010007	1010004	f
1010064	1010007	1010005	f
1010065	1010007	1010006	f
1010066	1010007	1010007	f
1010067	1010007	1010008	f
1010068	1010007	1010009	f
1010069	1010007	1010010	f
1010070	1010007	1	f
1010071	1010008	1010002	f
1010072	1010008	1010003	f
1010073	1010008	1010004	f
1010074	1010008	1010005	f
1010075	1010008	1010006	f
1010076	1010008	1010007	f
1010077	1010008	1010008	f
1010078	1010008	1010009	f
1010079	1010008	1010010	f
1010080	1010008	1	f
1010089	1010009	1010010	f
11331	10135	12	f
11332	10135	13	f
11333	10135	14	f
11334	10135	15	f
11335	10135	16	f
11336	10135	17	f
11337	10135	18	f
11338	10135	19	f
11339	10135	20	f
1010099	1010010	1010010	f
1010001	1010001	1010002	t
1010002	1010001	1010003	t
1010003	1010001	1010004	t
1010081	1010009	1010002	t
1010082	1010009	1010003	t
1010083	1010009	1010004	t
1010084	1010009	1010005	t
11371	10139	12	f
11372	10139	13	f
11373	10139	14	f
1010091	1010010	1010002	t
1010092	1010010	1010003	t
1010093	1010010	1010004	t
1010004	1010001	1010005	t
1010005	1010001	1010006	t
1010006	1010001	1010007	t
1010007	1010001	1010008	t
1010008	1010001	1010009	t
1010010	1010001	1	t
1010085	1010009	1010006	t
1010086	1010009	1010007	t
1010087	1010009	1010008	t
1010088	1010009	1010009	t
1010090	1010009	1	t
11380	10139	1	f
11312	10133	13	t
11313	10133	14	t
11314	10133	15	t
11315	10133	16	t
11316	10133	17	t
11317	10133	18	t
11318	10133	19	t
11319	10133	20	t
101	101	12	t
11361	10138	12	t
11362	10138	13	t
11364	10138	15	t
11365	10138	16	t
11366	10138	17	t
11367	10138	18	t
11368	10138	19	t
11369	10138	20	t
11233	10125	14	t
11234	10125	15	t
11235	10125	16	t
11236	10125	17	t
11237	10125	18	t
11238	10125	19	t
11278	10129	19	t
11279	10129	20	t
11342	10136	13	t
11343	10136	14	t
11344	10136	15	t
11345	10136	16	t
11346	10136	17	t
11347	10136	18	t
11348	10136	19	t
11349	10136	20	t
10792	10080	13	t
10794	10080	15	t
10795	10080	16	t
10796	10080	17	t
10797	10080	18	t
10798	10080	19	t
10799	10080	20	t
11401	10142	12	t
11402	10142	13	t
11403	10142	14	t
11404	10142	15	t
11405	10142	16	t
11406	10142	17	t
11407	10142	18	t
11408	10142	19	t
11409	10142	20	t
11240	10125	1	f
10800	10080	1	f
11320	10133	1	f
11370	10138	1	f
11280	10129	1	f
11350	10136	1	f
11330	10134	1	f
1000007	1000001	53	t
1000003	1000001	54	t
1000009	1000001	55	t
1000004	1000001	56	t
1000008	1000001	57	t
1000006	1000001	58	t
1000002	1000001	59	t
1000005	1000001	1	t
\.


--
-- Name: station_setup_status_id_seq; Type: SEQUENCE SET; Schema: slammer; Owner: slammer
--

SELECT pg_catalog.setval('"station_setup_status_id_seq"', 1, true);


--
-- Data for Name: tracking; Type: TABLE DATA; Schema: slammer; Owner: slammer
--

COPY "tracking" ("id", "station_id", "council_id", "lat", "lng", "status", "created_on", "updated_on") FROM stdin;
1	1	1	0	0	0	2015-03-31 10:52:53.57969+00	\N
2	2	1	0	0	0	2015-03-31 10:52:53.57969+00	\N
3	3	1	0	0	0	2015-03-31 10:52:53.57969+00	\N
4	4	1	0	0	0	2015-03-31 10:52:53.57969+00	\N
10142	10142	10001	55.9883904000000001	-3.94390820000000009	2	2015-04-10 12:29:53.192315+00	2015-05-08 09:06:21.543653+00
1010008	1010008	1010001	0	0	0	2015-06-02 13:38:08.15991+00	2015-06-02 13:39:28.404834+00
5	5	1	52.5833000000000013	-2.13300000000000001	3	2015-03-31 10:52:53.57969+00	2015-03-31 15:37:49.72759+00
6	6	1	52.5840000000000032	-2.13300000000000001	0	2015-03-31 10:52:53.57969+00	2015-03-31 15:42:21.071545+00
40010	40010	40001	52.6704725000000025	-2.44152179999999985	2	2015-04-25 18:24:33.621021+00	2015-05-07 23:54:15.66072+00
107	107	101	52.6056741000000017	-2.1501709	3	2015-04-08 08:51:38.175419+00	2015-05-07 22:39:08.935161+00
1010001	1010001	1010001	54.5924319000000011	-5.94095830000000014	3	2015-06-02 13:38:01.0606+00	2015-07-28 08:30:10.623233+00
104	104	101	52.6056880000000007	-2.15046889999999991	3	2015-04-08 08:51:38.028556+00	2015-05-07 21:34:07.605508+00
10126	10126	10001	57.1428987999999976	-2.09272100000000005	2	2015-04-10 12:29:52.339843+00	2015-05-07 23:35:40.945667+00
10136	10136	10001	57.1212364000000008	-2.10435030000000012	3	2015-04-10 12:29:52.836066+00	2015-05-07 21:07:17.470818+00
10001	10001	10001	37.7976983333333294	-122.402000000000015	3	2015-04-10 12:29:45.850657+00	2015-11-30 11:58:13.970446+00
40009	40009	40001	52.5115555000000001	-2.0847519000000001	3	2015-04-25 18:24:33.557575+00	2015-05-07 21:13:30.58521+00
10113	10113	10001	56.1628534999999971	-3.96797610000000001	2	2015-04-10 12:29:51.658696+00	2015-05-08 08:54:20.262355+00
40015	40015	40001	52.6702899000000002	-2.44222450000000002	2	2015-04-25 18:24:33.961928+00	2015-05-08 02:30:57.488051+00
102	102	101	52.5812456000000026	-2.1461964	3	2015-04-08 08:51:25.252556+00	2015-05-07 18:21:46.910336+00
40019	40019	40001	52.511663200000001	-2.08474020000000015	3	2015-04-25 18:24:34.235743+00	2015-05-07 21:20:19.78832+00
40008	40008	40001	52.5117060999999978	-2.08467670000000016	3	2015-04-25 18:24:33.48909+00	2015-05-07 21:34:13.659801+00
112	112	101	52.605829700000001	-2.15079360000000008	3	2015-04-08 08:51:38.424454+00	2015-05-07 21:35:19.701448+00
110	110	101	52.6057832999999988	-2.15108519999999981	3	2015-04-08 08:51:38.32484+00	2015-05-07 22:00:55.696341+00
40002	40002	40001	52.5257130000000032	-2.08313870000000012	3	2015-04-25 18:24:33.091367+00	2015-05-07 21:37:34.292167+00
10076	10076	10001	57.1470576999999977	-2.09243369999999995	2	2015-04-10 12:29:49.851791+00	2015-05-08 02:05:44.018073+00
10139	10139	10001	0	0	0	2015-04-10 12:29:53.033451+00	2015-05-05 17:20:23.218787+00
10124	10124	10001	0	0	0	2015-04-10 12:29:52.239791+00	2015-05-05 17:20:23.218787+00
10133	10133	10001	57.1194125999999969	-2.1372274	2	2015-04-10 12:29:52.68916+00	2015-05-07 21:44:27.07012+00
10103	10103	10001	0	0	0	2015-04-10 12:29:51.194296+00	2015-05-05 17:20:23.218787+00
10131	10131	10001	0	0	0	2015-04-10 12:29:52.59068+00	2015-05-05 17:20:23.218787+00
106	106	101	52.576217800000002	-2.15461230000000015	3	2015-04-08 08:51:38.126022+00	2015-05-07 21:10:27.055601+00
10134	10134	10001	57.1469464999999985	-2.09257369999999998	2	2015-04-10 12:29:52.736709+00	2015-05-08 03:58:27.360769+00
109	109	101	52.6057772999999997	-2.15017360000000002	3	2015-04-08 08:51:38.274703+00	2015-05-07 22:47:20.235584+00
10129	10129	10001	0	0	0	2015-04-10 12:29:52.488688+00	2015-05-05 17:20:23.218787+00
10110	10110	10001	57.1194351999999981	-2.1371633000000001	2	2015-04-14 22:47:52.61341+00	2015-05-07 21:44:30.124374+00
10117	10117	10001	57.1294825000000017	-2.11792770000000008	3	2015-04-10 12:29:51.878447+00	2015-05-07 21:11:47.11718+00
10097	10097	10001	57.1470000999999996	-2.09250770000000008	2	2015-04-10 12:29:50.894514+00	2015-05-08 03:31:40.498081+00
10107	10107	10001	0	0	0	2015-04-10 12:29:51.410305+00	2015-05-05 17:20:23.218787+00
111	111	101	54.3660080000000008	-6.22096879999999963	2	2015-04-08 08:51:38.377672+00	2015-05-08 14:11:21.505157+00
108	108	101	52.605829700000001	-2.1503407000000001	3	2015-04-08 08:51:38.228339+00	2015-05-07 22:37:10.336094+00
10112	10112	10001	56.1712243999999998	-3.97122749999999991	2	2015-04-10 12:29:51.61244+00	2015-05-08 08:53:11.535697+00
40013	40013	40001	0	0	0	2015-04-25 18:24:33.824386+00	2015-05-06 12:15:07.317146+00
40016	40016	40001	54.9834814000000023	-7.15871429999999975	2	2015-04-25 18:24:34.031157+00	2015-05-08 15:56:03.908952+00
40007	40007	40001	0	0	0	2015-04-25 18:24:33.423227+00	2015-05-06 12:15:07.317146+00
1010002	1010002	1010001	0	0	0	2015-06-02 13:38:02.310153+00	\N
1010003	1010003	1010001	0	0	0	2015-06-02 13:38:03.359049+00	\N
1010004	1010004	1010001	0	0	0	2015-06-02 13:38:04.315284+00	\N
1010005	1010005	1010001	0	0	0	2015-06-02 13:38:05.26858+00	\N
40014	40014	40001	0	0	0	2015-04-25 18:24:33.893731+00	2015-05-06 12:15:07.317146+00
40017	40017	40001	0	0	0	2015-04-25 18:24:34.101724+00	2015-05-06 12:15:07.317146+00
1010006	1010006	1010001	0	0	0	2015-06-02 13:38:06.233873+00	\N
1010007	1010007	1010001	0	0	0	2015-06-02 13:38:07.191595+00	\N
105	105	101	0	0	0	2015-04-08 08:51:38.076943+00	2015-05-05 17:19:31.850998+00
1010009	1010009	1010001	0	0	0	2015-06-02 13:39:07.118579+00	\N
1010010	1010010	1010001	0	0	0	2015-06-02 13:39:09.208652+00	\N
40018	40018	40001	0	0	0	2015-04-25 18:24:34.168666+00	2015-05-06 12:15:07.317146+00
40001	40001	40001	0	0	0	2015-04-25 18:24:32.997021+00	2015-05-06 12:15:07.317146+00
40003	40003	40001	0	0	0	2015-04-25 18:24:33.157482+00	2015-05-06 12:15:07.317146+00
1000004	1000004	1000001	0	0	0	2015-04-09 00:00:00+00	\N
1000005	1000005	1000001	0	0	0	2015-04-09 00:00:00+00	\N
1000006	1000006	1000001	0	0	0	2015-04-09 00:00:00+00	\N
1000007	1000007	1000001	0	0	0	2015-04-09 00:00:00+00	\N
40005	40005	40001	0	0	0	2015-04-25 18:24:33.2915+00	2015-05-06 12:15:07.317146+00
40006	40006	40001	0	0	0	2015-04-25 18:24:33.356422+00	2015-05-06 12:15:07.317146+00
118	118	101	52.6703449000000035	-2.44211460000000002	2	2015-04-08 08:51:38.723925+00	2015-05-07 23:38:51.577092+00
1000002	1000002	1000001	54.5924267999999984	-5.94084889999999977	3	2015-04-09 00:00:00+00	2015-04-15 15:14:16.73829+00
40011	40011	40001	52.5115602999999993	-2.08485109999999985	3	2015-04-25 18:24:33.688032+00	2015-05-07 21:21:04.557836+00
134	134	101	52.5963265000000035	-2.13265729999999998	2	2015-04-08 08:51:39.524629+00	2015-05-07 21:26:06.868012+00
124	124	101	52.6058256000000029	-2.15027450000000009	2	2015-04-08 08:51:39.025986+00	2015-05-07 23:04:53.650064+00
117	117	101	0	0	0	2015-04-08 08:51:38.674963+00	2015-05-05 17:19:31.850998+00
113	113	101	52.6056444000000027	-2.15014059999999985	3	2015-04-08 08:51:38.473318+00	2015-05-07 22:48:00.056201+00
10014	10014	10001	54.9844499000000013	-5.03493820000000003	2	2015-04-10 12:29:46.546859+00	2015-05-08 12:23:48.590716+00
10062	10062	10001	57.1597334000000004	-2.10407559999999982	3	2015-04-10 12:29:49.064724+00	2015-05-07 21:05:47.151235+00
120	120	101	52.5798161000000022	-2.15479580000000004	3	2015-04-08 08:51:38.822499+00	2015-05-07 12:34:18.790253+00
20003	20003	20001	55.6052614000000034	-4.49733499999999964	3	2015-04-09 16:31:10.954799+00	2015-05-07 21:47:23.679861+00
20008	20008	20001	55.6051546999999999	-4.49992899999999985	3	2015-04-09 16:31:16.011405+00	2015-05-07 21:49:16.801553+00
137	137	101	52.6056042000000019	-2.1500834000000002	3	2015-04-08 08:51:39.668397+00	2015-05-07 22:40:59.561503+00
130	130	101	52.6057745999999966	-2.15032140000000016	3	2015-04-08 08:51:39.320295+00	2015-05-07 22:04:00.770456+00
10043	10043	10001	57.1194063000000014	-2.13729749999999985	2	2015-04-10 12:29:48.111909+00	2015-05-07 22:06:20.454428+00
123	123	101	52.6057448999999977	-2.15028100000000011	3	2015-04-08 08:51:38.97291+00	2015-05-07 22:40:29.49812+00
139	139	101	52.6048961999999989	-2.15288179999999985	3	2015-04-08 08:51:39.768748+00	2015-05-07 21:18:29.35334+00
10046	10046	10001	57.172138799999999	-2.11771440000000011	3	2015-04-10 12:29:48.263091+00	2015-05-07 21:13:24.798835+00
132	132	101	52.605575199999997	-2.1503439000000002	3	2015-04-08 08:51:39.419527+00	2015-05-07 22:41:58.193161+00
133	133	101	52.5999620999999991	-2.13664450000000006	3	2015-04-08 08:51:39.47246+00	2015-05-07 21:05:38.546675+00
10015	10015	10001	54.6783963000000028	-5.81614719999999963	2	2015-04-10 12:29:46.597415+00	2015-05-08 16:22:51.904519+00
20010	20010	20001	55.6051548000000011	-4.49989690000000042	3	2015-04-09 16:31:17.965+00	2015-05-07 22:02:23.186924+00
126	126	101	52.5676630000000031	-2.14994299999999994	3	2015-04-08 08:51:39.122214+00	2015-05-07 21:04:45.706176+00
20009	20009	20001	55.6051518000000016	-4.49987229999999983	3	2015-04-09 16:31:16.965134+00	2015-05-07 22:01:52.895349+00
10039	10039	10001	57.1616130000000027	-2.12790429999999997	3	2015-04-10 12:29:47.900463+00	2015-05-07 21:11:57.86531+00
1000003	1000003	1000001	45.8070724000000027	15.9777947000000005	3	2015-04-09 00:00:00+00	2015-04-17 12:27:28.134651+00
10037	10037	10001	57.1194261999999995	-2.13719429999999999	2	2015-04-10 12:29:47.762441+00	2015-05-07 22:27:26.834859+00
40012	40012	40001	52.5116494999999972	-2.08471809999999991	3	2015-04-25 18:24:33.753918+00	2015-05-07 21:24:40.992544+00
10027	10027	10001	57.1194241999999974	-2.137216	2	2015-04-10 12:29:47.262705+00	2015-05-07 21:58:10.839894+00
1000001	1000001	1000001	6.79051699999999947	79.8859088999999898	3	2015-04-09 00:00:00+00	2015-12-17 09:03:15.881035+00
121	121	101	52.596936300000003	-2.15102789999999988	2	2015-04-08 08:51:38.871705+00	2015-05-07 19:30:28.830598+00
142	142	101	0	0	0	2015-04-08 08:51:39.920299+00	2015-05-05 17:19:31.850998+00
135	135	101	52.6058080999999973	-2.15103350000000004	3	2015-04-08 08:51:39.572757+00	2015-05-07 21:20:16.668133+00
10049	10049	10001	57.1702330000000032	-2.0925161000000001	2	2015-04-10 12:29:48.416499+00	2015-05-07 21:08:37.696163+00
116	116	101	52.5885430000000014	-2.1440043000000002	3	2015-04-08 08:51:38.622821+00	2015-05-07 07:06:49.910341+00
30001	30001	30001	53.3673696000000035	-2.73870840000000015	3	2015-04-09 17:22:42.27194+00	2015-05-07 21:21:31.770723+00
10013	10013	10001	0	0	0	2015-04-10 12:29:46.496497+00	2015-05-05 17:20:23.218787+00
10005	10005	10001	0	0	0	2015-04-10 12:29:46.098313+00	2015-05-05 17:20:23.218787+00
20007	20007	20001	55.0128539999999973	-7.31317980000000034	3	2015-04-09 16:31:15.094796+00	2015-11-16 16:52:55.929563+00
129	129	101	52.6056977000000003	-2.1502498000000001	3	2015-04-08 08:51:39.271061+00	2015-05-07 22:39:54.061634+00
10011	10011	10001	0	0	0	2015-04-10 12:29:46.396212+00	2015-05-05 17:20:23.218787+00
143	143	101	52.6057266999999982	-2.15014890000000003	2	2015-04-08 08:51:39.971061+00	2015-05-07 23:00:43.855628+00
10004	10004	10001	57.1468835000000013	-2.09279269999999995	2	2015-04-10 12:29:46.048975+00	2015-05-08 02:40:54.766206+00
10007	10007	10001	0	0	0	2015-04-10 12:29:46.200094+00	2015-05-05 17:20:23.218787+00
127	127	101	52.6056655000000006	-2.15043950000000006	3	2015-04-08 08:51:39.17267+00	2015-05-07 22:45:33.977394+00
138	138	101	52.6058169000000007	-2.15042940000000016	3	2015-04-08 08:51:39.721488+00	2015-05-07 21:14:54.05589+00
119	119	101	52.6055846000000003	-2.15011609999999997	2	2015-04-08 08:51:38.773306+00	2015-05-07 21:39:45.338426+00
10012	10012	10001	57.1469303000000011	-2.09257040000000005	2	2015-04-10 12:29:46.446531+00	2015-05-08 05:24:32.870436+00
10051	10051	10001	57.1465613000000019	-2.09463590000000011	2	2015-04-10 12:29:48.514253+00	2015-05-07 23:37:20.307947+00
30002	30005	30001	55.0468799000000004	-3.58786909999999981	2	2015-04-09 17:22:43.570294+00	2015-05-29 13:39:41.151881+00
10009	10009	10001	0	0	0	2015-04-10 12:29:46.298444+00	2015-05-05 17:20:23.218787+00
141	141	101	53.2614883999999975	-4.45429609999999965	2	2015-04-08 08:51:39.868731+00	2015-05-08 08:17:44.099122+00
10002	10002	10001	0	0	0	2015-04-10 12:29:45.949754+00	2015-05-05 17:20:23.218787+00
10010	10010	10001	0	0	0	2015-04-10 12:29:46.347311+00	2015-05-05 17:20:23.218787+00
131	131	101	52.6058228999999997	-2.15025760000000021	3	2015-04-08 08:51:39.37312+00	2015-05-07 21:55:40.481406+00
10054	10054	10001	57.1597089999999994	-2.08883330000000011	3	2015-04-10 12:29:48.665094+00	2015-05-07 21:14:59.73055+00
10017	10017	10001	57.1494775999999973	-2.16916149999999996	3	2015-04-10 12:29:46.69678+00	2015-05-07 21:09:31.82452+00
40004	40004	40001	52.5115705999999989	-2.0848002000000001	3	2015-04-25 18:24:33.224491+00	2015-05-07 21:28:57.970153+00
10023	10023	10001	57.1469378000000034	-2.09283930000000007	2	2015-04-10 12:29:47.059612+00	2015-05-08 00:30:01.264526+00
10026	10026	10001	57.1657628000000031	-2.16274599999999984	3	2015-04-10 12:29:47.209846+00	2015-05-07 21:17:03.589616+00
10003	10003	10001	54.9064995999999965	-5.02117829999999987	2	2015-04-10 12:29:45.998102+00	2015-05-08 14:02:12.4127+00
20006	20006	20001	55.6051493000000008	-4.49986010000000025	3	2015-04-09 16:31:14.098391+00	2015-05-07 21:33:19.820955+00
20004	20004	20001	55.6050212999999971	-4.49764110000000006	3	2015-04-09 16:31:12.021492+00	2015-05-07 21:35:41.132183+00
128	128	101	54.4421833000000035	-6.11584579999999978	2	2015-04-08 08:51:39.222839+00	2015-05-08 14:18:47.567539+00
10018	10018	10001	57.1494702999999973	-2.16919690000000021	3	2015-04-10 12:29:46.746642+00	2015-05-07 21:12:39.550653+00
10057	10057	10001	55.0267270000000011	-5.01608129999999974	2	2015-04-10 12:29:48.815948+00	2015-05-08 11:46:36.594894+00
10034	10034	10001	0	0	0	2015-04-10 12:29:47.61048+00	2015-05-05 17:20:23.218787+00
10035	10035	10001	0	0	0	2015-04-10 12:29:47.661485+00	2015-05-05 17:20:23.218787+00
10042	10042	10001	0	0	0	2015-04-10 12:29:48.060352+00	2015-05-05 17:20:23.218787+00
10064	10064	10001	0	0	0	2015-04-10 12:29:49.162419+00	2015-05-05 17:20:23.218787+00
10065	10065	10001	0	0	0	2015-04-10 12:29:49.213341+00	2015-05-05 17:20:23.218787+00
10063	10063	10001	57.1469814000000014	-2.09255509999999978	2	2015-04-10 12:29:49.111487+00	2015-05-08 06:09:52.215702+00
10019	10019	10001	57.1494783999999996	-2.16916470000000006	3	2015-04-10 12:29:46.796283+00	2015-05-07 21:14:35.640037+00
20001	20001	20001	51.4472212000000013	-2.62275109999999989	3	2015-04-09 16:31:08.232165+00	2015-12-02 12:58:41.760087+00
20005	20005	20001	55.605119700000003	-4.49958010000000019	3	2015-04-09 16:31:13.027102+00	2015-05-07 21:36:32.659822+00
40020	40020	40001	52.5116927999999987	-2.08465709999999982	3	2015-04-25 18:24:34.301337+00	2015-05-07 21:39:58.922348+00
20002	20002	20001	55.0128391000000008	-7.31309960000000014	3	2015-04-09 16:31:09.750411+00	2015-09-29 11:54:31.402615+00
136	136	101	52.6058002999999985	-2.15032179999999995	3	2015-04-08 08:51:39.617239+00	2015-05-07 22:46:03.205016+00
10016	10016	10001	0	0	0	2015-04-10 12:29:46.646932+00	2015-05-05 17:20:23.218787+00
114	114	101	52.6056923000000012	-2.15085550000000003	3	2015-04-08 08:51:38.523453+00	2015-05-07 21:44:08.640989+00
10024	10024	10001	54.5851761999999994	-5.92670419999999964	3	2015-04-10 12:29:47.110486+00	2015-12-09 15:54:04.679363+00
10022	10022	10001	57.1194121999999993	-2.13725109999999985	2	2015-04-10 12:29:47.011242+00	2015-05-07 21:58:17.769076+00
10006	10006	10001	57.1469226999999975	-2.09263969999999988	2	2015-04-10 12:29:46.148279+00	2015-05-08 04:27:14.872038+00
10033	10033	10001	0	0	0	2015-04-10 12:29:47.560345+00	2015-05-05 17:20:23.218787+00
115	115	101	52.605789399999999	-2.15086200000000005	3	2015-04-08 08:51:38.574488+00	2015-05-07 21:53:17.479106+00
10093	10093	10001	57.1420633999999978	-2.16480089999999992	3	2015-04-10 12:29:50.697784+00	2015-05-07 21:17:07.852997+00
10138	10138	10001	57.147106100000002	-2.09247059999999996	2	2015-04-10 12:29:52.937454+00	2015-05-08 00:16:55.410037+00
10098	10098	10001	57.1320217999999969	-2.14911200000000013	3	2015-04-10 12:29:50.945084+00	2015-05-07 21:04:48.351679+00
147	147	101	52.5895791000000017	-2.17277789999999982	3	2015-04-08 08:51:40.167736+00	2015-05-07 06:12:27.632461+00
10047	10047	10001	57.1311871999999994	-2.10764169999999984	2	2015-04-10 12:29:48.315244+00	2015-05-08 06:56:41.24999+00
10025	10025	10001	57.1656977000000026	-2.16276709999999994	3	2015-04-10 12:29:47.161357+00	2015-05-07 21:15:52.269524+00
10080	10080	10001	57.0945177999999984	-2.26327619999999996	3	2015-04-10 12:29:50.049142+00	2015-05-07 21:03:06.963869+00
10072	10072	10001	57.1482110000000034	-2.09227870000000005	3	2015-04-10 12:29:49.562382+00	2015-05-07 21:23:28.593286+00
140	140	101	52.6055191000000022	-2.15050520000000001	3	2015-04-08 08:51:39.820657+00	2015-05-07 22:34:16.627519+00
10040	10040	10001	57.119418600000003	-2.13722449999999986	2	2015-04-10 12:29:47.965078+00	2015-05-07 21:59:48.402302+00
146	146	101	52.5965301999999966	-2.16911750000000003	2	2015-04-08 08:51:40.116872+00	2015-05-07 15:10:52.32682+00
148	148	101	53.3083713999999986	-4.62864149999999963	2	2015-04-08 08:51:40.216239+00	2015-05-08 09:18:14.794861+00
10055	10055	10001	57.1495683999999997	-2.12591319999999984	2	2015-04-10 12:29:48.713879+00	2015-05-07 21:16:33.674551+00
10045	10045	10001	57.1721708000000035	-2.11771779999999987	3	2015-04-10 12:29:48.21309+00	2015-05-07 21:08:33.489645+00
10132	10132	10001	56.1620763000000025	-3.9671183000000001	2	2015-04-10 12:29:52.638357+00	2015-05-08 08:56:43.44602+00
10130	10130	10001	57.1194051000000016	-2.1372646999999998	2	2015-04-10 12:29:52.539562+00	2015-05-07 21:44:23.033832+00
10070	10070	10001	57.151899499999999	-2.08665089999999998	3	2015-04-10 12:29:49.461033+00	2015-05-07 21:08:06.441172+00
150	150	101	52.6055873000000034	-2.15022599999999997	2	2015-04-08 08:51:40.316473+00	2015-05-07 22:31:21.088917+00
144	144	101	0	0	0	2015-04-08 08:51:40.021387+00	2015-05-05 17:19:31.850998+00
149	149	101	53.3138239000000027	-4.62406249999999996	2	2015-04-08 08:51:40.268415+00	2015-05-08 10:37:46.904546+00
10135	10135	10001	57.1223904000000005	-2.11084659999999991	3	2015-04-10 12:29:52.788442+00	2015-05-07 21:21:02.87111+00
125	125	101	52.5595263000000017	-2.15523700000000007	3	2015-04-08 08:51:39.074086+00	2015-05-07 21:07:45.524923+00
145	145	101	52.6048204000000013	-2.15285469999999979	3	2015-04-08 08:51:40.068737+00	2015-05-07 21:52:34.268571+00
151	151	101	0	0	0	2015-04-08 08:51:40.367865+00	2015-05-05 17:19:31.850998+00
10020	10020	10001	57.1470113999999967	-2.09250209999999992	2	2015-04-10 12:29:46.846842+00	2015-05-08 05:53:40.412978+00
10099	10099	10001	57.1321568999999982	-2.14976620000000018	3	2015-04-10 12:29:50.99448+00	2015-05-07 22:01:43.898255+00
10137	10137	10001	55.9056824999999975	-4.12893099999999968	2	2015-04-10 12:29:52.886049+00	2015-05-08 09:14:53.543104+00
10029	10029	10001	54.926259899999998	-5.3614967	2	2015-04-10 12:29:47.363249+00	2015-05-08 15:18:20.707589+00
152	152	101	0	0	0	2015-04-08 08:51:40.416661+00	2015-05-05 17:19:31.850998+00
10071	10071	10001	0	0	0	2015-04-10 12:29:49.509775+00	2015-05-05 17:20:23.218787+00
10079	10079	10001	0	0	0	2015-04-10 12:29:50.00203+00	2015-05-05 17:20:23.218787+00
10084	10084	10001	0	0	0	2015-04-10 12:29:50.249294+00	2015-05-05 17:20:23.218787+00
10089	10089	10001	0	0	0	2015-04-10 12:29:50.499568+00	2015-05-05 17:20:23.218787+00
10090	10090	10001	0	0	0	2015-04-10 12:29:50.547325+00	2015-05-05 17:20:23.218787+00
10095	10095	10001	0	0	0	2015-04-10 12:29:50.796165+00	2015-05-05 17:20:23.218787+00
10073	10073	10001	56.2101279000000034	-3.94140220000000019	2	2015-04-10 12:29:49.703641+00	2015-05-08 08:50:02.357224+00
10101	10101	10001	0	0	0	2015-04-10 12:29:51.095664+00	2015-05-05 17:20:23.218787+00
10067	10067	10001	0	0	0	2015-04-10 12:29:49.312097+00	2015-05-05 17:20:23.218787+00
10088	10088	10001	0	0	0	2015-04-10 12:29:50.449729+00	2015-05-05 17:20:23.218787+00
10060	10060	10001	0	0	0	2015-04-10 12:29:48.963046+00	2015-05-05 17:20:23.218787+00
10032	10032	10001	0	0	0	2015-04-10 12:29:47.512996+00	2015-05-05 17:20:23.218787+00
10140	10140	10001	0	0	0	2015-04-10 12:29:53.092934+00	2015-05-05 17:20:23.218787+00
10141	10141	10001	0	0	0	2015-04-10 12:29:53.144439+00	2015-05-05 17:20:23.218787+00
10143	10143	10001	0	0	0	2015-04-10 12:29:53.244311+00	2015-05-05 17:20:23.218787+00
10144	10144	10001	0	0	0	2015-04-10 12:29:53.291727+00	2015-05-05 17:20:23.218787+00
10145	10145	10001	0	0	0	2015-04-10 12:29:53.342248+00	2015-05-05 17:20:23.218787+00
10146	10146	10001	0	0	0	2015-04-10 12:29:53.392966+00	2015-05-05 17:20:23.218787+00
10048	10048	10001	0	0	0	2015-04-10 12:29:48.365037+00	2015-05-05 17:20:23.218787+00
10036	10036	10001	0	0	0	2015-04-10 12:29:47.711827+00	2015-05-05 17:20:23.218787+00
10085	10085	10001	0	0	0	2015-04-10 12:29:50.299516+00	2015-05-05 17:20:23.218787+00
10021	10021	10001	0	0	0	2015-04-10 12:29:46.960396+00	2015-05-05 17:20:23.218787+00
10068	10068	10001	54.9845024999999978	-5.03494970000000031	2	2015-04-10 12:29:49.360107+00	2015-05-08 12:47:43.335167+00
101	101	101	0	0	3	2015-04-08 08:51:22.611916+00	2015-11-25 11:33:21.650733+00
122	122	101	53.3140471000000034	-4.62355509999999992	2	2015-04-08 08:51:38.920855+00	2015-05-08 10:48:36.593503+00
10128	10128	10001	57.1194135000000003	-2.13723339999999995	2	2015-04-10 12:29:52.440202+00	2015-05-07 21:44:49.867794+00
10078	10078	10001	57.1194395999999998	-2.13718699999999995	2	2015-04-10 12:29:49.950954+00	2015-05-07 22:03:04.941405+00
103	103	101	52.6058214999999976	-2.15104089999999992	3	2015-04-08 08:51:37.945316+00	2015-05-07 21:59:01.418089+00
10081	10081	10001	57.1470308000000031	-2.09247510000000014	2	2015-04-10 12:29:50.100413+00	2015-05-08 04:16:54.106731+00
10086	10086	10001	57.1468812000000028	-2.09267709999999996	2	2015-04-10 12:29:50.348667+00	2015-05-08 05:52:36.885325+00
10031	10031	10001	57.1469464999999985	-2.09258720000000009	2	2015-04-10 12:29:47.46297+00	2015-05-08 04:10:03.442151+00
10096	10096	10001	57.1194337000000019	-2.13714840000000006	2	2015-04-10 12:29:50.846138+00	2015-05-07 22:03:08.666528+00
10056	10056	10001	57.1496154000000018	-2.12567040000000018	2	2015-04-10 12:29:48.76339+00	2015-05-07 21:18:34.675433+00
10092	10092	10001	55.870223799999998	-4.24811139999999998	2	2015-04-10 12:29:50.650147+00	2015-05-08 09:20:55.931919+00
10069	10069	10001	0	0	0	2015-04-10 12:29:49.41251+00	2015-05-05 17:20:23.218787+00
10094	10094	10001	0	0	0	2015-04-10 12:29:50.748684+00	2015-05-05 17:20:23.218787+00
10050	10050	10001	0	0	0	2015-04-10 12:29:48.464405+00	2015-05-05 17:20:23.218787+00
10041	10041	10001	0	0	0	2015-04-10 12:29:48.012715+00	2015-05-05 17:20:23.218787+00
10083	10083	10001	0	0	0	2015-04-10 12:29:50.199595+00	2015-05-05 17:20:23.218787+00
10091	10091	10001	57.1421526999999969	-2.16492210000000007	3	2015-04-10 12:29:50.597512+00	2015-05-07 21:08:30.354651+00
10105	10105	10001	0	0	0	2015-04-10 12:29:51.295752+00	2015-05-05 17:20:23.218787+00
10118	10118	10001	0	0	0	2015-04-10 12:29:51.941443+00	2015-05-05 17:20:23.218787+00
10102	10102	10001	0	0	0	2015-04-10 12:29:51.145184+00	2015-05-05 17:20:23.218787+00
10123	10123	10001	0	0	0	2015-04-10 12:29:52.189355+00	2015-05-05 17:20:23.218787+00
10108	10108	10001	0	0	0	2015-04-10 12:29:51.459456+00	2015-05-05 17:20:23.218787+00
10109	10109	10001	57.1470020000000005	-2.09249589999999985	2	2015-04-10 12:29:51.511065+00	2015-05-08 04:51:53.862645+00
10111	10111	10001	0	0	0	2015-04-10 12:29:51.560371+00	2015-05-05 17:20:23.218787+00
10114	10114	10001	0	0	0	2015-04-10 12:29:51.708284+00	2015-05-05 17:20:23.218787+00
10115	10115	10001	0	0	0	2015-04-10 12:29:51.760058+00	2015-05-05 17:20:23.218787+00
10116	10116	10001	0	0	0	2015-04-10 12:29:51.808595+00	2015-05-05 17:20:23.218787+00
10119	10119	10001	0	0	0	2015-04-10 12:29:51.98928+00	2015-05-05 17:20:23.218787+00
10120	10120	10001	0	0	0	2015-04-10 12:29:52.041177+00	2015-05-05 17:20:23.218787+00
10044	10044	10001	55.566884899999998	-4.53310010000000041	2	2015-04-10 12:29:48.16274+00	2015-05-08 10:27:47.195224+00
10122	10122	10001	57.1402332999999985	-2.1062034999999999	3	2015-04-10 12:29:52.14083+00	2015-05-07 09:06:30.61695+00
10038	10038	10001	57.1616130000000027	-2.12790390000000018	3	2015-04-10 12:29:47.811194+00	2015-05-07 21:10:50.754118+00
10053	10053	10001	55.9090977999999978	-4.12090210000000035	2	2015-04-10 12:29:48.615204+00	2015-05-08 09:14:34.993397+00
10125	10125	10001	57.136468200000003	-2.10531019999999991	3	2015-04-10 12:29:52.289305+00	2015-05-07 21:02:16.326789+00
10058	10058	10001	57.1193949000000032	-2.13729699999999978	2	2015-04-10 12:29:48.863621+00	2015-05-07 22:06:38.530451+00
10074	10074	10001	0	0	1	2015-04-10 12:29:49.751399+00	2015-05-07 21:06:43.607244+00
10127	10127	10001	57.1351099999999974	-2.08756319999999995	3	2015-04-10 12:29:52.388337+00	2015-05-07 21:06:43.925884+00
10028	10028	10001	57.165690699999999	-2.14921400000000018	3	2015-04-10 12:29:47.31387+00	2015-05-07 21:03:48.295165+00
10066	10066	10001	57.1470549000000005	-2.09268600000000005	2	2015-04-10 12:29:49.261719+00	2015-05-08 02:52:23.37946+00
10082	10082	10001	57.0991465999999974	-2.26342040000000022	3	2015-04-10 12:29:50.150806+00	2015-05-07 21:06:50.933741+00
10008	10008	10001	57.1193989000000002	-2.13724910000000001	2	2015-04-10 12:29:46.249007+00	2015-05-07 22:28:06.204968+00
10104	10104	10001	57.1194478999999973	-2.1371547999999998	2	2015-04-10 12:29:51.243433+00	2015-05-07 21:44:41.810683+00
10059	10059	10001	57.1469246999999996	-2.09262280000000001	2	2015-04-10 12:29:48.915442+00	2015-05-08 04:36:37.812484+00
10087	10087	10001	57.1468924999999999	-2.09283850000000005	2	2015-04-10 12:29:50.399445+00	2015-05-08 01:38:09.662468+00
10052	10052	10001	56.1215040000000016	-3.97010730000000001	2	2015-04-10 12:29:48.564727+00	2015-05-08 08:56:44.456629+00
10077	10077	10001	57.1450809000000035	-2.10630050000000013	3	2015-04-10 12:29:49.899261+00	2015-05-07 21:05:46.439245+00
10061	10061	10001	57.1469471999999996	-2.0925878	2	2015-04-10 12:29:49.014659+00	2015-05-08 05:53:45.19371+00
10106	10106	10001	57.1466411999999977	-2.09284779999999992	2	2015-04-10 12:29:51.362546+00	2015-05-08 02:20:30.379735+00
10075	10075	10001	57.1486649	-2.11447560000000001	3	2015-04-10 12:29:49.800917+00	2015-05-07 21:13:16.934821+00
10030	10030	10001	55.4025236000000021	-4.63407139999999984	2	2015-04-10 12:29:47.410842+00	2015-05-08 10:45:58.567029+00
10121	10121	10001	57.1468541999999999	-2.09273519999999991	2	2015-04-10 12:29:52.089332+00	2015-05-08 06:39:09.840601+00
10100	10100	10001	56.2232429000000025	-3.91909010000000002	2	2015-04-10 12:29:51.046554+00	2015-05-08 08:48:51.515276+00
\.


--
-- Name: tracking_id_seq; Type: SEQUENCE SET; Schema: slammer; Owner: slammer
--

SELECT pg_catalog.setval('"tracking_id_seq"', 3, true);


--
-- Data for Name: user_station; Type: TABLE DATA; Schema: slammer; Owner: slammer
--

COPY "user_station" ("id", "user_id", "station_id", "created_on", "updated_on") FROM stdin;
10007	18003	10007	2015-04-14 10:20:02.507153+00	\N
10008	18002	10008	2015-04-14 10:20:02.553454+00	\N
10009	18002	10009	2015-04-14 10:20:02.599529+00	\N
10010	18002	10010	2015-04-14 10:20:02.654374+00	\N
10017	18000	10017	2015-04-14 10:20:03.178297+00	\N
10020	18001	10020	2015-04-14 10:20:03.325955+00	\N
10018	18001	10018	2015-04-14 10:20:03.225647+00	\N
10091	18004	10091	2015-04-14 10:20:06.981137+00	\N
10092	18005	10092	2015-04-14 10:20:07.031558+00	\N
101	101	101	2015-04-14 10:06:08.461131+00	\N
102	102	102	2015-04-14 10:06:08.53932+00	\N
103	103	103	2015-04-14 10:06:08.588445+00	\N
104	104	104	2015-04-14 10:06:08.636696+00	\N
105	105	105	2015-04-14 10:06:08.717971+00	\N
106	106	106	2015-04-14 10:06:08.76409+00	\N
107	107	107	2015-04-14 10:06:08.814226+00	\N
108	108	108	2015-04-14 10:06:08.863499+00	\N
109	109	109	2015-04-14 10:06:08.918262+00	\N
110	110	110	2015-04-14 10:06:08.968806+00	\N
111	111	111	2015-04-14 10:06:09.035161+00	\N
112	112	112	2015-04-14 10:06:09.086238+00	\N
113	113	113	2015-04-14 10:06:09.145097+00	\N
114	114	114	2015-04-14 10:06:09.201252+00	\N
115	115	115	2015-04-14 10:06:09.252452+00	\N
116	116	116	2015-04-14 10:06:09.301957+00	\N
117	117	117	2015-04-14 10:06:09.355056+00	\N
118	118	118	2015-04-14 10:06:09.404278+00	\N
119	119	119	2015-04-14 10:06:09.452304+00	\N
120	120	120	2015-04-14 10:06:09.503625+00	\N
121	121	121	2015-04-14 10:06:09.552326+00	\N
122	122	122	2015-04-14 10:06:09.600855+00	\N
123	123	123	2015-04-14 10:06:09.653774+00	\N
124	124	124	2015-04-14 10:06:09.705056+00	\N
125	125	125	2015-04-14 10:06:09.752436+00	\N
126	126	126	2015-04-14 10:06:09.80127+00	\N
127	127	127	2015-04-14 10:06:09.849725+00	\N
128	128	128	2015-04-14 10:06:09.900638+00	\N
129	129	129	2015-04-14 10:06:09.957162+00	\N
130	130	130	2015-04-14 10:06:10.005249+00	\N
131	131	131	2015-04-14 10:06:10.056366+00	\N
132	132	132	2015-04-14 10:06:10.107368+00	\N
133	133	133	2015-04-14 10:06:10.167858+00	\N
134	134	134	2015-04-14 10:06:10.215003+00	\N
135	135	135	2015-04-14 10:06:10.266121+00	\N
136	136	136	2015-04-14 10:06:10.316911+00	\N
137	137	137	2015-04-14 10:06:10.366472+00	\N
138	138	138	2015-04-14 10:06:10.418613+00	\N
139	139	139	2015-04-14 10:06:10.465922+00	\N
140	140	140	2015-04-14 10:06:10.516753+00	\N
141	141	141	2015-04-14 10:06:10.564109+00	\N
142	142	142	2015-04-14 10:06:10.61597+00	\N
143	143	143	2015-04-14 10:06:10.665187+00	\N
144	144	144	2015-04-14 10:06:10.71938+00	\N
145	145	145	2015-04-14 10:06:10.769637+00	\N
146	146	146	2015-04-14 10:06:10.820016+00	\N
147	147	147	2015-04-14 10:06:10.873019+00	\N
148	148	148	2015-04-14 10:06:10.921433+00	\N
149	149	149	2015-04-14 10:06:10.971527+00	\N
150	150	150	2015-04-14 10:06:11.019654+00	\N
151	151	151	2015-04-14 10:06:11.071879+00	\N
152	152	152	2015-04-14 10:06:11.120996+00	\N
10001	10001	10001	2015-04-14 10:20:02.181143+00	\N
10002	10002	10002	2015-04-14 10:20:02.263159+00	\N
10003	10002	10003	2015-04-14 10:20:02.309498+00	\N
10004	10004	10004	2015-04-14 10:20:02.359708+00	\N
10005	10005	10005	2015-04-14 10:20:02.409891+00	\N
10006	10005	10006	2015-04-14 10:20:02.459776+00	\N
10011	10011	10011	2015-04-14 10:20:02.704875+00	\N
10012	10011	10012	2015-04-14 10:20:02.756783+00	\N
10013	10013	10013	2015-04-14 10:20:02.807289+00	\N
10014	10013	10014	2015-04-14 10:20:02.859421+00	\N
10015	10015	10015	2015-04-14 10:20:03.053094+00	\N
10016	10015	10016	2015-04-14 10:20:03.128237+00	\N
10021	10021	10021	2015-04-14 10:20:03.375171+00	\N
10022	10021	10022	2015-04-14 10:20:03.425322+00	\N
10023	10023	10023	2015-04-14 10:20:03.475408+00	\N
10025	10025	10025	2015-04-14 10:20:03.577548+00	\N
10026	10025	10026	2015-04-14 10:20:03.627909+00	\N
10027	10025	10027	2015-04-14 10:20:03.681928+00	\N
10028	10028	10028	2015-04-14 10:20:03.733163+00	\N
10029	10028	10029	2015-04-14 10:20:03.782415+00	\N
10030	10030	10030	2015-04-14 10:20:03.835705+00	\N
10031	10031	10031	2015-04-14 10:20:03.887641+00	\N
10032	10031	10032	2015-04-14 10:20:03.938769+00	\N
10033	10033	10033	2015-04-14 10:20:03.993918+00	\N
10034	10033	10034	2015-04-14 10:20:04.048243+00	\N
10035	10033	10035	2015-04-14 10:20:04.099297+00	\N
10036	10036	10036	2015-04-14 10:20:04.147642+00	\N
10037	10036	10037	2015-04-14 10:20:04.223883+00	\N
10038	10038	10038	2015-04-14 10:20:04.272108+00	\N
10039	10038	10039	2015-04-14 10:20:04.321375+00	\N
10040	10038	10040	2015-04-14 10:20:04.376356+00	\N
10041	10041	10041	2015-04-14 10:20:04.427472+00	\N
10042	10041	10042	2015-04-14 10:20:04.475887+00	\N
10043	10041	10043	2015-04-14 10:20:04.523973+00	\N
10044	10044	10044	2015-04-14 10:20:04.576975+00	\N
10045	10045	10045	2015-04-14 10:20:04.625102+00	\N
10046	10045	10046	2015-04-14 10:20:04.677613+00	\N
10047	10047	10047	2015-04-14 10:20:04.742738+00	\N
10048	10047	10048	2015-04-14 10:20:04.790703+00	\N
10049	10047	10049	2015-04-14 10:20:04.839106+00	\N
10050	10050	10050	2015-04-14 10:20:04.889217+00	\N
10051	10050	10051	2015-04-14 10:20:04.93853+00	\N
10052	10052	10052	2015-04-14 10:20:04.99036+00	\N
10053	10053	10053	2015-04-14 10:20:05.040636+00	\N
10054	10053	10054	2015-04-14 10:20:05.09064+00	\N
10055	10055	10055	2015-04-14 10:20:05.140894+00	\N
10056	10055	10056	2015-04-14 10:20:05.192222+00	\N
10057	10055	10057	2015-04-14 10:20:05.243511+00	\N
10058	10058	10058	2015-04-14 10:20:05.292622+00	\N
10059	10059	10059	2015-04-14 10:20:05.342668+00	\N
10060	10059	10060	2015-04-14 10:20:05.393956+00	\N
10061	10061	10061	2015-04-14 10:20:05.449487+00	\N
10062	10062	10062	2015-04-14 10:20:05.500364+00	\N
10063	10062	10063	2015-04-14 10:20:05.548568+00	\N
10064	10062	10064	2015-04-14 10:20:05.599561+00	\N
10065	10062	10065	2015-04-14 10:20:05.650678+00	\N
10066	10066	10066	2015-04-14 10:20:05.700034+00	\N
10067	10066	10067	2015-04-14 10:20:05.755208+00	\N
10068	10068	10068	2015-04-14 10:20:05.808168+00	\N
10069	10068	10069	2015-04-14 10:20:05.865962+00	\N
10070	10068	10070	2015-04-14 10:20:05.914467+00	\N
10071	10068	10071	2015-04-14 10:20:05.963897+00	\N
10072	10072	10072	2015-04-14 10:20:06.015793+00	\N
10073	10072	10073	2015-04-14 10:20:06.063265+00	\N
10074	10074	10074	2015-04-14 10:20:06.128309+00	\N
10075	10075	10075	2015-04-14 10:20:06.177419+00	\N
10076	10075	10076	2015-04-14 10:20:06.22653+00	\N
10077	10077	10077	2015-04-14 10:20:06.27691+00	\N
10078	10077	10078	2015-04-14 10:20:06.324178+00	\N
10079	10077	10079	2015-04-14 10:20:06.376033+00	\N
10080	10080	10080	2015-04-14 10:20:06.42337+00	\N
10081	10080	10081	2015-04-14 10:20:06.473588+00	\N
10082	10082	10082	2015-04-14 10:20:06.524491+00	\N
10083	10083	10083	2015-04-14 10:20:06.574992+00	\N
10084	10083	10084	2015-04-14 10:20:06.624058+00	\N
10085	10085	10085	2015-04-14 10:20:06.681928+00	\N
10086	10085	10086	2015-04-14 10:20:06.730483+00	\N
10087	10087	10087	2015-04-14 10:20:06.780326+00	\N
10088	10087	10088	2015-04-14 10:20:06.829682+00	\N
10089	10087	10089	2015-04-14 10:20:06.881794+00	\N
10090	10087	10090	2015-04-14 10:20:06.931126+00	\N
10093	18005	10093	2015-04-14 10:20:07.078662+00	\N
10094	18007	10094	2015-04-14 10:20:07.132687+00	\N
15	24	101	2015-04-16 00:00:00+00	\N
16	24	10001	2015-04-16 00:00:00+00	\N
17	24	20001	2015-04-16 00:00:00+00	\N
18	24	30001	2015-04-16 00:00:00+00	\N
19	24	103	2015-04-16 00:00:00+00	\N
20	24	10003	2015-04-16 00:00:00+00	\N
21	24	20003	2015-04-16 00:00:00+00	\N
22	24	30005	2015-04-16 00:00:00+00	\N
10019	18001	10019	2015-04-14 10:20:03.27859+00	\N
10097	10097	10097	2015-04-14 10:20:07.34645+00	\N
10098	10098	10098	2015-04-14 10:20:07.397568+00	\N
10099	10098	10099	2015-04-14 10:20:07.450693+00	\N
10100	10100	10100	2015-04-14 10:20:07.497059+00	\N
10101	10100	10101	2015-04-14 10:20:07.54834+00	\N
10102	10102	10102	2015-04-14 10:20:07.597451+00	\N
10103	10102	10103	2015-04-14 10:20:07.647585+00	\N
10104	10102	10104	2015-04-14 10:20:07.699564+00	\N
10105	10105	10105	2015-04-14 10:20:07.74896+00	\N
10106	10105	10106	2015-04-14 10:20:07.797125+00	\N
10107	10107	10107	2015-04-14 10:20:07.850063+00	\N
10108	10107	10108	2015-04-14 10:20:07.955633+00	\N
10109	10107	10109	2015-04-14 10:20:08.038686+00	\N
10111	10110	10111	2015-04-14 10:20:08.088107+00	\N
10112	10112	10112	2015-04-14 10:20:08.142056+00	\N
10113	10113	10113	2015-04-14 10:20:08.195502+00	\N
10114	10113	10114	2015-04-14 10:20:08.246298+00	\N
10115	10113	10115	2015-04-14 10:20:08.32559+00	\N
10116	10113	10116	2015-04-14 10:20:08.374911+00	\N
10117	10117	10117	2015-04-14 10:20:08.422951+00	\N
10123	10123	10123	2015-04-14 10:20:08.722954+00	\N
10124	10123	10124	2015-04-14 10:20:08.771353+00	\N
10125	10125	10125	2015-04-14 10:20:08.820553+00	\N
10126	10125	10126	2015-04-14 10:20:08.871425+00	\N
10127	10127	10127	2015-04-14 10:20:08.920821+00	\N
10128	10127	10128	2015-04-14 10:20:08.972875+00	\N
10129	10129	10129	2015-04-14 10:20:09.020189+00	\N
10130	10129	10130	2015-04-14 10:20:09.071184+00	\N
10131	10131	10131	2015-04-14 10:20:09.121394+00	\N
10132	10131	10132	2015-04-14 10:20:09.171427+00	\N
10133	10133	10133	2015-04-14 10:20:09.217882+00	\N
10134	10134	10134	2015-04-14 10:20:09.269797+00	\N
10135	10134	10135	2015-04-14 10:20:09.317161+00	\N
10136	10136	10136	2015-04-14 10:20:09.371146+00	\N
10137	10136	10137	2015-04-14 10:20:09.41758+00	\N
10138	10138	10138	2015-04-14 10:20:09.468701+00	\N
10139	10138	10139	2015-04-14 10:20:09.518796+00	\N
10140	10138	10140	2015-04-14 10:20:09.569859+00	\N
10141	10138	10141	2015-04-14 10:20:09.618942+00	\N
10142	10142	10142	2015-04-14 10:20:09.670375+00	\N
10143	10142	10143	2015-04-14 10:20:09.724605+00	\N
10144	10142	10144	2015-04-14 10:20:09.77646+00	\N
10145	10142	10145	2015-04-14 10:20:09.822908+00	\N
10146	10142	10146	2015-04-14 10:20:09.871855+00	\N
30001	30001	30001	2015-04-14 11:17:36.274828+00	\N
30002	30002	30001	2015-04-14 11:17:36.35487+00	\N
30003	30003	30001	2015-04-14 11:17:36.406897+00	\N
30004	30004	30001	2015-04-14 11:17:36.453254+00	\N
30005	30005	30005	2015-04-14 11:17:36.504544+00	\N
30006	30006	30005	2015-04-14 11:17:36.554802+00	\N
30007	30007	30005	2015-04-14 11:17:36.603585+00	\N
20001	20001	20001	2015-04-14 11:42:03.227753+00	\N
20002	20002	20002	2015-04-14 11:42:03.302635+00	\N
20003	20003	20003	2015-04-14 11:42:03.354745+00	\N
20004	20004	20004	2015-04-14 11:42:03.40488+00	\N
20005	20005	20005	2015-04-14 11:42:03.455759+00	\N
20006	20006	20006	2015-04-14 11:42:03.504544+00	\N
20007	20007	20007	2015-04-14 11:42:03.557421+00	\N
20008	20008	20008	2015-04-14 11:42:03.605517+00	\N
20009	20009	20009	2015-04-14 11:42:03.650978+00	\N
20010	20010	20010	2015-04-14 11:42:03.701079+00	\N
10110	10110	10110	2015-04-14 22:46:51.552012+00	\N
10095	18006	10095	2015-04-14 10:20:07.208135+00	\N
10096	18006	10096	2015-04-14 10:20:07.293449+00	\N
10118	18008	10118	2015-04-14 10:20:08.471324+00	\N
10119	18009	10119	2015-04-14 10:20:08.525596+00	\N
10120	18009	10120	2015-04-14 10:20:08.572706+00	\N
10121	18009	10121	2015-04-14 10:20:08.623735+00	\N
10122	18009	10122	2015-04-14 10:20:08.6731+00	\N
10600	10024	10024	2015-04-14 00:00:00+00	\N
40001	40001	40001	2015-04-25 19:28:25.714276+00	\N
40002	40002	40002	2015-04-25 19:28:26.921949+00	\N
40003	40003	40003	2015-04-25 19:28:27.927386+00	\N
40004	40004	40004	2015-04-25 19:28:28.781002+00	\N
40005	40005	40005	2015-04-25 19:28:29.71247+00	\N
40006	40006	40006	2015-04-25 19:28:30.659042+00	\N
40007	40007	40007	2015-04-25 19:28:31.707881+00	\N
40008	40008	40008	2015-04-25 19:43:32.174845+00	\N
40009	40009	40009	2015-04-25 19:43:33.339648+00	\N
40010	40010	40010	2015-04-25 19:43:34.360794+00	\N
40011	40011	40011	2015-04-25 19:43:35.326536+00	\N
40012	40012	40012	2015-04-25 19:43:36.294491+00	\N
40013	40013	40013	2015-04-25 19:43:37.25239+00	\N
40014	40014	40014	2015-04-25 19:43:38.361317+00	\N
40015	40015	40015	2015-04-25 19:43:39.715745+00	\N
40016	40016	40016	2015-04-25 19:43:40.7509+00	\N
40017	40017	40017	2015-04-25 19:43:41.884787+00	\N
40018	40018	40018	2015-04-25 19:43:42.875728+00	\N
40019	40019	40019	2015-04-25 19:43:43.941452+00	\N
40020	40020	40020	2015-04-25 19:43:45.02508+00	\N
26	26	40001	2015-04-16 00:00:00+00	\N
1010001	1010001	1010001	2015-06-02 13:40:20.619824+00	\N
1010002	1010002	1010002	2015-06-02 13:40:21.772624+00	\N
1010003	1010003	1010003	2015-06-02 13:40:22.690677+00	\N
1010004	1010004	1010004	2015-06-02 13:40:23.757326+00	\N
1010005	1010005	1010005	2015-06-02 13:40:24.845692+00	\N
1010006	1010006	1010006	2015-06-02 13:40:25.728741+00	\N
1010007	1010007	1010007	2015-06-02 13:40:26.613897+00	\N
1010008	1010008	1010008	2015-06-02 13:40:27.443741+00	\N
1010010	1010010	1010010	2015-06-02 13:40:29.869497+00	\N
1010009	1010001	1010009	2015-06-02 13:40:28.31565+00	\N
10585	14	1000001	2015-04-15 00:00:00+00	\N
153	9000	101	2015-04-15 14:41:29.733726+00	\N
154	9000	102	2015-04-15 14:41:29.826334+00	\N
155	9000	103	2015-04-15 14:41:29.875338+00	\N
156	9000	104	2015-04-15 14:41:30.007925+00	\N
157	9000	105	2015-04-15 14:41:30.058221+00	\N
158	9000	106	2015-04-15 14:41:30.106306+00	\N
159	9000	107	2015-04-15 14:41:30.156492+00	\N
160	9000	108	2015-04-15 14:41:30.207733+00	\N
161	9000	109	2015-04-15 14:41:30.257007+00	\N
162	9000	110	2015-04-15 14:41:30.305012+00	\N
163	9000	111	2015-04-15 14:41:30.355105+00	\N
164	9000	112	2015-04-15 14:41:30.404257+00	\N
165	9000	113	2015-04-15 14:41:30.454228+00	\N
166	9000	114	2015-04-15 14:41:30.504609+00	\N
167	9000	115	2015-04-15 14:41:30.553897+00	\N
168	9000	116	2015-04-15 14:41:30.606597+00	\N
169	9000	117	2015-04-15 14:41:30.653128+00	\N
170	9000	118	2015-04-15 14:41:30.702087+00	\N
171	9000	119	2015-04-15 14:41:30.751472+00	\N
172	9000	120	2015-04-15 14:41:30.800665+00	\N
173	9000	121	2015-04-15 14:41:30.853011+00	\N
174	9000	122	2015-04-15 14:41:30.904743+00	\N
175	9000	123	2015-04-15 14:41:30.953088+00	\N
176	9000	124	2015-04-15 14:41:31.006118+00	\N
177	9000	125	2015-04-15 14:41:31.063625+00	\N
178	9000	126	2015-04-15 14:41:31.112408+00	\N
179	9000	127	2015-04-15 14:41:31.161606+00	\N
180	9000	128	2015-04-15 14:41:31.210012+00	\N
181	9000	129	2015-04-15 14:41:31.260116+00	\N
182	9000	130	2015-04-15 14:41:31.310993+00	\N
183	9000	131	2015-04-15 14:41:31.360542+00	\N
184	9000	132	2015-04-15 14:41:31.412428+00	\N
185	9000	133	2015-04-15 14:41:31.458883+00	\N
186	9000	134	2015-04-15 14:41:31.509215+00	\N
187	9000	135	2015-04-15 14:41:31.561244+00	\N
188	9000	136	2015-04-15 14:41:31.607405+00	\N
189	9000	137	2015-04-15 14:41:31.660284+00	\N
190	9000	138	2015-04-15 14:41:31.709395+00	\N
191	9000	139	2015-04-15 14:41:31.758915+00	\N
192	9000	140	2015-04-15 14:41:31.834089+00	\N
193	9000	141	2015-04-15 14:41:31.90043+00	\N
194	9000	142	2015-04-15 14:41:31.951384+00	\N
195	9000	143	2015-04-15 14:41:31.998652+00	\N
196	9000	144	2015-04-15 14:41:32.047803+00	\N
197	9000	145	2015-04-15 14:41:32.097003+00	\N
198	9000	146	2015-04-15 14:41:32.151721+00	\N
199	9000	147	2015-04-15 14:41:32.204229+00	\N
200	9000	148	2015-04-15 14:41:32.251742+00	\N
201	9000	149	2015-04-15 14:41:32.302626+00	\N
202	9000	150	2015-04-15 14:41:32.377848+00	\N
203	9000	151	2015-04-15 14:41:32.460937+00	\N
204	9000	152	2015-04-15 14:41:32.508435+00	\N
205	9001	101	2015-04-15 14:41:32.560282+00	\N
206	9001	102	2015-04-15 14:41:32.610466+00	\N
207	9001	103	2015-04-15 14:41:32.657783+00	\N
208	9001	104	2015-04-15 14:41:32.996032+00	\N
209	9001	105	2015-04-15 14:41:33.08967+00	\N
210	9001	106	2015-04-15 14:41:33.139125+00	\N
211	9001	107	2015-04-15 14:41:33.189625+00	\N
212	9001	108	2015-04-15 14:41:33.241892+00	\N
213	9001	109	2015-04-15 14:41:33.292034+00	\N
214	9001	110	2015-04-15 14:41:33.342293+00	\N
215	9001	111	2015-04-15 14:41:33.394065+00	\N
216	9001	112	2015-04-15 14:41:33.442316+00	\N
217	9001	113	2015-04-15 14:41:33.492655+00	\N
218	9001	114	2015-04-15 14:41:33.540947+00	\N
219	9001	115	2015-04-15 14:41:33.590181+00	\N
220	9001	116	2015-04-15 14:41:33.646308+00	\N
221	9001	117	2015-04-15 14:41:33.698191+00	\N
222	9001	118	2015-04-15 14:41:33.747547+00	\N
223	9001	119	2015-04-15 14:41:33.800426+00	\N
224	9001	120	2015-04-15 14:41:33.847939+00	\N
225	9001	121	2015-04-15 14:41:33.898811+00	\N
226	9001	122	2015-04-15 14:41:33.947963+00	\N
227	9001	123	2015-04-15 14:41:33.999531+00	\N
228	9001	124	2015-04-15 14:41:34.045817+00	\N
229	9001	125	2015-04-15 14:41:34.097511+00	\N
230	9001	126	2015-04-15 14:41:34.149566+00	\N
231	9001	127	2015-04-15 14:41:34.19605+00	\N
232	9001	128	2015-04-15 14:41:34.247255+00	\N
233	9001	129	2015-04-15 14:41:34.29739+00	\N
234	9001	130	2015-04-15 14:41:34.344575+00	\N
235	9001	131	2015-04-15 14:41:34.394863+00	\N
236	9001	132	2015-04-15 14:41:34.446564+00	\N
237	9001	133	2015-04-15 14:41:34.495224+00	\N
238	9001	134	2015-04-15 14:41:34.54798+00	\N
239	9001	135	2015-04-15 14:41:34.599467+00	\N
240	9001	136	2015-04-15 14:41:34.649391+00	\N
241	9001	137	2015-04-15 14:41:34.699859+00	\N
242	9001	138	2015-04-15 14:41:34.758103+00	\N
243	9001	139	2015-04-15 14:41:34.8109+00	\N
244	9001	140	2015-04-15 14:41:34.861363+00	\N
245	9001	141	2015-04-15 14:41:34.910222+00	\N
246	9001	142	2015-04-15 14:41:34.959994+00	\N
247	9001	143	2015-04-15 14:41:35.008858+00	\N
248	9001	144	2015-04-15 14:41:35.05907+00	\N
249	9001	145	2015-04-15 14:41:35.109864+00	\N
250	9001	146	2015-04-15 14:41:35.15761+00	\N
251	9001	147	2015-04-15 14:41:35.209274+00	\N
252	9001	148	2015-04-15 14:41:35.259741+00	\N
253	9001	149	2015-04-15 14:41:35.309625+00	\N
254	9001	150	2015-04-15 14:41:35.360742+00	\N
255	9001	151	2015-04-15 14:41:35.406181+00	\N
256	9001	152	2015-04-15 14:41:35.459578+00	\N
257	9002	101	2015-04-15 14:41:35.5066+00	\N
258	9002	102	2015-04-15 14:41:35.560381+00	\N
259	9002	103	2015-04-15 14:41:35.610842+00	\N
260	9002	104	2015-04-15 14:41:35.659994+00	\N
261	9002	105	2015-04-15 14:41:35.713118+00	\N
262	9002	106	2015-04-15 14:41:35.763335+00	\N
263	9002	107	2015-04-15 14:41:35.814248+00	\N
264	9002	108	2015-04-15 14:41:35.863727+00	\N
265	9002	109	2015-04-15 14:41:35.912843+00	\N
266	9002	110	2015-04-15 14:41:35.963095+00	\N
267	9002	111	2015-04-15 14:41:36.013846+00	\N
268	9002	112	2015-04-15 14:41:36.065167+00	\N
269	9002	113	2015-04-15 14:41:36.11175+00	\N
270	9002	114	2015-04-15 14:41:36.161749+00	\N
271	9002	115	2015-04-15 14:41:36.214506+00	\N
272	9002	116	2015-04-15 14:41:36.263862+00	\N
273	9002	117	2015-04-15 14:41:36.311224+00	\N
274	9002	118	2015-04-15 14:41:36.362903+00	\N
275	9002	119	2015-04-15 14:41:36.409626+00	\N
276	9002	120	2015-04-15 14:41:36.457765+00	\N
277	9002	121	2015-04-15 14:41:36.507531+00	\N
278	9002	122	2015-04-15 14:41:36.556887+00	\N
279	9002	123	2015-04-15 14:41:36.607602+00	\N
280	9002	124	2015-04-15 14:41:36.655395+00	\N
281	9002	125	2015-04-15 14:41:36.708725+00	\N
282	9002	126	2015-04-15 14:41:36.761398+00	\N
283	9002	127	2015-04-15 14:41:36.812769+00	\N
284	9002	128	2015-04-15 14:41:36.863228+00	\N
285	9002	129	2015-04-15 14:41:36.950365+00	\N
286	9002	130	2015-04-15 14:41:37.027636+00	\N
287	9002	131	2015-04-15 14:41:37.074781+00	\N
288	9002	132	2015-04-15 14:41:37.125653+00	\N
289	9002	133	2015-04-15 14:41:37.180095+00	\N
290	9002	134	2015-04-15 14:41:37.228256+00	\N
291	9002	135	2015-04-15 14:41:37.277531+00	\N
292	9002	136	2015-04-15 14:41:37.328649+00	\N
293	9002	137	2015-04-15 14:41:37.39787+00	\N
294	9002	138	2015-04-15 14:41:37.447012+00	\N
295	9002	139	2015-04-15 14:41:37.498303+00	\N
296	9002	140	2015-04-15 14:41:37.546431+00	\N
297	9002	141	2015-04-15 14:41:37.598258+00	\N
298	9002	142	2015-04-15 14:41:37.648713+00	\N
299	9002	143	2015-04-15 14:41:37.69951+00	\N
300	9002	144	2015-04-15 14:41:37.749105+00	\N
301	9002	145	2015-04-15 14:41:37.795231+00	\N
302	9002	146	2015-04-15 14:41:37.856386+00	\N
303	9002	147	2015-04-15 14:41:37.906349+00	\N
304	9002	148	2015-04-15 14:41:37.953774+00	\N
305	9002	149	2015-04-15 14:41:38.003909+00	\N
306	9002	150	2015-04-15 14:41:38.056911+00	\N
307	9002	151	2015-04-15 14:41:38.108238+00	\N
308	9002	152	2015-04-15 14:41:38.156366+00	\N
309	9003	101	2015-04-15 14:41:38.208368+00	\N
310	9003	102	2015-04-15 14:41:38.256794+00	\N
311	9003	103	2015-04-15 14:41:38.307994+00	\N
312	9003	104	2015-04-15 14:41:38.357145+00	\N
313	9003	105	2015-04-15 14:41:38.406256+00	\N
314	9003	106	2015-04-15 14:41:38.454383+00	\N
315	9003	107	2015-04-15 14:41:38.500904+00	\N
316	9003	108	2015-04-15 14:41:38.549691+00	\N
317	9003	109	2015-04-15 14:41:38.60099+00	\N
318	9003	110	2015-04-15 14:41:38.648988+00	\N
319	9003	111	2015-04-15 14:41:38.695231+00	\N
320	9003	112	2015-04-15 14:41:38.747381+00	\N
321	9003	113	2015-04-15 14:41:38.799337+00	\N
322	9003	114	2015-04-15 14:41:38.851371+00	\N
323	9003	115	2015-04-15 14:41:38.900925+00	\N
324	9003	116	2015-04-15 14:41:38.950002+00	\N
325	9003	117	2015-04-15 14:41:38.99931+00	\N
326	9003	118	2015-04-15 14:41:39.056572+00	\N
327	9003	119	2015-04-15 14:41:39.105681+00	\N
328	9003	120	2015-04-15 14:41:39.155783+00	\N
329	9003	121	2015-04-15 14:41:39.208654+00	\N
330	9003	122	2015-04-15 14:41:39.260223+00	\N
331	9003	123	2015-04-15 14:41:39.312283+00	\N
332	9003	124	2015-04-15 14:41:39.36254+00	\N
333	9003	125	2015-04-15 14:41:39.411283+00	\N
334	9003	126	2015-04-15 14:41:39.460966+00	\N
335	9003	127	2015-04-15 14:41:39.50807+00	\N
336	9003	128	2015-04-15 14:41:39.559188+00	\N
337	9003	129	2015-04-15 14:41:39.611083+00	\N
338	9003	130	2015-04-15 14:41:39.658556+00	\N
339	9003	131	2015-04-15 14:41:39.708662+00	\N
340	9003	132	2015-04-15 14:41:39.759534+00	\N
341	9003	133	2015-04-15 14:41:39.810065+00	\N
342	9003	134	2015-04-15 14:41:39.85912+00	\N
343	9003	135	2015-04-15 14:41:39.907276+00	\N
344	9003	136	2015-04-15 14:41:39.959199+00	\N
345	9003	137	2015-04-15 14:41:40.007278+00	\N
346	9003	138	2015-04-15 14:41:40.057795+00	\N
347	9003	139	2015-04-15 14:41:40.108088+00	\N
348	9003	140	2015-04-15 14:41:40.156921+00	\N
349	9003	141	2015-04-15 14:41:40.206998+00	\N
350	9003	142	2015-04-15 14:41:40.254558+00	\N
351	9003	143	2015-04-15 14:41:40.304737+00	\N
352	9003	144	2015-04-15 14:41:40.358558+00	\N
353	9003	145	2015-04-15 14:41:40.408119+00	\N
354	9003	146	2015-04-15 14:41:40.457228+00	\N
355	9003	147	2015-04-15 14:41:40.504339+00	\N
356	9003	148	2015-04-15 14:41:40.555172+00	\N
357	9003	149	2015-04-15 14:41:40.6042+00	\N
358	9003	150	2015-04-15 14:41:40.653031+00	\N
359	9003	151	2015-04-15 14:41:40.705034+00	\N
360	9003	152	2015-04-15 14:41:40.754933+00	\N
361	9004	101	2015-04-15 14:41:40.804071+00	\N
362	9004	102	2015-04-15 14:41:40.852539+00	\N
363	9004	103	2015-04-15 14:41:40.904436+00	\N
364	9004	104	2015-04-15 14:41:40.969455+00	\N
365	9004	105	2015-04-15 14:41:41.023734+00	\N
366	9004	106	2015-04-15 14:41:41.093328+00	\N
367	9004	107	2015-04-15 14:41:41.145284+00	\N
368	9004	108	2015-04-15 14:41:41.204333+00	\N
369	9004	109	2015-04-15 14:41:41.253798+00	\N
370	9004	110	2015-04-15 14:41:41.319067+00	\N
371	9004	111	2015-04-15 14:41:41.370062+00	\N
372	9004	112	2015-04-15 14:41:41.435189+00	\N
373	9004	113	2015-04-15 14:41:41.485322+00	\N
374	9004	114	2015-04-15 14:41:41.53984+00	\N
375	9004	115	2015-04-15 14:41:41.587082+00	\N
376	9004	116	2015-04-15 14:41:41.635193+00	\N
377	9004	117	2015-04-15 14:41:41.683326+00	\N
378	9004	118	2015-04-15 14:41:41.735209+00	\N
379	9004	119	2015-04-15 14:41:41.787351+00	\N
380	9004	120	2015-04-15 14:41:41.839493+00	\N
381	9004	121	2015-04-15 14:41:41.891839+00	\N
382	9004	122	2015-04-15 14:41:41.939885+00	\N
383	9004	123	2015-04-15 14:41:41.999143+00	\N
384	9004	124	2015-04-15 14:41:42.102893+00	\N
385	9004	125	2015-04-15 14:41:42.153928+00	\N
386	9004	126	2015-04-15 14:41:42.214723+00	\N
387	9004	127	2015-04-15 14:41:42.263998+00	\N
388	9004	128	2015-04-15 14:41:42.319721+00	\N
389	9004	129	2015-04-15 14:41:42.370616+00	\N
390	9004	130	2015-04-15 14:41:42.421454+00	\N
391	9004	131	2015-04-15 14:41:42.487884+00	\N
392	9004	132	2015-04-15 14:41:42.53937+00	\N
393	9004	133	2015-04-15 14:41:42.609124+00	\N
394	9004	134	2015-04-15 14:41:42.658206+00	\N
395	9004	135	2015-04-15 14:41:42.72921+00	\N
396	9004	136	2015-04-15 14:41:42.793319+00	\N
397	9004	137	2015-04-15 14:41:42.847591+00	\N
398	9004	138	2015-04-15 14:41:42.9103+00	\N
399	9004	139	2015-04-15 14:41:42.972395+00	\N
400	9004	140	2015-04-15 14:41:43.022898+00	\N
401	9004	141	2015-04-15 14:41:43.081061+00	\N
402	9004	142	2015-04-15 14:41:43.136357+00	\N
403	9004	143	2015-04-15 14:41:43.188416+00	\N
404	9004	144	2015-04-15 14:41:43.243753+00	\N
405	9004	145	2015-04-15 14:41:43.311664+00	\N
406	9004	146	2015-04-15 14:41:43.371793+00	\N
407	9004	147	2015-04-15 14:41:43.430281+00	\N
408	9004	148	2015-04-15 14:41:43.48439+00	\N
409	9004	149	2015-04-15 14:41:43.538744+00	\N
410	9004	150	2015-04-15 14:41:43.592032+00	\N
411	9004	151	2015-04-15 14:41:43.659002+00	\N
412	9004	152	2015-04-15 14:41:43.706883+00	\N
10586	15	0	2015-04-15 00:00:00+00	\N
10588	17	1000003	2015-04-15 00:00:00+00	\N
10589	18	1000004	2015-04-15 00:00:00+00	\N
10590	19	1000005	2015-04-15 00:00:00+00	\N
10591	20	1000006	2015-04-15 00:00:00+00	\N
10592	21	1000007	2015-04-15 00:00:00+00	\N
10587	16	1010010	2015-04-15 00:00:00+00	\N
2	1	101	2015-04-16 12:19:10.604581+00	\N
3	7	102	2015-04-16 12:19:12.046144+00	\N
4	8	10018	2015-04-16 12:19:13.005665+00	\N
5	11	10001	2015-04-16 12:19:13.958548+00	\N
6	12	20001	2015-04-16 12:19:15.011191+00	\N
7	13	30001	2015-04-16 12:19:16.013576+00	\N
8	14	1000001	2015-04-16 12:19:16.912755+00	\N
9	16	1000002	2015-04-16 12:19:17.932861+00	\N
10	17	1000003	2015-04-16 12:19:18.915652+00	\N
11	18	1000004	2015-04-16 12:19:19.816678+00	\N
12	19	1000006	2015-04-16 12:19:20.750806+00	\N
13	20	1000006	2015-04-16 12:19:21.554192+00	\N
14	21	1000007	2015-04-16 12:19:22.455789+00	\N
\.


--
-- Name: user_station_id_seq; Type: SEQUENCE SET; Schema: slammer; Owner: slammer
--

SELECT pg_catalog.setval('"user_station_id_seq"', 14, true);


--
-- Data for Name: user_ward; Type: TABLE DATA; Schema: slammer; Owner: slammer
--

COPY "user_ward" ("id", "user_id", "ward_id", "created_on", "updated_on") FROM stdin;
2	9000	101	2015-04-15 00:00:00+00	\N
3	9001	101	2015-04-15 00:00:00+00	\N
4	9002	101	2015-04-15 00:00:00+00	\N
5	9003	101	2015-04-15 00:00:00+00	\N
6	9004	101	2015-04-15 00:00:00+00	\N
7	19000	10001	2015-04-15 00:00:00+00	\N
8	19000	10002	2015-04-15 00:00:00+00	\N
9	19001	10001	2015-04-15 00:00:00+00	\N
10	19001	10002	2015-04-15 00:00:00+00	\N
11	19002	10002	2015-04-15 00:00:00+00	\N
12	19002	10001	2015-04-15 00:00:00+00	\N
14	29003	20001	2015-04-15 00:00:00+00	\N
15	29002	20001	2015-04-15 00:00:00+00	\N
16	29001	20001	2015-04-15 00:00:00+00	\N
17	29000	20001	2015-04-15 00:00:00+00	\N
18	39001	30001	2015-04-15 00:00:00+00	\N
19	39000	30001	2015-04-15 00:00:00+00	\N
20	2	101	2015-04-16 00:00:00+00	\N
21	3	101	2015-04-16 00:00:00+00	\N
22	4	101	2015-04-16 00:00:00+00	\N
23	8	10001	2015-04-15 00:00:00+00	\N
24	8	10002	2015-04-16 00:00:00+00	\N
27	10	30001	2015-04-16 00:00:00+00	\N
28	15	1000001	2015-04-16 00:00:00+00	\N
29	23	1000001	2015-04-15 00:00:00+00	\N
26	9	20001	2015-04-16 00:00:00+00	\N
25	22	10001	2015-04-16 00:00:00+00	\N
30	25	40001	2015-04-16 00:00:00+00	\N
31	25	40013	2015-04-16 00:00:00+00	\N
32	49000	40001	2015-04-16 00:00:00+00	\N
33	49000	40013	2015-04-16 00:00:00+00	\N
34	49001	40001	2015-04-16 00:00:00+00	\N
35	49001	40013	2015-04-16 00:00:00+00	\N
36	49002	40001	2015-04-16 00:00:00+00	\N
37	49002	40013	2015-04-16 00:00:00+00	\N
38	9005	101	2015-04-15 00:00:00+00	\N
39	9006	101	2015-04-15 00:00:00+00	\N
40	9007	101	2015-04-15 00:00:00+00	\N
41	9008	101	2015-04-15 00:00:00+00	\N
42	9009	101	2015-04-15 00:00:00+00	\N
1019001	1019001	1010001	2015-06-02 14:15:14.161753+00	\N
1019002	1019001	1010005	2015-06-02 14:17:02.202934+00	\N
\.


--
-- Name: user_ward_id_seq; Type: SEQUENCE SET; Schema: slammer; Owner: slammer
--

SELECT pg_catalog.setval('"user_ward_id_seq"', 20, true);


--
-- Data for Name: users; Type: TABLE DATA; Schema: slammer; Owner: slammer
--

COPY "users" ("id", "role_id", "council_id", "client_platform", "client_build_number", "login_name", "secret", "api_key", "encryption", "uri", "first_name", "last_name", "age", "birthday", "gender", "timezone", "locale", "status", "login_count", "station_id", "created_on", "updated_on") FROM stdin;
40016	1	40001	\N	\N	stephennicholls16	Nicholls16	\N	None	userUri			\N	\N	\N	GMT	en_GB	1	3	40016	2015-04-25 18:26:38.552203+00	2015-05-05 13:12:03.25131+00
40013	1	40001	\N	\N	cynthiabanner13	Banner13	\N	None	userUri			\N	\N	\N	GMT	en_GB	1	4	40013	2015-04-25 18:26:38.347891+00	2015-08-21 09:35:54.364486+00
1	1	101	\N	\N	user01	password	\N	None	userUri	Richard	Lyttle	17	\N	male	GMT	en_GB	1	201	101	2011-08-01 10:11:00+00	2015-08-27 08:52:44.816002+00
40020	1	40001	\N	\N	kayhillman20	Hillman20	\N	None	userUri			\N	\N	\N	GMT	en_GB	1	8	40020	2015-04-25 18:26:38.821671+00	2015-05-07 07:31:41.582578+00
40012	1	40001	\N	\N	shannoncorfield12	Corfield12	\N	None	userUri			\N	\N	\N	GMT	en_GB	1	5	40012	2015-04-25 18:26:38.273923+00	2015-05-07 05:36:29.279156+00
30007	1	30001	\N	\N	janetsinnott3	Sinnott3	\N	None	userUri			\N	\N	\N	GMT	en_GB	1	3	30005	2015-04-10 14:20:56.013553+00	2015-05-05 10:37:12.814641+00
7	1	101	\N	\N	user02	password	\N	None	userUri	Singh	Jagtar	\N	\N	\N	GMT	en_GB	1	14	102	2015-03-31 14:28:35+00	2015-06-23 14:30:31.175889+00
30001	1	30001	\N	\N	joannebriggs1	Briggs1	\N	None	userUri			\N	\N	\N	GMT	en_GB	1	41	30001	2015-04-10 14:20:55.668556+00	2015-05-07 05:42:44.174982+00
13	1	30001	\N	\N	user31	password	\N	None	userUri	Richard	Lyttle	17	\N	male	GMT	en_GB	1	124	30001	2011-08-01 00:00:00+00	2015-06-23 14:33:22.607486+00
30002	1	30001	\N	\N	jeffbriggs2	Briggs2	\N	None	userUri			\N	\N	\N	GMT	en_GB	1	19	30001	2015-04-10 14:20:55.763718+00	2015-05-05 20:52:07.458651+00
12	1	20001	\N	\N	user21	password	\N	None	userUri	Richard	Lyttle	17	\N	male	GMT	en_GB	1	128	20001	2011-08-01 00:00:00+00	2015-11-10 16:37:55.897139+00
9005	3	101	\N	\N	martynsargeant1	Sargeant1	\N	None	userUri			\N	\N	\N	GMT	en_GB	1	3	0	2015-04-09 00:00:00+00	2015-05-06 10:26:16.83498+00
9006	3	101	\N	\N	davegarner2	Garner2	\N	None	userUri			\N	\N	\N	GMT	en_GB	1	2	0	2015-04-09 00:00:00+00	2015-05-06 10:27:15.38879+00
9007	3	101	\N	\N	adamhadley3	Hadley3	\N	None	userUri			\N	\N	\N	GMT	en_GB	1	2	0	2015-04-09 00:00:00+00	2015-05-06 10:27:42.322728+00
3	2	101	\N	\N	admin02	password	\N	None	userUri	KianPeng	Yong	19	\N	male	GMT	en_GB	1	104	0	2011-08-01 10:11:00+00	2015-07-22 10:13:56.087383+00
9009	3	101	\N	\N	jayneholloway5	Holloway5	\N	None	userUri			\N	\N	\N	GMT	en_GB	1	2	0	2015-04-09 00:00:00+00	2015-05-06 10:28:42.915358+00
40019	1	40001	\N	\N	annehewson19	Hewson19	\N	None	userUri			\N	\N	\N	GMT	en_GB	1	3	40019	2015-04-25 18:26:38.756748+00	2015-05-06 09:12:43.270466+00
39001	3	30001	\N	\N	christinelawley2	Lawley2	\N	None	userUri			\N	\N	\N	GMT	en_GB	1	10	0	2015-04-10 15:09:27.150575+00	2015-05-07 08:42:24.864414+00
40018	1	40001	\N	\N	johndarby18	Darby18	\N	None	userUri			\N	\N	\N	GMT	en_GB	1	1	40018	2015-04-25 18:26:38.687608+00	2015-04-28 11:42:10.110329+00
14	1	1000001	\N	\N	testuser1	password	\N	None	userUri	TestFN	testSN	17	\N	male	GMT	en_GB	1	76	1000001	2015-03-31 00:00:00+00	2016-01-02 10:08:54.818758+00
40011	1	40001	\N	\N	manjitjohal11	Johal11	\N	None	userUri			\N	\N	\N	GMT	en_GB	1	6	40011	2015-04-25 18:26:38.206901+00	2015-05-07 05:58:59.011817+00
40008	1	40001	\N	\N	karencox8	Cox8	\N	None	userUri			\N	\N	\N	GMT	en_GB	1	21	40008	2015-04-25 18:26:37.975036+00	2015-05-07 20:28:44.522291+00
40014	1	40001	\N	\N	scottmaher14	Maher14	\N	None	userUri			\N	\N	\N	GMT	en_GB	1	3	40014	2015-04-25 18:26:38.414906+00	2015-04-30 14:09:16.29372+00
30003	1	30001	\N	\N	graememcCann3	McCann3	\N	None	userUri			\N	\N	\N	GMT	en_GB	1	4	30001	2015-04-10 14:20:55.811664+00	2015-05-05 16:54:23.769696+00
39000	3	30001	\N	\N	davidparr1	Parr1	\N	None	userUri			\N	\N	\N	GMT	en_GB	1	20	0	2015-04-10 15:09:24.495587+00	2015-08-05 14:05:40.447412+00
40015	1	40001	\N	\N	emmawoodhouse15	Woodhouse15	\N	None	userUri			\N	\N	\N	GMT	en_GB	1	3	40015	2015-04-25 18:26:38.48081+00	2015-05-06 09:20:55.931117+00
30005	1	30001	\N	\N	billwheeler1	Wheeler1	\N	None	userUri			\N	\N	\N	GMT	en_GB	1	13	30005	2015-04-10 14:20:55.911811+00	2015-05-28 12:36:40.626286+00
40017	1	40001	\N	\N	jamesmcewan17	Mcewan17	\N	None	userUri			\N	\N	\N	GMT	en_GB	1	2	40017	2015-04-25 18:26:38.621548+00	2015-04-30 14:23:20.74979+00
9008	3	101	\N	\N	jonathanpearce4	Pearce4	\N	None	userUri			\N	\N	\N	GMT	en_GB	1	8	0	2015-04-09 00:00:00+00	2015-05-07 09:29:05.12346+00
30004	1	30001	\N	\N	daniellelightfoot4	Lightfoot4	\N	None	userUri			\N	\N	\N	GMT	en_GB	1	3	30001	2015-04-10 14:20:55.863192+00	2015-05-05 16:54:57.575036+00
11	1	10001	\N	\N	user11	password	\N	None	userUri	Richard	Lyttle	17	\N	male	GMT	en_GB	1	155	10001	2011-08-01 00:00:00+00	2015-12-01 15:27:23.738751+00
4	4	101	\N	\N	admin03	password	\N	None	userUri	KianPeng	Yong	19	\N	male	GMT	en_GB	1	23	0	2011-08-01 10:11:00+00	2015-04-26 21:06:09.48896+00
24	1	1000001	\N	\N	testuser8	password	\N	None	userUri	TestFN	testSN	17	\N	male	GMT	en_GB	1	7	10001	2015-03-31 00:00:00+00	2015-04-26 21:06:09.48896+00
26	1	40001	\N	\N	user41	password	\N	None	userUri	Richard	Lyttle	17	\N	male	GMT	en_GB	1	126	40001	2011-08-01 00:00:00+00	2015-05-06 12:12:42.026497+00
1010010	1	1010001	\N	\N	demouser10	Elections10	\N	None	userUri			\N	\N	\N	GMT	en_GB	1	0	1010010	2015-06-02 13:35:26.442115+00	2015-06-02 13:51:39.975405+00
1010009	1	1010001	\N	\N	demouser9	Elections9	\N	None	userUri			\N	\N	\N	GMT	en_GB	1	0	1010009	2015-06-02 13:35:25.475902+00	2015-06-02 13:51:40.054596+00
1010008	1	1010001	\N	\N	demouser8	Elections8	\N	None	userUri			\N	\N	\N	GMT	en_GB	1	0	1010008	2015-06-02 13:35:24.708086+00	2015-06-02 13:51:40.117633+00
1010007	1	1010001	\N	\N	demouser7	Elections7	\N	None	userUri			\N	\N	\N	GMT	en_GB	1	0	1010007	2015-06-02 13:35:23.890432+00	2015-06-02 13:51:40.163998+00
1010006	1	1010001	\N	\N	demouser6	Elections6	\N	None	userUri			\N	\N	\N	GMT	en_GB	1	0	1010006	2015-06-02 13:35:23.085657+00	2015-06-02 13:51:40.212125+00
1010005	1	1010001	\N	\N	demouser5	Elections5	\N	None	userUri			\N	\N	\N	GMT	en_GB	1	0	1010005	2015-06-02 13:35:22.216407+00	2015-06-02 13:51:40.288393+00
1010004	1	1010001	\N	\N	demouser4	Elections4	\N	None	userUri			\N	\N	\N	GMT	en_GB	1	0	1010004	2015-06-02 13:35:21.351913+00	2015-06-02 13:51:40.339388+00
1010003	1	1010001	\N	\N	demouser3	Elections3	\N	None	userUri			\N	\N	\N	GMT	en_GB	1	0	1010003	2015-06-02 13:35:20.480903+00	2015-06-02 13:51:40.389152+00
1010002	1	1010001	\N	\N	demouser2	Elections2	\N	None	userUri			\N	\N	\N	GMT	en_GB	1	0	1010002	2015-06-02 13:35:19.60486+00	2015-06-02 13:51:40.436873+00
15	3	1000001	\N	\N	testadmin1	password	\N	None	userUri	TestFN	testSN	17	\N	male	GMT	en_GB	1	68	0	2015-03-31 00:00:00+00	2016-01-04 04:50:26.238197+00
1010001	1	1010001	\N	\N	demouser1	Elections1	\N	None	userUri			\N	\N	\N	GMT	en_GB	1	9	1010009	2015-06-02 13:35:16.512582+00	2015-08-18 13:56:48.961146+00
1019001	3	1010001	\N	\N	demoadmin1	password	\N	None	userUri			\N	\N	\N	GMT	en_GB	1	18	0	2015-06-02 14:03:23.494719+00	2015-08-18 13:56:54.227891+00
10125	1	10001	\N	\N	alantowns119	Towns119	\N	None	userUri			\N	\N	\N	GMT	en_GB	1	22	10126	2015-04-10 14:53:27.132455+00	2015-05-07 21:02:30.090058+00
10138	1	10001	\N	\N	stephenpirie132	Pirie132	\N	None	userUri			\N	\N	\N	GMT	en_GB	1	4	10138	2015-04-10 14:53:27.607055+00	2015-05-07 09:09:19.458788+00
10134	1	10001	\N	\N	williammichie128	Michie128	\N	None	userUri			\N	\N	\N	GMT	en_GB	1	5	10134	2015-04-10 14:53:27.463695+00	2015-05-07 21:24:30.480328+00
10133	1	10001	\N	\N	kirstyjarman127	Jarman127	\N	None	userUri			\N	\N	\N	GMT	en_GB	1	3	10133	2015-04-10 14:53:27.391975+00	2015-05-07 06:08:11.821345+00
10033	1	10001	\N	\N	angusplumb30	Plumb30	\N	None	userUri			\N	\N	\N	GMT	en_GB	1	12	10035	2015-04-10 14:53:23.810788+00	2015-05-07 20:00:39.984304+00
10127	1	10001	\N	\N	estherwalterson121	Walterson121	\N	None	userUri			\N	\N	\N	GMT	en_GB	1	3	10128	2015-04-10 14:53:27.196309+00	2015-05-07 21:06:53.998071+00
10136	1	10001	\N	\N	kenny luke130	Luke130	\N	None	userUri			\N	\N	\N	GMT	en_GB	1	7	10137	2015-04-10 14:53:27.535948+00	2015-05-07 21:07:32.578851+00
10131	1	10001	\N	\N	charleswalker125	Walker125	\N	None	userUri			\N	\N	\N	GMT	en_GB	1	9	10132	2015-04-10 14:53:27.323694+00	2015-05-07 21:08:20.965294+00
2	3	101	\N	\N	admin01	password	\N	None	userUri	KianPeng	Yong	19	\N	male	GMT	en_GB	1	317	0	2011-08-01 10:11:00+00	2015-07-22 09:15:30.655195+00
9	3	20001	\N	\N	admin21	password	\N	None	userUri	KianPeng	Yong	19	\N	male	GMT	en_GB	1	292	0	2011-08-01 00:00:00+00	2015-11-26 10:35:54.057458+00
10123	1	10001	\N	\N	evelyncurrie117	Currie117	\N	None	userUri			\N	\N	\N	GMT	en_GB	1	3	10123	2015-04-10 14:53:27.065444+00	2015-05-01 13:38:27.087475+00
8	3	10001	\N	\N	admin11	password	\N	None	userUri	KianPeng	Yong	19	\N	male	GMT	en_GB	1	291	0	2011-08-01 00:00:00+00	2015-12-01 15:26:41.309072+00
10113	1	10001	\N	\N	alanwilson108	Wilson108	\N	None	userUri			\N	\N	\N	GMT	en_GB	1	5	10113	2015-04-10 14:53:26.888293+00	2015-05-07 21:13:49.807589+00
49001	3	40001	\N	\N	pennylane2	Lane2	\N	None	userUri			\N	\N	\N	GMT	en_GB	1	0	0	2015-04-25 19:14:27.173916+00	2015-04-27 15:15:46.014809+00
49002	3	40001	\N	\N	richardhawkins3	Hawkins3	\N	None	userUri			\N	\N	\N	GMT	en_GB	1	0	0	2015-04-25 19:14:29.257653+00	2015-04-27 15:15:46.014809+00
40006	1	40001	\N	\N	traceybealey6	Bealey6	\N	None	userUri			\N	\N	\N	GMT	en_GB	1	9	40006	2015-04-25 18:25:56.380933+00	2015-05-06 11:05:16.100462+00
18001	1	10001	\N	\N	grahamshand9n	Shand9	\N	None	userUri			\N	\N	\N	GMT	en_GB	1	15	10020	2015-04-10 00:00:00+00	2015-05-07 21:14:46.751521+00
40005	1	40001	\N	\N	angelaatkinson5	Atkinson5	\N	None	userUri			\N	\N	\N	GMT	en_GB	1	6	40005	2015-04-25 18:25:56.313922+00	2015-05-07 07:00:41.603+00
49000	3	40001	\N	\N	alisonmalkin1	Malkin1	\N	None	userUri			\N	\N	\N	GMT	en_GB	1	9	0	2015-04-25 19:14:13.729201+00	2015-05-07 10:37:37.456972+00
40002	1	40001	\N	\N	robertbrown2	Brown2	\N	None	userUri			\N	\N	\N	GMT	en_GB	1	6	40002	2015-04-25 18:25:56.11516+00	2015-05-06 12:27:49.746186+00
18002	1	10001	\N	\N	kennethmacleod5n	Macleod5	\N	None	userUri			\N	\N	\N	GMT	en_GB	1	42	10008	2015-04-10 00:00:00+00	2015-08-27 08:55:06.087132+00
40001	1	40001	\N	\N	judithrayman1	Rayman1	\N	None	userUri			\N	\N	\N	GMT	en_GB	1	15	40001	2015-04-25 18:25:56.001373+00	2015-05-13 15:57:57.629762+00
40003	1	40001	\N	\N	rayanstis3	Anstis3	\N	None	userUri			\N	\N	\N	GMT	en_GB	1	3	40003	2015-04-25 18:25:56.180792+00	2015-05-06 12:30:05.850737+00
30006	1	30001	\N	\N	stevengarnett2	Garnett2	\N	None	userUri			\N	\N	\N	GMT	en_GB	1	5	30005	2015-04-10 14:20:55.962151+00	2015-05-05 16:56:16.052223+00
18003	1	10001	\N	\N	kennethmacleod5s	Macleod5	\N	None	userUri			\N	\N	\N	GMT	en_GB	1	33	10007	2015-04-10 00:00:00+00	2015-05-07 21:19:02.987911+00
10142	1	10001	\N	\N	kimmenzies136	Menzies136	\N	None	userUri			\N	\N	\N	GMT	en_GB	1	7	10142	2015-04-10 14:53:27.678937+00	2015-05-07 21:20:05.070297+00
40004	1	40001	\N	\N	claregarland4	Garland4	\N	None	userUri			\N	\N	\N	GMT	en_GB	1	5	40004	2015-04-25 18:25:56.250342+00	2015-05-06 12:30:30.568961+00
9000	3	101	\N	\N	martyn.Sargeant@wolverhampton.gov.uk	Sargeant4	\N	None	userUri			\N	\N	\N	GMT	en_GB	1	9	0	2015-04-09 08:49:37.488923+00	2015-05-01 14:43:03.584236+00
10097	1	10001	\N	\N	ronniefisher92	Fisher92	\N	None	userUri			\N	\N	\N	GMT	en_GB	1	7	10097	2015-04-10 14:53:26.124029+00	2015-05-07 05:52:21.839261+00
10053	1	10001	\N	\N	louisehough50	Hough50	\N	None	userUri			\N	\N	\N	GMT	en_GB	1	5	10053	2015-04-10 14:53:24.559903+00	2015-05-07 21:15:22.329642+00
19000	3	10001	\N	\N	davidgow1	Gow1	\N	None	userUri			\N	\N	\N	GMT	en_GB	1	72	0	2015-04-10 14:49:38.880658+00	2015-12-18 12:34:58.860594+00
20008	1	20001	\N	\N	allisonleitch8	Elections8	\N	None	userUri			\N	\N	\N	GMT	en_GB	1	5	20008	2015-04-09 15:45:55.97683+00	2015-05-07 09:03:39.114976+00
40009	1	40001	\N	\N	andreaharrold9	Harrold9	\N	None	userUri			\N	\N	\N	GMT	en_GB	1	5	40009	2015-04-25 18:26:38.07493+00	2015-05-07 19:03:45.291907+00
20003	1	20001	\N	\N	janiestewart3	Elections3	\N	None	userUri			\N	\N	\N	GMT	en_GB	1	6	20003	2015-04-09 15:45:51.440749+00	2015-05-06 20:57:57.543762+00
18000	1	10001	\N	\N	grahamshand9s	Shand9	\N	None	userUri			\N	\N	\N	GMT	en_GB	1	16	10017	2015-04-10 00:00:00+00	2015-05-07 21:06:23.800434+00
10087	1	10001	\N	\N	robertmorrison84	Morrison84	\N	None	userUri			\N	\N	\N	GMT	en_GB	1	5	10087	2015-04-10 14:53:25.85517+00	2015-05-07 13:38:21.585169+00
10005	1	10001	\N	\N	karenmcdonald4	McDonald4	\N	None	userUri			\N	\N	\N	GMT	en_GB	1	6	10006	2015-04-10 14:53:22.726631+00	2015-05-07 21:02:05.438059+00
29001	3	20001	\N	\N	juliemcgarry2	McGarry2	\N	None	userUri			\N	\N	\N	GMT	en_GB	1	16	0	2015-04-10 14:41:52.404683+00	2015-10-08 10:16:03.166652+00
10015	1	10001	\N	\N	claireburt8	Burt8	\N	None	userUri			\N	\N	\N	GMT	en_GB	1	8	10015	2015-04-10 14:53:23.165962+00	2015-05-07 21:07:05.036906+00
29003	3	20001	\N	\N	fionamcmutrie4	McMutrie4	\N	None	userUri			\N	\N	\N	GMT	en_GB	1	22	0	2015-04-10 14:41:54.928252+00	2015-05-07 20:43:49.633331+00
10023	1	10001	\N	\N	margaretgray11	Gray11	\N	None	userUri			\N	\N	\N	GMT	en_GB	1	13	10023	2015-04-10 14:53:23.401926+00	2015-05-07 05:35:50.654921+00
20005	1	20001	\N	\N	elizabethoneill5	Elections5	\N	None	userUri			\N	\N	\N	GMT	en_GB	1	6	20005	2015-04-09 15:45:53.288578+00	2015-05-07 04:24:52.733973+00
10041	1	10001	\N	\N	alanbuck38	Buck38	\N	None	userUri			\N	\N	\N	GMT	en_GB	1	15	10043	2015-04-10 14:53:24.05717+00	2015-05-07 21:27:47.073251+00
10025	1	10001	\N	\N	sarahmacaskill12	Macaskill12	\N	None	userUri			\N	\N	\N	GMT	en_GB	1	7	10027	2015-04-10 14:53:23.490282+00	2015-05-07 21:17:13.810319+00
10002	1	10001	\N	\N	stirlinggow2	Gow2	\N	None	userUri			\N	\N	\N	GMT	en_GB	1	53	10002	2015-04-10 14:53:22.546671+00	2015-05-12 09:34:59.956486+00
10045	1	10001	\N	\N	irenepace42	Pace42	\N	None	userUri			\N	\N	\N	GMT	en_GB	1	18	10045	2015-04-10 14:53:24.221641+00	2015-05-07 21:27:52.681568+00
19001	3	10001	\N	\N	stevendongworth2	Dongworth2	\N	None	userUri			\N	\N	\N	GMT	en_GB	1	23	0	2015-04-10 14:49:40.50459+00	2015-05-14 08:54:37.040207+00
10098	1	10001	\N	\N	valerierae93	Rae93	\N	None	userUri			\N	\N	\N	GMT	en_GB	1	18	10099	2015-04-10 14:53:26.212298+00	2015-05-07 21:05:35.43543+00
10083	1	10001	\N	\N	iansutherland80	Sutherland80	\N	None	userUri			\N	\N	\N	GMT	en_GB	1	10	10083	2015-04-10 14:53:25.681622+00	2015-05-07 21:14:54.778897+00
10066	1	10001	\N	\N	moragbarclay63	Barclay63	\N	None	userUri			\N	\N	\N	GMT	en_GB	1	6	10066	2015-04-10 14:53:25.044004+00	2015-05-07 21:13:33.70602+00
10036	1	10001	\N	\N	sharonrobb33	Robb33	\N	None	userUri			\N	\N	\N	GMT	en_GB	1	7	10037	2015-04-10 14:53:23.893489+00	2015-05-07 21:01:00.452799+00
10062	1	10001	\N	\N	davidwilson59	Wilson59	\N	None	userUri			\N	\N	\N	GMT	en_GB	1	7	10063	2015-04-10 14:53:24.956024+00	2015-05-07 21:05:55.678273+00
10085	1	10001	\N	\N	susancaroline82	Caroline82	\N	None	userUri			\N	\N	\N	GMT	en_GB	1	4	10086	2015-04-10 14:53:25.769866+00	2015-05-07 21:07:32.010835+00
19002	3	10001	\N	\N	crawfordlangley3	Langley3	\N	None	userUri			\N	\N	\N	GMT	en_GB	1	8	0	2015-04-10 14:49:42.084483+00	2015-05-07 14:34:57.449134+00
10030	1	10001	\N	\N	michelletosh27	Tosh27	\N	None	userUri			\N	\N	\N	GMT	en_GB	1	9	10030	2015-04-10 14:53:23.647523+00	2015-05-07 05:37:59.866728+00
20009	1	20001	\N	\N	lisamacmillan9	Elections9	\N	None	userUri			\N	\N	\N	GMT	en_GB	1	5	20009	2015-04-09 15:45:56.744124+00	2015-05-07 05:59:55.490617+00
10100	1	10001	\N	\N	alanbarclay95	Barclay95	\N	None	userUri			\N	\N	\N	GMT	en_GB	1	3	10100	2015-04-10 14:53:26.288563+00	2015-05-07 21:12:25.44776+00
40007	1	40001	\N	\N	joanrees7	Rees7	\N	None	userUri			\N	\N	\N	GMT	en_GB	1	6	40007	2015-04-25 18:25:56.446829+00	2015-05-05 17:11:31.776756+00
10074	1	10001	\N	\N	helenelliot71	Elliot71	\N	None	userUri			\N	\N	\N	GMT	en_GB	1	5	10074	2015-04-10 14:53:25.282267+00	2015-05-07 11:01:13.076602+00
10059	1	10001	\N	\N	martinduguid56	Duguid56	\N	None	userUri			\N	\N	\N	GMT	en_GB	1	4	10059	2015-04-10 14:53:24.789112+00	2015-05-07 21:09:03.841338+00
10044	1	10001	\N	\N	sinclairlaing41	Laing41	\N	None	userUri			\N	\N	\N	GMT	en_GB	1	4	10044	2015-04-10 14:53:24.140305+00	2015-05-07 05:20:53.226078+00
10061	1	10001	\N	\N	petertwine58	Twine58	\N	None	userUri			\N	\N	\N	GMT	en_GB	1	4	10061	2015-04-10 14:53:24.873776+00	2015-05-07 19:38:08.887652+00
10072	1	10001	\N	\N	alastaircondie69	Condie69	\N	None	userUri			\N	\N	\N	GMT	en_GB	1	4	10073	2015-04-10 14:53:25.211999+00	2015-05-07 21:23:38.066542+00
10028	1	10001	\N	\N	kathleenhoy13	Hoy13	\N	None	userUri			\N	\N	\N	GMT	en_GB	1	8	10029	2015-04-10 14:53:23.568017+00	2015-05-07 21:03:55.584497+00
25	3	40001	\N	\N	admin41	password	\N	None	userUri	KianPeng	Yong	19	\N	male	GMT	en_GB	1	68	0	2011-08-01 00:00:00+00	2015-09-16 10:05:30.770932+00
10077	1	10001	\N	\N	joannamcrae74	McRae74	\N	None	userUri			\N	\N	\N	GMT	en_GB	1	11	10078	2015-04-10 14:53:25.435783+00	2015-05-07 21:05:59.058421+00
10013	1	10001	\N	\N	edwardthomas7	Thomas7	\N	None	userUri			\N	\N	\N	GMT	en_GB	1	9	10014	2015-04-10 14:53:23.052877+00	2015-05-07 21:04:57.281714+00
10021	1	10001	\N	\N	doreenmcdonald10	McDonald10	\N	None	userUri			\N	\N	\N	GMT	en_GB	1	6	10022	2015-04-10 14:53:23.317861+00	2015-05-07 21:07:33.438586+00
10082	1	10001	\N	\N	nealmurray79	Murray79	\N	None	userUri			\N	\N	\N	GMT	en_GB	1	4	10082	2015-04-10 14:53:25.599785+00	2015-05-07 05:59:43.232455+00
29002	3	20001	\N	\N	christinebaillie3	Baillie3	\N	None	userUri			\N	\N	\N	GMT	en_GB	1	17	0	2015-04-10 14:41:53.692678+00	2015-05-07 13:02:17.450494+00
40010	1	40001	\N	\N	lisawatson10	Watson10	\N	None	userUri			\N	\N	\N	GMT	en_GB	1	6	40010	2015-04-25 18:26:38.141939+00	2015-05-06 12:02:35.658909+00
10110	1	10001	\N	\N	lesleystrachan105	Strachan105	\N	None	userUri			\N	\N	\N	GMT	en_GB	1	3	10110	2015-04-10 14:53:26.705039+00	2015-05-07 05:28:51.985043+00
10107	1	10001	\N	\N	louisebeaton102	Beaton102	\N	None	userUri			\N	\N	\N	GMT	en_GB	1	10	10109	2015-04-10 14:53:26.582602+00	2015-05-07 21:14:57.522013+00
10075	1	10001	\N	\N	derekbeverley72	Beverley72	\N	None	userUri			\N	\N	\N	GMT	en_GB	1	4	10076	2015-04-10 14:53:25.358163+00	2015-05-07 21:15:11.427535+00
20002	1	20001	\N	\N	annewilks2	Elections2	\N	None	userUri			\N	\N	\N	GMT	en_GB	1	20	20002	2015-04-09 15:45:50.516945+00	2015-09-29 11:36:55.678136+00
10068	1	10001	\N	\N	christinewilson65	Wilson65	\N	None	userUri			\N	\N	\N	GMT	en_GB	1	27	10068	2015-04-10 14:53:25.13963+00	2015-05-07 21:10:53.978328+00
10038	1	10001	\N	\N	shelaghjohnstone35	Johnstone35	\N	None	userUri			\N	\N	\N	GMT	en_GB	1	5	10040	2015-04-10 14:53:23.978698+00	2015-05-07 21:12:27.010155+00
10055	1	10001	\N	\N	grahamstubbins52	Stubbins52	\N	None	userUri			\N	\N	\N	GMT	en_GB	1	6	10057	2015-04-10 14:53:24.638669+00	2015-05-07 21:18:35.756045+00
17	1	1000001	\N	\N	testuser3	password	\N	None	userUri	TestFN	testSN	17	\N	male	GMT	en_GB	1	57	1000003	2015-03-31 00:00:00+00	2015-05-05 09:50:22.494047+00
9001	3	101	\N	\N	david.garner@wolverhampton.gov.uk	Garner1	\N	None	userUri			\N	\N	\N	GMT	en_GB	1	0	0	2015-04-09 08:50:25.686595+00	2015-04-26 21:06:09.48896+00
9002	3	101	\N	\N	adam.hadley@wolverhampton.gov.uk	Hadley2	\N	None	userUri			\N	\N	\N	GMT	en_GB	1	0	0	2015-04-09 08:50:25.774458+00	2015-04-26 21:06:09.48896+00
9003	3	101	\N	\N	Jonathan.Pearce@wolverhampton.gov.uk	Pearce5	\N	None	userUri			\N	\N	\N	GMT	en_GB	1	0	0	2015-04-09 08:50:25.825874+00	2015-04-26 21:06:09.48896+00
9004	3	101	\N	\N	jayne.Holloway@wolverhampton.gov.uk	Holloway3	\N	None	userUri			\N	\N	\N	GMT	en_GB	1	0	0	2015-04-09 08:50:25.872951+00	2015-04-26 21:06:09.48896+00
18	1	1000001	\N	\N	testuser4	password	\N	None	userUri	TestFN	testSN	17	\N	male	GMT	en_GB	1	14	1000004	2015-03-31 00:00:00+00	2015-04-26 21:06:09.48896+00
19	1	1000001	\N	\N	testuser5	password	\N	None	userUri	TestFN	testSN	17	\N	male	GMT	en_GB	1	14	1000005	2015-03-31 00:00:00+00	2015-04-26 21:06:09.48896+00
29000	4	20001	\N	\N	fionalees1	Lees1	\N	None	userUri			\N	\N	\N	GMT	en_GB	1	11	0	2015-04-10 14:41:50.957784+00	2015-04-26 21:06:09.48896+00
22	2	10001	\N	\N	admin12	password	\N	None	userUri	TestFN	testSN	17	\N	male	GMT	en_GB	1	3	0	2015-03-31 00:00:00+00	2015-04-26 21:06:09.48896+00
10	3	30001	\N	\N	admin31	password	\N	None	userUri	KianPeng	Yong	19	\N	male	GMT	en_GB	1	271	0	2011-08-01 00:00:00+00	2015-09-16 10:05:21.457859+00
108	1	101	\N	\N	natalieshirley8	Shirley8	\N	None	userUri			\N	\N	\N	GMT	en_GB	1	7	108	2015-04-10 14:09:02.963835+00	2015-05-07 05:58:35.967662+00
10105	1	10001	\N	\N	martinmurchie100	Murchie100	\N	None	userUri			\N	\N	\N	GMT	en_GB	1	3	10106	2015-04-10 14:53:26.445193+00	2015-05-07 21:07:34.182606+00
139	1	101	\N	\N	fionassmith39	Smith39	\N	None	userUri			\N	\N	\N	GMT	en_GB	1	9	139	2015-04-10 14:09:04.547061+00	2015-05-07 05:48:37.461946+00
10011	1	10001	\N	\N	johnpurcell6	Purcell6	\N	None	userUri			\N	\N	\N	GMT	en_GB	1	7	10012	2015-04-10 14:53:22.903163+00	2015-05-07 21:08:26.673261+00
10047	1	10001	\N	\N	jacquelinegordon44	Gordon44	\N	None	userUri			\N	\N	\N	GMT	en_GB	1	6	10047	2015-04-10 14:53:24.306854+00	2015-05-07 21:08:40.276007+00
109	1	101	\N	\N	nicholascbeavan9	Beavan9	\N	None	userUri			\N	\N	\N	GMT	en_GB	1	8	109	2015-04-10 14:09:03.013061+00	2015-05-07 13:22:33.82049+00
10117	1	10001	\N	\N	alicemutch112	Mutch112	\N	None	userUri			\N	\N	\N	GMT	en_GB	1	5	10117	2015-04-10 14:53:26.946416+00	2015-05-07 05:32:53.468821+00
143	1	101	\N	\N	stephenlaw43	Law43	\N	None	userUri			\N	\N	\N	GMT	en_GB	1	5	143	2015-04-10 14:09:04.840355+00	2015-05-07 06:22:40.558263+00
146	1	101	\N	\N	davidwhumphries46	Humphries46	\N	None	userUri			\N	\N	\N	GMT	en_GB	1	6	0	2015-04-10 14:09:04.987576+00	2015-05-07 17:35:25.18269+00
140	1	101	\N	\N	susandchatham40	Chatham40	\N	None	userUri			\N	\N	\N	GMT	en_GB	1	5	140	2015-04-10 14:09:04.643844+00	2015-05-06 19:07:06.156379+00
10052	1	10001	\N	\N	sheenadavidson49	Davidson49	\N	None	userUri			\N	\N	\N	GMT	en_GB	1	4	10052	2015-04-10 14:53:24.478188+00	2015-05-07 06:22:07.693321+00
20001	1	20001	\N	\N	markhunter1	Elections1	\N	None	userUri			\N	\N	\N	GMT	en_GB	1	81	20001	2015-04-09 15:45:49.257854+00	2015-11-26 10:55:21.363652+00
21	1	1000001	\N	\N	testuser7	password	\N	None	userUri	TestFN	testSN	17	\N	male	GMT	en_GB	1	15	1000007	2015-03-31 00:00:00+00	2015-05-05 10:12:57.86528+00
142	1	101	\N	\N	caroleannevans42	Evans42	\N	None	userUri			\N	\N	\N	GMT	en_GB	1	5	142	2015-04-10 14:09:04.787354+00	2015-05-06 14:45:46.966993+00
20007	1	20001	\N	\N	angelawatson7	Elections7	\N	None	userUri			\N	\N	\N	GMT	en_GB	1	7	20007	2015-04-09 15:45:55.09258+00	2015-11-16 16:56:15.900394+00
20	1	1000001	\N	\N	testuser6	password	\N	None	userUri	TestFN	testSN	17	\N	male	GMT	en_GB	1	12	1000006	2015-03-31 00:00:00+00	2015-05-05 10:11:41.15408+00
20010	1	20001	\N	\N	carolynmcewan10	Elections10	\N	None	userUri			\N	\N	\N	GMT	en_GB	1	5	20010	2015-04-09 15:45:57.545611+00	2015-05-07 05:46:16.245986+00
10058	1	10001	\N	\N	lindamason55	Mason55	\N	None	userUri			\N	\N	\N	GMT	en_GB	1	4	10058	2015-04-10 14:53:24.71514+00	2015-05-07 05:12:16.562685+00
10024	1	10001	\N	\N	helendavidson1	Davidson1	\N	None	userUri			\N	\N	\N	GMT	en_GB	1	21	10024	2015-04-10 00:00:00+00	2015-12-09 15:19:24.006219+00
10080	1	10001	\N	\N	briandow77	Dow77	\N	None	userUri			\N	\N	\N	GMT	en_GB	1	7	10081	2015-04-10 14:53:25.517045+00	2015-05-07 21:03:16.354433+00
145	1	101	\N	\N	martharcummings45	Cummings45	\N	None	userUri			\N	\N	\N	GMT	en_GB	1	4	145	2015-04-10 14:09:04.936827+00	2015-05-07 06:07:10.752596+00
106	1	101	\N	\N	malkitssahota6	Sahota6	\N	None	userUri			\N	\N	\N	GMT	en_GB	1	8	106	2015-04-10 14:09:02.867697+00	2015-05-07 10:24:50.439269+00
10129	1	10001	\N	\N	lynnhealey123	Healey123	\N	None	userUri			\N	\N	\N	GMT	en_GB	1	3	10130	2015-04-10 14:53:27.262091+00	2015-05-07 21:04:39.749255+00
141	1	101	\N	\N	michellecaddick41	Caddick41	\N	None	userUri			\N	\N	\N	GMT	en_GB	1	5	141	2015-04-10 14:09:04.735098+00	2015-05-07 06:12:53.797552+00
105	1	101	\N	\N	harishpatel5	Patel5	\N	None	userUri			\N	\N	\N	GMT	en_GB	1	7	105	2015-04-10 14:09:02.811787+00	2015-05-07 05:36:18.242351+00
20006	1	20001	\N	\N	michaelrichards6	Elections6	\N	None	userUri			\N	\N	\N	GMT	en_GB	1	7	20006	2015-04-09 15:45:54.173366+00	2015-05-07 20:07:45.960357+00
10112	1	10001	\N	\N	jillforbes107	Forbes107	\N	None	userUri			\N	\N	\N	GMT	en_GB	1	6	10112	2015-04-10 14:53:26.794947+00	2015-05-07 08:21:59.965643+00
110	1	101	\N	\N	adriandsargent10	Sargent10	\N	None	userUri			\N	\N	\N	GMT	en_GB	1	8	110	2015-04-10 14:09:03.066525+00	2015-05-07 19:56:37.111819+00
104	1	101	\N	\N	joannemharding4	Harding4	\N	None	userUri			\N	\N	\N	GMT	en_GB	1	13	104	2015-04-10 14:09:02.760301+00	2015-05-07 05:53:47.917887+00
10050	1	10001	\N	\N	patriciabrown47	Brown47	\N	None	userUri			\N	\N	\N	GMT	en_GB	1	5	10051	2015-04-10 14:53:24.388886+00	2015-05-07 21:10:02.079587+00
10001	1	10001	\N	\N	carolforbes1	Forbes1	\N	None	userUri			\N	\N	\N	GMT	en_GB	1	39	10001	2015-04-10 14:53:22.424575+00	2015-11-25 14:38:48.799767+00
10031	1	10001	\N	\N	kerrythorneycroft28	Thorneycroft28	\N	None	userUri			\N	\N	\N	GMT	en_GB	1	5	10031	2015-04-10 14:53:23.731942+00	2015-05-07 21:16:07.276255+00
20004	1	20001	\N	\N	kierancollins4	Elections4	\N	None	userUri			\N	\N	\N	GMT	en_GB	1	6	20004	2015-04-09 15:45:52.318629+00	2015-05-07 05:40:55.715126+00
107	1	101	\N	\N	rosemarieawollam7	Wollam7	\N	None	userUri			\N	\N	\N	GMT	en_GB	1	5	107	2015-04-10 14:09:02.914064+00	2015-05-07 06:13:41.265587+00
23	4	1000001	\N	\N	testadmin3	password	\N	None	userUri	TestFN	testSN	17	\N	male	GMT	en_GB	1	3	0	2015-03-31 00:00:00+00	2015-08-19 09:28:49.754936+00
10102	1	10001	\N	\N	stuartreid97	Reid97	\N	None	userUri			\N	\N	\N	GMT	en_GB	1	4	10104	2015-04-10 14:53:26.365525+00	2015-05-07 21:10:02.982615+00
10004	1	10001	\N	\N	sandrabruce3	Bruce3	\N	None	userUri			\N	\N	\N	GMT	en_GB	1	7	10004	2015-04-10 14:53:22.637413+00	2015-05-07 06:00:28.541175+00
144	1	101	\N	\N	rachelcmeese44	Meese44	\N	None	userUri			\N	\N	\N	GMT	en_GB	1	7	144	2015-04-10 14:09:04.887742+00	2015-05-07 06:36:39.260014+00
16	1	1000001	\N	\N	testuser2	password	\N	None	userUri	TestFN	testSN	17	\N	male	GMT	en_GB	1	25	1010010	2015-03-31 00:00:00+00	2015-07-22 13:44:15.691089+00
114	1	101	\N	\N	janetelee14	Lee14	\N	None	userUri			\N	\N	\N	GMT	en_GB	1	17	114	2015-04-10 14:09:03.272935+00	2015-05-07 05:41:42.047549+00
111	1	101	\N	\N	margaretawebb11	Webb11	\N	None	userUri			\N	\N	\N	GMT	en_GB	1	6	111	2015-04-10 14:09:03.120265+00	2015-05-07 05:50:33.299785+00
102	1	101	\N	\N	amarjitkgill2	Gill2	\N	None	userUri			\N	\N	\N	GMT	en_GB	1	12	102	2015-04-10 14:09:02.64908+00	2015-11-25 10:10:18.860756+00
101	1	101	\N	\N	jagtarsingh1	Singh1	\N	None	userUri			\N	\N	\N	GMT	en_GB	1	32	101	2015-04-10 14:09:02.553928+00	2015-11-25 10:11:10.059355+00
119	1	101	\N	\N	terencejmartin19	Martin19	\N	None	userUri			\N	\N	\N	GMT	en_GB	1	3	119	2015-04-10 14:09:03.532045+00	2015-05-05 15:47:48.415729+00
113	1	101	\N	\N	davidwebb13	Webb13	\N	None	userUri			\N	\N	\N	GMT	en_GB	1	6	113	2015-04-10 14:09:03.220071+00	2015-05-07 05:52:49.976158+00
121	1	101	\N	\N	rebeccashodister21	Hodister21	\N	None	userUri			\N	\N	\N	GMT	en_GB	1	4	121	2015-04-10 14:09:03.63756+00	2015-05-05 16:38:30.883918+00
115	1	101	\N	\N	ajaysaini15	Saini15	\N	None	userUri			\N	\N	\N	GMT	en_GB	1	11	115	2015-04-10 14:09:03.321273+00	2015-05-07 20:00:35.179766+00
103	1	101	\N	\N	elainekjones3	Jones3	\N	None	userUri			\N	\N	\N	GMT	en_GB	1	15	103	2015-04-10 14:09:02.697304+00	2015-05-07 07:13:26.703351+00
117	1	101	\N	\N	michaeljkilvington17	Kilvington17	\N	None	userUri			\N	\N	\N	GMT	en_GB	1	6	117	2015-04-10 14:09:03.420306+00	2015-05-05 17:04:03.909914+00
116	1	101	\N	\N	brucemkirk16	Kirk16	\N	None	userUri			\N	\N	\N	GMT	en_GB	1	5	116	2015-04-10 14:09:03.371687+00	2015-05-07 11:54:32.699593+00
120	1	101	\N	\N	sharontfitzgerald20	Fitzgerald20	\N	None	userUri			\N	\N	\N	GMT	en_GB	1	8	120	2015-04-10 14:09:03.584961+00	2015-05-07 07:57:47.371856+00
112	1	101	\N	\N	richarddplumb12	Plumb12	\N	None	userUri			\N	\N	\N	GMT	en_GB	1	6	112	2015-04-10 14:09:03.170922+00	2015-05-07 06:00:50.442245+00
18007	1	10001	\N	\N	sharonwren90n	Wren90	\N	None	userUri			\N	\N	\N	GMT	en_GB	1	14	10094	2015-04-10 00:00:00+00	2015-05-07 20:54:41.919376+00
18006	1	10001	\N	\N	sharonwren90s	Wren90	\N	None	userUri			\N	\N	\N	GMT	en_GB	1	18	10096	2015-04-10 00:00:00+00	2015-05-07 21:00:23.332768+00
18004	1	10001	\N	\N	brucestrachan88n	Strachan88	\N	None	userUri			\N	\N	\N	GMT	en_GB	1	11	10091	2015-04-10 00:00:00+00	2015-05-07 21:05:43.526592+00
118	1	101	\N	\N	briangough18	Gough18	\N	None	userUri			\N	\N	\N	GMT	en_GB	1	4	118	2015-04-10 14:09:03.469844+00	2015-05-07 06:09:57.299593+00
18008	1	10001	\N	\N	paulconnolly113n	Connolly113	\N	None	userUri			\N	\N	\N	GMT	en_GB	1	9	10118	2015-04-10 00:00:00+00	2015-05-07 21:10:40.654346+00
18005	1	10001	\N	\N	brucestrachan88s	Strachan88	\N	None	userUri			\N	\N	\N	GMT	en_GB	1	9	10092	2015-04-10 00:00:00+00	2015-05-07 21:17:13.874033+00
18009	1	10001	\N	\N	paulconnolly113s	Connolly113	\N	None	userUri			\N	\N	\N	GMT	en_GB	1	13	10121	2015-04-10 00:00:00+00	2015-05-07 21:25:02.117211+00
129	1	101	\N	\N	stephenjlathbury29	Lathbury29	\N	None	userUri			\N	\N	\N	GMT	en_GB	1	4	129	2015-04-10 14:09:04.034769+00	2015-05-07 06:48:36.54946+00
134	1	101	\N	\N	jagjitsingh34	Singh34	\N	None	userUri			\N	\N	\N	GMT	en_GB	1	8	134	2015-04-10 14:09:04.299326+00	2015-05-07 13:04:48.394559+00
125	1	101	\N	\N	jonathanplathbury25	Lathbury25	\N	None	userUri			\N	\N	\N	GMT	en_GB	1	4	125	2015-04-10 14:09:03.834021+00	2015-05-07 06:49:11.215849+00
133	1	101	\N	\N	rogeredwards33	Edwards33	\N	None	userUri			\N	\N	\N	GMT	en_GB	1	10	133	2015-04-10 14:09:04.250209+00	2015-05-05 09:17:20.684492+00
131	1	101	\N	\N	jacquelineblackwood31	Blackwood31	\N	None	userUri			\N	\N	\N	GMT	en_GB	1	3	131	2015-04-10 14:09:04.148876+00	2015-05-06 21:09:18.367503+00
122	1	101	\N	\N	sarahedwards22	Edwards22	\N	None	userUri			\N	\N	\N	GMT	en_GB	1	12	122	2015-04-10 14:09:03.684292+00	2015-05-07 13:25:28.765114+00
126	1	101	\N	\N	malcolmrhayward26	Hayward26	\N	None	userUri			\N	\N	\N	GMT	en_GB	1	8	126	2015-04-10 14:09:03.884999+00	2015-05-07 14:00:26.236918+00
148	1	101	\N	\N	karenaplimmer48	Plimmer48	\N	None	userUri			\N	\N	\N	GMT	en_GB	1	11	148	2015-04-10 14:09:05.084974+00	2015-05-07 16:05:09.795717+00
130	1	101	\N	\N	stephenjplumb30	Plumb30	\N	None	userUri			\N	\N	\N	GMT	en_GB	1	4	130	2015-04-10 14:09:04.097853+00	2015-05-07 07:12:34.703578+00
135	1	101	\N	\N	ragbirssahota35	Sahota35	\N	None	userUri			\N	\N	\N	GMT	en_GB	1	6	135	2015-04-10 14:09:04.350855+00	2015-05-07 05:51:43.1243+00
137	1	101	\N	\N	davidcravenscroft37	Ravenscroft37	\N	None	userUri			\N	\N	\N	GMT	en_GB	1	5	137	2015-04-10 14:09:04.450152+00	2015-05-07 20:01:53.852181+00
138	1	101	\N	\N	ritaapatel38	Patel38	\N	None	userUri			\N	\N	\N	GMT	en_GB	1	6	138	2015-04-10 14:09:04.498155+00	2015-05-07 08:18:57.348485+00
123	1	101	\N	\N	lesliecjlavender23	Lavender23	\N	None	userUri			\N	\N	\N	GMT	en_GB	1	3	123	2015-04-10 14:09:03.734452+00	2015-05-07 05:59:04.16109+00
132	1	101	\N	\N	amandajchilds32	Childs32	\N	None	userUri			\N	\N	\N	GMT	en_GB	1	6	132	2015-04-10 14:09:04.200486+00	2015-05-05 22:26:45.131649+00
150	1	101	\N	\N	francishdavis50	Davis50	\N	None	userUri			\N	\N	\N	GMT	en_GB	1	7	150	2015-04-10 14:09:05.185356+00	2015-05-07 06:02:38.450777+00
149	1	101	\N	\N	paullever49	Lever49	\N	None	userUri			\N	\N	\N	GMT	en_GB	1	6	149	2015-04-10 14:09:05.136584+00	2015-05-07 06:07:43.2392+00
147	1	101	\N	\N	nicolaworthington47	Worthington47	\N	None	userUri			\N	\N	\N	GMT	en_GB	1	5	147	2015-04-10 14:09:05.0382+00	2015-05-07 06:11:19.296543+00
136	1	101	\N	\N	robertjsimmons36	Simmons36	\N	None	userUri			\N	\N	\N	GMT	en_GB	1	4	136	2015-04-10 14:09:04.399869+00	2015-05-07 11:42:10.031788+00
124	1	101	\N	\N	elizabethpentecost24	Pentecost24	\N	None	userUri			\N	\N	\N	GMT	en_GB	1	4	124	2015-04-10 14:09:03.785937+00	2015-05-07 06:14:37.614882+00
127	1	101	\N	\N	davidahughes27	Hughes27	\N	None	userUri			\N	\N	\N	GMT	en_GB	1	7	127	2015-04-10 14:09:03.934452+00	2015-05-07 06:14:58.315358+00
128	1	101	\N	\N	clairewardroper28	Wardroper28	\N	None	userUri			\N	\N	\N	GMT	en_GB	1	4	128	2015-04-10 14:09:03.985364+00	2015-05-07 06:15:44.93503+00
152	1	101	\N	\N	tracyageraghty52	Geraghty52	\N	None	userUri			\N	\N	\N	GMT	en_GB	1	13	152	2015-04-10 14:09:05.285583+00	2015-05-07 06:17:37.450727+00
151	1	101	\N	\N	annmherbert51	Herbert51	\N	None	userUri			\N	\N	\N	GMT	en_GB	1	6	151	2015-04-10 14:09:05.237991+00	2015-05-07 06:22:43.969792+00
\.


--
-- Data for Name: ward; Type: TABLE DATA; Schema: slammer; Owner: slammer
--

COPY "ward" ("id", "name", "council_id", "status") FROM stdin;
0	NA	0	1
10001	Aberdeen North	10001	1
10002	Aberdeen South	10001	1
20001	Kilmarnock and Loudoun	20001	1
101	Wolverhampton South West	101	1
30001	Birchfield	30001	1
1000001	Test Ward	1000001	1
40001	DUDLEY NORTH/CASTLE & PRIORY	40001	1
40013	DUDLEY NORTH/ST JAMES'S	40001	1
1010001	Northside Constituency	1010001	1
1010005	Southside Constituency	1010001	1
\.


--
-- Name: ward_id_seq; Type: SEQUENCE SET; Schema: slammer; Owner: slammer
--

SELECT pg_catalog.setval('"ward_id_seq"', 5, true);


--
-- Name: council_pkey; Type: CONSTRAINT; Schema: slammer; Owner: slammer; Tablespace: 
--

ALTER TABLE ONLY "council"
    ADD CONSTRAINT "council_pkey" PRIMARY KEY ("id");


--
-- Name: issue_list_pkey; Type: CONSTRAINT; Schema: slammer; Owner: slammer; Tablespace: 
--

ALTER TABLE ONLY "issue_list"
    ADD CONSTRAINT "issue_list_pkey" PRIMARY KEY ("id");


--
-- Name: issues_pkey; Type: CONSTRAINT; Schema: slammer; Owner: slammer; Tablespace: 
--

ALTER TABLE ONLY "issues"
    ADD CONSTRAINT "issues_pkey" PRIMARY KEY ("id");


--
-- Name: notifications_pkey; Type: CONSTRAINT; Schema: slammer; Owner: slammer; Tablespace: 
--

ALTER TABLE ONLY "notifications"
    ADD CONSTRAINT "notifications_pkey" PRIMARY KEY ("id");


--
-- Name: notifications_received_pkey; Type: CONSTRAINT; Schema: slammer; Owner: slammer; Tablespace: 
--

ALTER TABLE ONLY "notifications_received"
    ADD CONSTRAINT "notifications_received_pkey" PRIMARY KEY ("id");


--
-- Name: polling_district_pkey; Type: CONSTRAINT; Schema: slammer; Owner: slammer; Tablespace: 
--

ALTER TABLE ONLY "polling_district"
    ADD CONSTRAINT "polling_district_pkey" PRIMARY KEY ("id");


--
-- Name: polling_place_pkey; Type: CONSTRAINT; Schema: slammer; Owner: slammer; Tablespace: 
--

ALTER TABLE ONLY "polling_place"
    ADD CONSTRAINT "polling_place_pkey" PRIMARY KEY ("id");


--
-- Name: polling_station_pkey; Type: CONSTRAINT; Schema: slammer; Owner: slammer; Tablespace: 
--

ALTER TABLE ONLY "polling_station"
    ADD CONSTRAINT "polling_station_pkey" PRIMARY KEY ("id");


--
-- Name: realms_pkey; Type: CONSTRAINT; Schema: slammer; Owner: slammer; Tablespace: 
--

ALTER TABLE ONLY "realms"
    ADD CONSTRAINT "realms_pkey" PRIMARY KEY ("id");


--
-- Name: role_pkey; Type: CONSTRAINT; Schema: slammer; Owner: slammer; Tablespace: 
--

ALTER TABLE ONLY "role"
    ADD CONSTRAINT "role_pkey" PRIMARY KEY ("id");


--
-- Name: sessions_pkey; Type: CONSTRAINT; Schema: slammer; Owner: slammer; Tablespace: 
--

ALTER TABLE ONLY "sessions"
    ADD CONSTRAINT "sessions_pkey" PRIMARY KEY ("id");


--
-- Name: station_setup_list_pkey; Type: CONSTRAINT; Schema: slammer; Owner: slammer; Tablespace: 
--

ALTER TABLE ONLY "station_setup_list"
    ADD CONSTRAINT "station_setup_list_pkey" PRIMARY KEY ("id");


--
-- Name: station_setup_status_pkey; Type: CONSTRAINT; Schema: slammer; Owner: slammer; Tablespace: 
--

ALTER TABLE ONLY "station_setup_status"
    ADD CONSTRAINT "station_setup_status_pkey" PRIMARY KEY ("id");


--
-- Name: tracking_pkey; Type: CONSTRAINT; Schema: slammer; Owner: slammer; Tablespace: 
--

ALTER TABLE ONLY "tracking"
    ADD CONSTRAINT "tracking_pkey" PRIMARY KEY ("id");


--
-- Name: user_station_pkey; Type: CONSTRAINT; Schema: slammer; Owner: slammer; Tablespace: 
--

ALTER TABLE ONLY "user_station"
    ADD CONSTRAINT "user_station_pkey" PRIMARY KEY ("id");


--
-- Name: user_ward_pkey; Type: CONSTRAINT; Schema: slammer; Owner: slammer; Tablespace: 
--

ALTER TABLE ONLY "user_ward"
    ADD CONSTRAINT "user_ward_pkey" PRIMARY KEY ("id");


--
-- Name: users_pkey; Type: CONSTRAINT; Schema: slammer; Owner: slammer; Tablespace: 
--

ALTER TABLE ONLY "users"
    ADD CONSTRAINT "users_pkey" PRIMARY KEY ("id");


--
-- Name: ward_pkey; Type: CONSTRAINT; Schema: slammer; Owner: slammer; Tablespace: 
--

ALTER TABLE ONLY "ward"
    ADD CONSTRAINT "ward_pkey" PRIMARY KEY ("id");


--
-- Name: unique_login_name; Type: INDEX; Schema: slammer; Owner: slammer; Tablespace: 
--

CREATE UNIQUE INDEX "unique_login_name" ON "users" USING "btree" ("login_name");


--
-- Name: unique_sessions_link_user; Type: INDEX; Schema: slammer; Owner: slammer; Tablespace: 
--

CREATE INDEX "unique_sessions_link_user" ON "sessions" USING "btree" ("user_id");


--
-- Name: on_update_sessions; Type: TRIGGER; Schema: slammer; Owner: slammer
--

CREATE TRIGGER "on_update_sessions" BEFORE UPDATE ON "sessions" FOR EACH ROW EXECUTE PROCEDURE "updated_on_timestamp"();


--
-- Name: on_update_tracking; Type: TRIGGER; Schema: slammer; Owner: slammer
--

CREATE TRIGGER "on_update_tracking" BEFORE UPDATE ON "tracking" FOR EACH ROW EXECUTE PROCEDURE "updated_on_timestamp"();


--
-- Name: on_update_users; Type: TRIGGER; Schema: slammer; Owner: slammer
--

CREATE TRIGGER "on_update_users" BEFORE UPDATE ON "users" FOR EACH ROW EXECUTE PROCEDURE "updated_on_timestamp"();


--
-- Name: fk_sessions_link_user; Type: FK CONSTRAINT; Schema: slammer; Owner: slammer
--

ALTER TABLE ONLY "sessions"
    ADD CONSTRAINT "fk_sessions_link_user" FOREIGN KEY ("user_id") REFERENCES "users"("id") ON UPDATE CASCADE ON DELETE CASCADE;


--
-- PostgreSQL database dump complete
--

